{"n":"Rot in Their Ranks","lv":152,"maps":[],"steps":[{"i":1,"pts":[[-46.243515,-42.481026],[-46.10589,-42.541317],[-46.03661,-42.754612],[-46.20163,-42.12747],[-45.786823,-42.8537],[-45.83423,-43.128174],[-45.83922,-43.064926],[-45.97459,-42.0712],[-45.891922,-42.469765],[-45.81916,-42.786434]],"t":"You found a dead Orc with rot from the pale blight on it. You should search the camp for any additional signs of the blight spreading through the Orcs…","kz":{"c":8}},{"i":2,"pts":[[-46.361317,-39.271465]],"t":"You investigated Mokh Grazádh and found more Orcs that have died from the blight. Tálbiral nearby in Laivárth would likely want to hear about this."}]}