{"n":"Quieting South of the Easeful Mead","lv":95,"maps":[],"steps":[{"i":1,"pts":[[-78.62988,-39.32701],[-78.415596,-39.39078],[-78.239685,-39.30507],[-78.15079,-39.158943],[-78.20459,-38.96835],[-78.15416,-38.85831],[-78.40171,-38.907684],[-78.40441,-39.131874],[-78.3567,-39.282803],[-78.6171,-39.094334],[-78.555954,-38.919704],[-78.706085,-38.880177],[-78.68449,-38.160896],[-78.49862,-38.115173],[-78.25718,-38.12776],[-78.27196,-38.302586],[-78.47654,-38.39744],[-78.68867,-38.49843],[-78.54388,-38.556747],[-78.65703,-38.66784],[-78.48918,-38.676464],[-78.31284,-38.64617],[-78.21706,-38.507927],[-78.22429,-38.324608],[-78.4,-39.2],[-78.4,-38.399998],[-78.4,-39.2],[-78.4,-38.399998]],"t":"Quickbeam has asked you to quiet the forest south of the Easeful Mead.","kz":{"c":10}},{"i":2,"pts":[[-79.12934,-42.068123]],"t":"Quickbeam is at Derndingle in south-east Fangorn."}]}