{"n":"Cavern Drakes","lv":113,"maps":[],"steps":[{"i":1,"pts":[[12.029658,17.18626],[12.925839,16.213182],[12.482226,17.10539],[13.086816,17.990889],[13.722627,15.928164],[13.375234,17.10539],[13.548554,16.542196],[13.836728,17.990889],[14.245654,16.212343],[14.245654,17.10539],[15.113837,17.10539],[26.30623,-59.040493],[26.99914,-59.057217],[27.702402,-59.11888],[28.272264,-59.063416]],"t":"Nargroth is located in Talath Úrui. You should defeat fire-drakelings and destroy drakeling nests in Nargroth."},{"i":2,"pts":[[13.233408,16.003212],[13.645927,15.76873],[13.657773,16.240927],[13.269336,17.971914],[13.577969,17.533417],[13.502363,18.071934],[14.35583,16.141201],[14.147167,16.555311]],"t":"Nargroth is located in Talath Úrui. You should defeat fire-drakelings and destroy drakeling nests in Nargroth.","kz":{"c":10}}]}