{"n":"The Snarling Den","lv":120,"maps":[],"steps":[{"i":1,"pts":[[-53.540848,16.835468],[-53.79456,16.860527],[-53.471317,16.59165]],"t":"Ylgraf can be found on the northern edge of the Beorning-lands. You should defeat wargs and burn animal carcasses found at Ylgraf."},{"i":2,"pts":[[-53.743496,16.873047],[-53.381416,16.881836],[-53.25,17.109823],[-53.51246,16.66374],[-53.309277,16.78131],[-53.348534,16.93621],[-53.560303,17.138584],[-53.565105,17.005732],[-53.548428,17.131474],[-53.851562,16.792793],[-53.72751,17.033955],[-53.44415,16.559267]],"t":"Ylgraf can be found on the northern edge of the Beorning-lands. You should defeat wargs and burn animal carcasses found at Ylgraf.","kz":{"c":10}}]}