{"n":"News of the Host","lv":105,"maps":[],"steps":[{"i":1,"pts":[[-9.633506,-66.460785],[-9.543789,-65.862305],[-9.470595,-65.55543],[-8.485292,-65.80302],[-8.943525,-65.63157],[-9.050957,-65.40319],[-8.588398,-65.02656],[-8.976973,-65.02047],[-8.032187,-65.63256],[-8.06833,-64.871475],[-7.370781,-64.51308],[-7.0682516,-64.172585],[-6.225547,-65.41221],[-6.477705,-65.387344],[-5.360908,-65.867355],[-5.6402636,-64.733864],[-5.5825877,-64.34971],[-4.4581738,-64.56563],[-4.9325876,-64.908806],[-5.069844,-63.95451],[-4.684834,-64.24305],[-4.1688476,-64.538704]],"t":"Morgul lurkers can be found in the wooded land south of the after-battle Cross-roads. You should proclaim the King's return to any Morgul Orcs lurking…","kz":{"c":4}},{"i":2,"pts":[[-5.3687596,-63.130287]],"t":"You should talk to Angbor, who can be found at the after-battle Cross-roads."}]}