{"n":"The Source of the Madness","lv":81,"maps":[],"steps":[{"i":1,"pts":[[-66.22616,-45.029476],[-65.4754,-45.31282],[-65.848785,-45.071575],[-64.931595,-46.081707],[-65.11231,-45.802002],[-65.0232,-45.802002]]},{"i":2,"pts":[[-65.15032,-46.05488],[-64.88839,-46.018627],[-64.77409,-46.234344],[-64.781,-46.061592],[-64.92495,-45.404194],[-65.01975,-45.555027],[-65.04675,-45.833015],[-65.174416,-45.66602]],"t":"You should scour the Wódfen for clues to the source of the madness that has overcome the wildlife there.","kz":{"c":1}},{"i":3,"pts":[[-66.46086,-44.74012]],"t":"The entrance to the draugar's cave must be somewhere in the Wódfen. You should seek the entrance to the draugar's cave."}]}