{"n":"Exploring Ronglagam","lv":132,"maps":[],"steps":[{"i":1,"pts":[[-114.168594,-46.272987]],"t":"Varthmath can be found at Zidir-nesad, The Steepset, in Máttugard. You should talk to Varthmath at Zidir-nesad."},{"i":2,"pts":[[-115.238045,-46.674213]],"t":"Ronglagam can be found south-east of Zidir-nesad in Máttugard. You should travel to Ronglagam."},{"i":3,"pts":[[-115.189,-46.50452],[-115.14572,-46.59639],[-115.00491,-46.58261],[-115.4315,-46.69847],[-115.34288,-46.686924],[-115.39657,-46.570644],[-115.270424,-46.59666],[-115.25279,-46.503975],[-115.279526,-46.72052],[-115.14905,-46.541206],[-115.049706,-46.534164],[-115.26943,-46.545887],[-115.36038,-46.598835],[-115.30888,-46.652554]],"t":"Ronglagam can be found south-east of Zidir-nesad in Máttugard. You should defeat stone-claws and collect samples at Ronglagam.","kz":{"c":10}},{"i":4,"pts":[[-115.27865,-46.9476]],"t":"Varthmath can be found near Ronglagam in Máttugard. You should bring the samples to Varthmath."}]}