{"n":"Session -- Weathertop","lv":5,"maps":[],"steps":[{"i":1,"pts":[[-29.33868,-31.205019]],"t":"There is a horse in Ost Guruth that you feel compelled to seek out. &lt;rgb=#FF0000&gt;If defeated or time expires, you will return to the Horsefields…"},{"i":2,"pts":[[-37.27211,-31.454306],[-37.30458,-31.376112],[-37.239765,-31.271112],[-37.31908,-31.24912],[-37.313652,-31.07457],[-37.260838,-30.904306],[-36.777996,-31.643621],[-36.829384,-31.63456],[-36.787178,-31.780684],[-36.871677,-31.770292],[-36.92577,-31.739414],[-37.094734,-31.620506],[-36.696484,-31.738047],[-36.720028,-31.635849],[-36.60157,-31.64287],[-36.736904,-31.118242],[-36.779854,-31.041786],[-36.721066,-31.260263],[-36.74362,-31.36245],[-36.811543,-31.435663],[-36.950214,-31.343885],[-37.01903,-31.274834],[-37.077488,-31.309198],[-36.991444,-31.16959],[-36.83873,-31.026367]],"t":"The rare herb sought by Radagast's horse only grows in places of high elevation. The only place high enough for miles around Ost Guruth is the summit …","kz":{"c":3}},{"i":3,"pts":[[-29.33868,-31.205019]],"t":"Radagast's horse is found in Ost Guruth. &lt;rgb=#FF0000&gt;If defeated or time expires, you will return to the horsefields.&lt;/rgb&gt;"}]}