{"n":"Mastering the Forges","lv":109,"maps":["1879356003"],"steps":[{"i":1,"pts":[[54.883884,0.5795019,"1879356003"],[54.95717,0.8855761,"1879356003"],[54.63244,0.6972168,"1879356003"],[54.77367,0.5504297,"1879356003"],[54.57246,0.8933984,"1879356003"],[54.62324,0.7696289,"1879356003"],[54.762127,0.980664,"1879356003"],[54.98902,0.850498,"1879356003"],[54.78502,0.9188574,"1879356003"],[54.66865,0.98291016,"1879356003"],[55.02004,0.8154297,"1879356003"],[54.813614,0.8872754,"1879356003"],[55.020077,0.71773434,"1879356003"],[54.64449,0.81865233,"1879356003"],[54.64174,0.71835935,"1879356003"],[54.716248,0.88752925,"1879356003"],[54.813984,0.5118066,"1879356003"],[54.710564,0.5118457,"1879356003"],[54.883396,0.8150781,"1879356003"],[54.88332,0.71511716,"1879356003"],[54.710876,0.65155274,"1879356003"],[54.80828,0.647666,"1879356003"]],"t":"Firehorn smiths and their equipment can be found around the forges in the depths of the Oath-taker's Horn. Gimli has asked you to hinder the Firehorns…","kz":{"c":8}}]}