{"n":"Mission: Attack on the Armoury","lv":1,"maps":["1879409427","1879409428","1879409430"],"steps":[{"i":1,"pts":[[47.302322,65.99162,"1879409427"],[47.20822,67.75898,"1879409430"]],"t":"Use the summoning horn at the entrance to the fort to summon Ausma to your side."},{"i":2,"pts":[[47.302322,65.99162,"1879409427"],[47.20822,67.75898,"1879409430"]],"t":"You should talk to Ausma. &lt;rgb=#FF0000&gt;If Ausma is missing, and the Call Ausma skill is not available, try using the /pet release command.&lt;/r…"},{"i":3,"pts":[[47.35205,66.08715,"1879409427"],[47.38074,65.96031,"1879409427"],[47.318535,66.085175,"1879409427"],[47.38834,66.02465,"1879409427"],[47.579803,66.13469,"1879409427"],[47.519356,66.0592,"1879409427"],[47.651855,66.11115,"1879409427"],[47.33572,65.97621,"1879409427"],[47.583885,66.182144,"1879409427"],[47.459316,66.12256,"1879409427"],[47.420994,66.111206,"1879409427"],[47.38447,66.18277,"1879409427"],[47.634354,66.01808,"1879409427"],[47.624043,65.96129,"1879409427"],[47.680546,66.01662,"1879409427"],[47.51488,65.96875,"1879409427"],[47.579727,65.966324,"1879409427"],[47.681717,65.90625,"1879409427"],[47.630196,65.8832,"1879409427"],[47.570995,65.885056,"1879409427"],[47.53375,65.87689,"1879409427"],[47.469803,65.913376,"1879409427"],[47.413143,65.94713,"1879409427"],[47.372246,65.92002,"1879409427"],[47.736855,65.9,"1879409427"],[47.51699,66.12732,"1879409427"],[47.400135,65.76322,"1879409427"],[47.599686,66.23697,"1879409427"],[47.6007,65.762535,"1879409427"],[47.735996,66.10027,"1879409427"],[47.399666,66.23613,"1879409427"],[47.26361,66.10002,"1879409427"],[47.421368,66.0322,"1879409427"],[47.73654,66.002594,"1879409427"],[47.460957,66.00953,"1879409427"],[47.46959,65.87742,"1879409427"],[47.63074,65.98013,"1879409427"],[47.437656,66.07076,"1879409427"],[47.368065,66.125015,"1879409427"],[47.384823,66.035934,"1879409427"],[47.475235,66.12945,"1879409427"],[47.575798,65.93506,"1879409427"],[47.626385,66.06795,"1879409427"],[47.436405,65.87332,"1879409427"],[47.578125,66.03299,"1879409427"],[47.380703,65.82398,"1879409427"],[47.583027,65.82043,"1879409427"],[47.676834,65.881714,"1879409427"],[47.677673,65.98142,"1879409427"],[47.675995,66.08133,"1879409427"],[47.61988,66.17705,"1879409427"],[47.419178,66.17543,"1879409427"],[47.324062,66.11939,"1879409427"],[47.498943,65.94365,"1879409427"],[47.419746,65.81433,"1879409427"],[47.369587,65.883,"1879409427"],[47.482693,65.93369,"1879409427"],[47.511562,65.855255,"1879409427"],[47.587578,65.95055,"1879409427"],[47.62,65.816284,"1879409427"],[47.613476,65.85244,"1879409427"],[47.65451,65.906265,"1879409427"],[47.654472,66.010956,"1879409427"],[47.540604,66.01357,"1879409427"],[47.58875,66.065704,"1879409427"],[47.6832,66.11992,"1879409427"],[47.58918,66.15238,"1879409427"],[47.532303,66.11441,"1879409427"],[47.46092,66.07043,"1879409427"],[47.391953,66.15365,"1879409427"],[47.346638,66.09613,"1879409427"],[47.444355,65.99619,"1879409427"],[47.302322,65.99162,"1879409427"],[47.20822,67.75898,"1879409430"]],"t":"Destroy Orc weapons and armour in Ashmâr-zarakh with Ausma. &lt;rgb=#FF0000&gt;If Ausma is missing, and the Call Ausma skill is not available, try usi…"},{"i":4,"pts":[[47.302322,65.99162,"1879409427"],[47.20822,67.75898,"1879409430"]],"t":"You have destroyed many weapons and suits of armour, but the fort is just too large to destroy it all. You should talk to Ausma. &lt;rgb=#FF0000&gt;If…"},{"i":5,"pts":[[47.320312,65.89488,"1879409427"],[47.302322,65.99162,"1879409427"],[47.20822,67.75898,"1879409430"]],"t":"You have heard some commotion coming from the floor above you. You should find the way up to the second floor. &lt;rgb=#FF0000&gt;If Ausma is missing,…"},{"i":6,"pts":[[47.302322,65.99162,"1879409427"],[47.20822,67.75898,"1879409430"]],"t":"You should talk to Ausma. If you somehow become separated from Ausma, use the summoning horn at the fort entrance to summon her to your side. &lt;rgb=…"},{"i":7,"pts":[[47.4532,66.19834,"1879409428"],[47.302322,65.99162,"1879409427"],[47.20822,67.75898,"1879409430"]],"t":"You have learned that all of the missing Orcs are upstairs, and drunk! You should sneak past the drunk Orcs and find the quartermaster. &lt;rgb=#FF000…"},{"i":8,"pts":[[47.302322,65.99162,"1879409427"],[47.20822,67.75898,"1879409430"]],"t":"You have reached the third floor of the fort. You should find and defeat Quartermaster Khorglam with Ausma. &lt;rgb=#FF0000&gt;If Ausma is missing, an…","kz":{"c":1}}]}