{"n":"A Lot of Bull","lv":80,"maps":[],"steps":[{"i":1,"pts":[[-64.5135,-50.8128],[-64.30713,-51.493652],[-64.18943,-51.183964],[-60.015488,-49.933662],[-60.008877,-49.24303],[-60.222168,-49.40763]]}]}