{"n":"Anglach: Four to Open","lv":108,"maps":["1879354373"],"steps":[{"i":1,"pts":[[55.426796,72.96687,"1879354373"],[55.205235,73.074455,"1879354373"],[54.55703,73.30371,"1879354373"],[54.59926,72.322014,"1879354373"],[54.796036,72.22658,"1879354373"]],"t":"Search for more such stones and try to determine their purpose within Anglach in Udûn."},{"i":2,"pts":[[54.816032,72.23822,"1879354373"],[54.796036,72.22658,"1879354373"]],"t":"Try to determine the strange stones' purpose within Anglach in Udûn."},{"i":3,"pts":[[54.816032,72.23822,"1879354373"]],"t":"The door you opened held a great fire grim within it!","kz":{"c":1}}]}