{"n":"Everything Goes Boom","lv":1,"maps":[],"steps":[{"i":1,"pts":[[-60.776405,-54.20843],[-60.543613,-54.195602],[-60.655262,-54.440605],[-60.586826,-54.513084],[-60.342636,-54.45132],[-60.217255,-54.365036],[-60.295235,-54.154182],[-60.14121,-54.200363],[-60.603096,-54.156155],[-60.810448,-54.195126],[-60.42692,-54.550575],[-60.295906,-54.42109],[-60.197067,-54.274982]],"t":"Defeat goblins and destroy catapults and cauldrons in Glúkroz.","kz":{"c":14}},{"i":2,"pts":[[-60.223164,-54.093063]],"t":"Find and defeat Korutásh, leader of the goblins in Glúkroz.","kz":{"c":1}}]}