{"n":"Seeking Dúrossul","lv":113,"maps":[],"steps":[{"i":1,"pts":[[13.0137205,17.137207],[13.055869,17.465282],[12.7968645,17.222315],[13.481328,17.707714],[13.270214,17.51748],[13.3328905,18.012304],[13.441172,18.177744]],"t":"Vents can be found in Nargroth. You should destroy vents to attract Dúrossul's attention."},{"i":2,"pts":[[14.238964,17.856016],[14.220234,17.855938]],"t":"Vents can be found in Nargroth. You should destroy vents to attract Dúrossul's attention.","kz":{"c":1}},{"i":3,"pts":[[12.040664,17.208202]],"t":"The Watching Stone can be found in Nargroth. You should return to the Watching Stone."}]}