{"n":"Instance: Heirloom of Rhudaur","lv":107,"maps":["1879193366"],"steps":[{"i":1,"pts":[[51.760273,13.348555,"1879193366"],[51.967617,13.7961035,"1879193366"],[52.038864,13.881348,"1879193366"],[51.954765,13.988652,"1879193366"]],"t":"There must be some way to get into the innermost chamber of the Lost Temple, where Elrond believes the corrupted cup might be redeemed."},{"i":2,"pts":[[51.729862,13.823515,"1879193366"]],"t":"Fithákh, a cultist of the Corcur, has gained entrance to the innermost chamber of the Lost Temple. She seems to be expecting someone."},{"i":4,"pts":[[51.726562,13.750078,"1879193366"],[51.729862,13.823515,"1879193366"]],"t":"You have done what you set out to do, and now you can either leave the chamber with haste or put an end to Fithákh's villainy.","kz":{"c":1}}]}