{"n":"Warding the Dead","lv":100,"maps":["1879316661"],"steps":[{"i":1,"pts":[[-51.80253,-69.08067,"1879316661"],[-52.043514,-68.91407,"1879316661"],[55.698807,40.668633],[55.516815,40.768925]],"t":"Ancient structures can be found in Dâr Matum and the western end of Nimrond. You should expel the Dead from structures in the north-western part of Ri…","kz":{"c":8}},{"i":2,"pts":[[-50.13327,-72.03373,"1879316661"]],"t":"Arvaethor is in the village of Ethring. You should speak with Arvaethor."}]}