{"n":"Concerning Spiders","lv":115,"maps":[],"steps":[{"i":1,"pts":[[-38.524452,18.972128],[-44.07527,13.453398],[-35.999832,18.249102],[-44.11076,13.813887],[-44.059715,13.8189745],[-44.096775,13.946982],[-44.03868,13.953808],[-38.904636,19.08421],[-39.00461,19.126474],[-38.786728,19.051836],[-38.791103,19.018232],[-38.71041,19.010555],[-36.01625,18.403994],[-35.890163,18.33041],[-35.832058,18.30291],[-35.799786,18.202724],[-35.887012,18.146544]],"t":"Known spider dens can be found throughout Eryn Lasgalen. You should search the woods and remaining spider-dens for spiders.","kz":{"c":6}},{"i":2,"pts":[[-127.15713,48.24119]],"t":"Thranduil can be found in the halls of Felegoth. You should return to Thranduil."}]}