{"n":"Chopping the Woods","lv":1,"maps":[],"steps":[{"i":1,"pts":[[-53.399216,-53.306507],[-53.63705,-53.4596],[-53.484657,-53.413475],[-53.83317,-53.447258],[-53.8012,-53.28014],[-53.80171,-53.620075],[-53.50571,-52.96105],[-53.681816,-52.89309],[-53.804558,-53.058952],[-53.90453,-52.858196],[-53.771755,-52.603195],[-53.63779,-52.719997]],"t":"Defeat Huorns in the afflicted Moulder-grove and set aflame their saplings.","kz":{"c":12}},{"i":2,"pts":[[-53.369003,-52.164482]],"t":"Find and defeat Totâkhri, the Rotted Root.","kz":{"c":1}}]}