{"n":"Out of Their Depth","lv":100,"maps":[],"steps":[{"i":1,"pts":[[-37.345585,-84.52888],[-37.543262,-84.58098],[-37.97709,-84.65479],[-37.71748,-84.774315],[-37.415554,-84.76351],[-37.388573,-85.03634],[-37.386883,-84.515945],[-37.218163,-84.62354],[-37.701687,-84.88162],[-37.23415,-84.91123],[-37.968582,-84.606674],[-37.669727,-84.12102],[-37.518074,-84.171776],[-37.470886,-84.152885],[-37.476093,-83.95211],[-37.600548,-83.98627],[-37.290615,-84.27006],[-37.778046,-84.18935],[-37.039112,-84.607315],[-36.830723,-84.63198],[-36.816406,-84.873825],[-36.59997,-84.7157],[-37.099766,-84.89341],[-36.885536,-84.37494]],"t":"Hata Kebir can be found far to the south-east of Ost Anglebed in Lebennin. Nimithil has asked you to assault the Haradrim and Corsair forces in Hata K…","kz":{"c":4}},{"i":2,"pts":[[-39.393494,-79.37334]],"t":"Nimithil can be found in Ost Anglebed in north-central Lebennin. You have slain many of the forces in Hata Kebir and set flame to their banners. You s…"}]}