{"n":"Vanished In Zahûmakh","lv":1,"maps":[],"steps":[{"i":1,"pts":[[-57.692528,-43.7594]],"t":"Investigate Zahûmakh for signs of the travellers."},{"i":2,"pts":[[-57.82693,-43.646976],[-57.712616,-43.841545],[-57.635887,-44.287544],[-57.70289,-44.221348],[-57.876335,-43.9066],[-57.76374,-44.003044],[-57.71239,-44.296623],[-57.59698,-44.233196],[-57.42702,-44.249783]],"t":"Aid the travellers, grab their packs, and fight off any marsh-striders who get in your way.","kz":{"c":7}},{"i":3,"pts":[[-57.663025,-44.330296]],"t":"Make your way out of Zahûmakh."}]}