{"n":"Routing the Lurkers","lv":105,"maps":[],"steps":[{"i":1,"pts":[[-18.846767,-67.86419],[-18.910976,-67.83776],[-18.98907,-67.83598],[-19.132666,-67.84023],[-18.293858,-67.66131],[-18.282305,-67.700195],[-18.397343,-67.707306],[-18.521826,-67.702965],[-18.64082,-67.82278],[-18.722246,-67.84235],[-18.143066,-67.46545],[-18.23036,-67.57346],[-18.184599,-67.42627],[-18.152832,-67.52447],[-18.380684,-67.53736],[-17.708857,-67.21151],[-17.75877,-67.2651],[-17.648212,-67.08178],[-17.934902,-67.33363],[-17.795225,-67.2775],[-17.71039,-67.41775],[-17.858192,-67.507545],[-17.73416,-67.45965],[-17.248896,-66.73736],[-17.268593,-66.74953],[-17.357353,-66.67069],[-17.380234,-66.69093],[-17.509443,-63.78999],[-17.828194,-64.03569],[-17.320303,-64.0167],[-17.579472,-64.252556],[-17.40996,-64.00462],[-17.329258,-64.27024],[-17.43,-64.035255],[-16.746025,-66.374146],[-16.823612,-66.47537],[-16.814463,-66.45005],[-17.176523,-66.12641],[-16.799755,-66.400955],[-16.885674,-66.23797],[-17.13869,-66.17285],[-17.148174,-66.0868],[-16.92498,-66.25025],[-16.887226,-66.1979],[-16.553223,-65.53779],[-16.572989,-65.979706],[-16.522108,-65.70577],[-16.544697,-65.50849],[-16.459911,-65.34055],[-16.499521,-65.323395],[-16.544737,-65.86096],[-16.466738,-65.89063],[-17.00703,-64.730515],[-17.022198,-65.066475],[-16.936054,-64.8459],[-16.797812,-64.72027],[-16.768877,-64.85871],[-16.788954,-65.04515]],"t":"Signs of Morgul Lurkers can be found throughout the First Circle in Minas Tirith. Imrahil has asked you to root out and defeat any enemy forces that m…","kz":{"c":8}},{"i":2,"pts":[[-16.330448,-65.601006]],"t":"Imrahil can be found outside the front gates of Minas Tirith. You should speak with Imrahil."}]}