{"n":"Year 7 Travels: Places of Battle","lv":0,"maps":[],"steps":[{"i":1,"pts":[[-18.48076,-30.164082],[-18.302324,-30.34996],[-18.116436,-30.139305],[-16.597168,-28.993095],[-16.257938,-29.357616],[-16.304296,-28.819862],[-16.063358,-28.792929],[-13.125966,-29.499882],[-12.303242,-29.708925],[-11.946084,-28.859354],[-12.001679,-28.67082],[-11.482558,-30.190214],[-55.96919,-8.044863],[-55.966972,-7.89249],[-55.964188,-8.044863],[-55.96197,-7.89249],[-55.764736,-6.468408],[-55.759735,-6.468408],[-56.053116,-5.7557516],[-56.048115,-5.7557516],[-55.183125,-7.542861],[-55.353542,-7.2125974],[-55.14788,-6.818476],[-55.178123,-7.542861],[-55.348545,-7.2125974],[-55.14288,-6.818476],[-55.219883,-6.0524216],[-55.219795,-6.054629],[-54.59329,-7.099619],[-54.58829,-7.099619],[-54.69406,-6.411123],[-54.68906,-6.411123],[-53.87832,-7.242715],[-53.873318,-7.242715],[-53.92659,-6.3579493],[-53.92159,-6.3579493],[-68.475204,-25.68665],[-68.49111,-25.598173],[-68.47021,-25.68665],[-68.486115,-25.598173],[-67.730194,-27.21332],[-67.672356,-27.183466],[-67.7252,-27.21332],[-67.66735,-27.183466],[-67.75646,-26.045732],[-68.01913,-26.082129],[-67.75146,-26.045732],[-68.01413,-26.082129],[-67.81661,-25.233974],[-67.63606,-25.71205],[-67.81154,-25.561386],[-67.81161,-25.233974],[-67.64125,-25.71205],[-67.80653,-25.561386],[-67.5425,-26.503515],[-67.4706,-26.214071],[-67.302826,-26.267422],[-67.537506,-26.503515],[-67.4656,-26.214071],[-67.29783,-26.267422],[-11.234511,-62.932777],[-11.195723,-63.066433],[-10.352675,-63.103806],[-10.775918,-62.40382],[-10.224755,-62.462635],[-9.244121,-63.10992],[-9.682422,-63.09662],[-8.494746,-63.023212],[-8.718418,-63.00278],[-8.122402,-63.65153],[-7.054326,-63.399364],[-7.5395703,-63.049206],[-11.168164,-63.68592],[-11.072793,-62.94054],[-11.553877,-63.03498],[-10.427705,-62.29556],[-9.563848,-62.968525],[-9.952978,-63.0787],[-8.40959,-63.045654],[-8.902001,-63.199116],[-8.623916,-62.61128],[-7.915127,-62.282528],[-6.8271093,-63.014553],[-6.8210645,-63.07902],[-2.8585546,-88.0004],[-2.8767188,-88.31156],[-3.0265918,-88.10359],[-3.1646972,-87.90752],[-3.4136815,-88.06265],[-3.42875,-87.95561],[-3.0132616,-87.48292],[-2.73625,-87.75164],[-2.380674,-88.07481],[-2.3838964,-87.91609],[-90.875916,-54.107224],[-91.064224,-53.858913],[-90.06603,-54.673943],[-90.08121,-54.327366],[-90.090294,-54.094963],[-90.147964,-54.06981],[-90.567986,-54.377373],[-90.461365,-54.456913],[-90.0765,-53.92245],[-89.74777,-54.298378],[-89.33255,-63.715252],[-89.42073,-63.768337],[-89.28139,-63.554184],[-88.76588,-65.803444],[-89.169785,-64.312744],[-88.94971,-64.15754],[-88.41873,-63.982075],[-88.89238,-63.94935],[-89.12889,-63.121014],[-88.498825,-63.07979],[-89.07244,-63.342426],[-88.014435,-64.01499],[-3.2012205,-79.85074],[-3.343252,-79.16461],[-3.2033398,-78.466576],[-2.4923828,-81.159935],[-2.5055468,-80.79307],[-2.5146387,-80.01052],[-2.225293,-79.17395],[-2.505742,-78.27036],[-1.809834,-79.8577],[-1.3362793,-79.1626],[-1.9692285,-79.16192],[-1.8005567,-78.45629],[-90.283905,-46.44336],[-90.36486,-44.701504],[-89.67208,-47.68108],[-89.51988,-46.894634],[-89.38283,-46.826073],[-89.79569,-46.33432],[-89.31433,-45.526043],[-89.801895,-44.799072],[-89.08099,-46.451035],[-88.73309,-45.8459],[-88.99193,-45.563324],[-88.89231,-44.630898],[-34.25238,-84.08031],[-34.39256,-83.481026],[-34.69371,-83.10527],[-33.828552,-84.02556],[-33.267166,-83.65912],[-33.27196,-83.889206],[-33.776035,-83.536736],[-32.716385,-83.72221],[-32.537647,-83.81356],[-31.978554,-82.96984],[-32.09738,-83.45786],[-31.851074,-82.75423],[-19.434687,-71.93209],[-19.317324,-71.912575],[-18.359922,-71.344025],[-17.607529,-59.402798],[-17.533428,-59.501667],[-16.323086,-65.50862],[-16.155333,-65.6556],[-14.947881,-67.38298],[-15.446933,-64.28238],[-15.120312,-64.0792],[-13.352744,-62.97591],[-13.270888,-63.0657],[-16.202168,-65.553024],[-16.03962,-65.643974],[-15.358564,-69.68307],[-15.331963,-69.02663],[-15.195234,-68.16788],[-14.934287,-67.384],[-15.074951,-65.948906],[-14.3628025,-67.895836],[-14.047891,-65.63611],[-14.223672,-65.6984],[-14.66747,-65.638916],[-13.451338,-63.022934]],"t":"Cards hang from the Party Tree. Each card contains a scavenger hunt to complete at your own pace."}]}