{"n":"Warband: Besengan","lv":80,"maps":[],"steps":[{"i":1,"pts":[[-62.44043,-51.142536],[-62.49528,-50.304214],[-61.456863,-50.368935]]}]}