{"n":"A Sister's Request","lv":143,"maps":[],"steps":[{"i":1,"pts":[[-88.44787,-69.577545],[-88.40963,-69.634926],[-88.49931,-69.61335],[-88.639175,-69.71481],[-88.494644,-69.74681],[-88.43914,-69.68566],[-88.526085,-69.77547],[-88.581856,-69.775406],[-88.54469,-69.6571],[-88.8976,-69.413536],[-88.95448,-69.459656],[-88.984764,-69.49524],[-88.95794,-69.382645],[-88.99732,-69.277466],[-89.02389,-69.23694],[-88.90019,-69.456024],[-88.942986,-69.21097],[-88.90705,-69.23259]],"t":"Gella asked you to gather lavender anemones near the pond and white anemones near the keep in Lond Cirion."},{"i":2,"pts":[[-88.44404,-69.53638]]}]}