{"n":"Daily Request: A Casual Study","lv":115,"maps":["1879341325"],"steps":[{"i":1,"pts":[[28.371836,-51.417706,"1879341325"],[27.78793,-51.33033,"1879341325"],[28.232695,-51.221073,"1879341325"],[28.764061,-51.69003,"1879341325"],[28.640507,-51.94763,"1879341325"],[29.101015,-51.9581,"1879341325"],[29.026133,-51.218445,"1879341325"],[28.761854,-51.388382,"1879341325"],[29.161913,-51.28942,"1879341325"],[28.479511,-51.288704,"1879341325"],[29.735762,-51.635517,"1879341325"],[29.603222,-51.277435,"1879341325"],[29.824354,-51.27194,"1879341325"],[29.71168,-50.984325,"1879341325"],[29.213614,-50.982803,"1879341325"],[29.925488,-50.023342,"1879341325"],[29.236113,-50.42028,"1879341325"],[30.140585,-51.134525,"1879341325"],[30.488691,-51.029633,"1879341325"],[30.22742,-50.780205,"1879341325"],[30.312656,-50.377735,"1879341325"],[30.773808,-50.50763,"1879341325"],[30.342655,-50.52804,"1879341325"],[30.37871,-49.590508,"1879341325"],[30.4883,-49.961327,"1879341325"],[30.889902,-50.827793,"1879341325"],[31.134277,-51.090508,"1879341325"],[31.259277,-50.657722,"1879341325"],[31.163631,-50.11332,"1879341325"],[31.53373,-50.334305,"1879341325"],[30.858398,-49.743603,"1879341325"],[31.55584,-49.751926,"1879341325"],[31.867636,-51.30742,"1879341325"],[32.205975,-51.370872,"1879341325"],[31.61455,-51.136375,"1879341325"],[31.734413,-50.677036,"1879341325"],[25.853281,-55.35163,"1879341325"],[28.451992,-51.598267,"1879341325"],[26.356503,-55.512997,"1879341325"],[28.798086,-52.055244,"1879341325"]],"t":"Tancram has asked you to defeat boars and wolves in plague-ridden Agarnaith, and to &lt;rgb=#00FF00&gt;look&lt;/rgb&gt; at several other creatures in …","kz":{"c":4}},{"i":2,"pts":[[55.03291,14.809375]],"t":"Tancram is in the Hall of the King."}]}