{"n":"Nargroth Devoted","lv":113,"maps":[],"steps":[{"i":1,"pts":[[12.029658,17.18626],[12.925839,16.213182],[12.482226,17.10539],[13.086816,17.990889],[13.722627,15.928164],[13.375234,17.10539],[13.548554,16.542196],[13.836728,17.990889],[14.245654,16.212343],[14.245654,17.10539],[15.113837,17.10539],[26.30623,-59.040493],[26.99914,-59.057217],[27.702402,-59.11888],[28.272264,-59.063416]],"t":"Nargroth is located in Talath Úrui. You should defeat Regmyl and destroy shrines to Borangos."},{"i":2,"pts":[[13.7547455,17.173222],[13.664326,17.103231],[13.755107,17.0371],[14.4167185,16.39208],[14.417002,16.496485],[14.112011,17.908398],[14.112637,17.805693]],"t":"Nargroth is located in Talath Úrui. You should defeat Regmyl and destroy shrines to Borangos.","kz":{"c":8}}]}