{"n":"A Bumpy Road","lv":38,"maps":[],"steps":[{"i":1,"pts":[[-14.842285,-36.676815],[-14.898261,-36.683807],[-14.865332,-36.138184],[-14.886826,-36.25283],[-14.693632,-37.60048],[-14.715332,-37.66365],[-14.654306,-37.146935],[-14.668681,-37.095966],[-14.256933,-36.06834],[-14.202099,-36.095585],[-14.635595,-35.93196],[-14.666748,-35.951466],[-13.586387,-36.07665],[-13.608086,-36.091698],[-12.810683,-36.029835],[-12.727695,-35.97009],[-14.824814,-36.717773],[-14.884004,-36.195213],[-14.117822,-38.550343],[-14.132568,-38.5196],[-14.697871,-37.64082],[-14.66208,-37.072647],[-14.171581,-36.067608],[-14.649882,-35.938816],[-13.663525,-36.09286],[-12.759277,-35.99831]],"t":"The road runs north of Echad Candelleth and south through Tâl Bruinen. The road that runs through Tâl Bruinen often becomes choked with brambles and t…","kz":{"c":4}},{"i":2,"pts":[[-14.310361,-36.956074]],"t":"Bainthir is at Echad Candelleth, the Elf-camp in Tâl Bruinen. You have helped clear the road which runs through Tâl Bruinen of many hazards and should…"}]}