{"n":"Sûhalar on the Forant","lv":100,"maps":[],"steps":[{"i":1,"pts":[[-16.001268,-59.10658],[-16.075361,-59.181633],[-15.654081,-58.34538],[-15.765165,-58.48581],[-15.798739,-58.56442],[-15.8841305,-58.718864],[-15.836465,-58.645096],[-15.375615,-58.0578],[-15.44332,-58.155483],[-15.529014,-58.22751]],"t":"Easterlings can be found across the River Forant in southern Talath Anor. You should defeat Sûhalar patrols and destroy Easterling barricades.","kz":{"c":4}},{"i":2,"pts":[[-17.5804,-59.3654]],"t":"Ingold can be found at the northern gate of the Rammas. You should speak with Ingold."}]}