{"n":"Kergrim on the Road","lv":1,"maps":[],"steps":[{"i":1,"pts":[[-72.04597,-21.154697],[-72.0648,-21.132206],[-72.06198,-21.110039],[-72.018585,-21.190643],[-72.06524,-21.184883],[-72.09218,-21.126728],[-72.02585,-21.135057],[-72.05519,-21.162666],[-72.03782,-21.174238],[-72.02477,-21.146776],[-72.02177,-21.168758]],"t":"Your mission is to travel to Tûkurdul and recover supplies that got ransacked and save the driver if you can. Of course you should slay any kergrim yo…","kz":{"c":8}}]}