{"n":"Instance: The Path of Aearil","lv":50,"maps":["1879103503"],"steps":[{"i":1,"pts":[[53.201973,32.40084,"1879103503"]],"t":"Speak to Saija inside of Halla-kolo."},{"i":2,"pts":[[51.500996,33.146603,"1879103503"]],"t":"Search Halla-kolo for the ring Narchuil.","kz":{"c":1}},{"i":3,"pts":[[51.603767,32.636074,"1879103503"]],"t":"Search Halla-kolo for the ring Narchuil."}]}