{"n":"Thieves of Antiquity","lv":1,"maps":[],"steps":[{"i":1,"pts":[[-89.859604,-18.40623],[-89.65319,-18.283827],[-89.71165,-18.410858],[-89.73585,-18.207666],[-89.2849,-18.57211],[-89.7091,-18.520733],[-89.81886,-18.743505],[-89.80108,-18.115438]],"t":"Defeat the thieving Corsairs to stop them from digging up more artifacts, and collect the relics they have already uncovered to return them to the Amb…","kz":{"c":12}}]}