{"n":"Mission: Storm Swept","lv":1,"maps":["1879420251"],"steps":[{"i":1,"pts":[[-74.981636,51.622967,"1879420251"],[-75.12998,51.57535,"1879420251"],[-75.25765,51.468163,"1879420251"],[-75.269485,51.618885,"1879420251"],[-75.40243,51.731716,"1879420251"],[-75.37096,51.5824,"1879420251"],[-75.07593,51.727245,"1879420251"],[-75.13044,51.860703,"1879420251"],[-75.27309,51.91904,"1879420251"],[-75.41061,52.078846,"1879420251"],[-75.73662,51.64293,"1879420251"]],"t":"You should defeat snow-beasts and destroy slop barrels within the cavern.","kz":{"c":12}},{"i":2,"pts":[[-74.865845,51.598747,"1879420251"]],"t":"You should regroup near the entrance to the cave."}]}