{"n":"Year 8 Tales: Gimli","lv":0,"maps":["1879112075"],"steps":[{"i":1,"pts":[[-4.122607,-24.883583,"1879112075"],[-5.428027,-29.394335],[-5.423027,-29.394335],[-5.7596774,-29.143085],[-5.754678,-29.143085],[-4.8048143,-29.866356],[-4.799814,-29.866356],[-3.9296875,-30.15373],[-3.9246874,-30.15373],[-3.6933105,-29.700663],[-3.6883104,-29.700663],[51.652145,66.87504],[51.64959,66.8725],[-105.22679,-4.75166],[-78.501305,-11.33752],[-78.361855,-11.50916],[-67.811714,-11.954648],[-64.68689,-17.460274],[-66.88195,-15.417851],[-64.70127,-17.467655],[-69.4343,-41.726376],[-67.59069,-42.44371],[-65.74484,-42.66269],[-64.22088,-46.035736],[-62.301933,-46.401203],[-58.88993,-49.641308],[-57.869373,-50.346634],[-55.89418,-50.191284],[-54.55544,-50.07335],[-53.707695,-50.7893],[-52.978672,-50.658264]],"t":"Cards hang from the Party Tree. Each card contains a scavenger hunt to complete at your own pace.","kz":{"c":42}}]}