{"n":"Mission: Buried, but Not Forgotten","lv":1,"maps":["1879417814"],"steps":[{"i":1,"pts":[[46.920036,60.93906,"1879417814"],[46.82783,60.912987,"1879417814"],[46.62465,60.90332,"1879417814"],[46.535294,61.019608,"1879417814"],[46.629295,61.13617,"1879417814"],[46.38447,61.220486,"1879417814"],[46.323418,61.34797,"1879417814"],[46.585194,61.32951,"1879417814"],[46.67654,61.48529,"1879417814"],[46.771072,61.476093,"1879417814"],[46.97996,61.460938,"1879417814"]],"t":"Record etchings from the dwarf-sarcophagi in Atkat-darag, and defeat the tomb-robbers.","kz":{"c":12}},{"i":2,"pts":[[47.0392,61.201855,"1879417814"]],"t":"You should return to the entrance of the tomb."}]}