{"n":"Eyes Out of the Sky","lv":83,"maps":["1879244935"],"steps":[{"i":1,"pts":[[-63.720253,-53.851955,"1879244935"],[-63.89403,-53.88159,"1879244935"],[-64.152664,-53.93501,"1879244935"],[-64.33444,-53.934906,"1879244935"],[-63.833847,-53.659824,"1879244935"],[-63.771797,-53.473457,"1879244935"],[-63.997585,-53.34914,"1879244935"],[-64.25163,-53.31019,"1879244935"],[-63.62124,-53.679222,"1879244935"],[-64.361855,-53.65997,"1879244935"],[-64.09054,-53.619865,"1879244935"],[-64.18334,-53.548965,"1879244935"],[-63.387653,-55.95881,"1879244935"],[-63.29486,-56.02971,"1879244935"],[-62.825554,-56.08907,"1879244935"],[-63.038162,-56.069668,"1879244935"],[-63.09836,-56.29144,"1879244935"],[-62.92457,-56.261806,"1879244935"],[-63.35698,-56.344852,"1879244935"],[-62.976112,-55.8833,"1879244935"],[-63.56618,-56.069813,"1879244935"],[-63.53877,-56.34475,"1879244935"],[-63.455944,-55.72003,"1879244935"],[-63.201912,-55.758987,"1879244935"]],"t":"The crebain and traps can be found to the south-west of Garsfeld. Gísil wants you to defeat the crebain that have flocked around Garsfeld and bait tra…","kz":{"c":10}},{"i":2,"pts":[[-146.00102,-38.890244]],"t":"Gísil can be found in the Mead Hall of Garsfeld. You should return to Gísil and let him know that you have done as he directed."}]}