{"n":"Chapter 10.11: The Lessons of Memory","lv":150,"maps":["1879491720"],"steps":[{"i":1,"pts":[[-81.00137,-21.86748,"1879491720"],[-80.98662,-22.152967,"1879491720"],[-81.279785,-22.555439,"1879491720"],[-81.102776,-22.39414,"1879491720"],[-81.099365,-22.402832,"1879491720"]],"t":"Girhâzi gave a number of tasks to your travelling companions for them to complete in order to earn the trust of her people, and to learn valuable info…"},{"i":2,"pts":[[-77.61522,-27.46,"1879491720"],[-85.05088,-24.093485,"1879491720"],[-78.70783,-23.540606,"1879491720"],[-71.27231,-30.025585,"1879491720"]],"t":"Your companions have been given a number of places to scout and enemies to defeat there: at the eastern side of the Wrackwade in the camp of Sûru, an …","kz":{"c":6}},{"i":3,"pts":[[-145.9997,54.733906]],"t":"Girhâzi waits for your successful return in Iridír."}]}