{"n":"The Biggest Stomach of Them All (Part V)","lv":0,"maps":[],"steps":[{"i":1,"pts":[[-95.48758,12.305459]],"t":"The last station is just under the bridge. You should run to the last station and begin eating."},{"i":2,"pts":[[-95.47843,12.2908],[-95.478424,12.302138],[-95.49531,12.299863],[-95.462265,12.299678],[-95.63096,12.199961],[-95.37057,12.027734],[-95.26732,12.165615],[-95.42699,12.246201],[-95.463524,12.293974],[-95.49365,12.296533],[-95.49339,12.292548],[-95.47824,12.300156],[-95.47611,12.289931],[-95.4625,12.298447],[-95.46118,12.289931],[-95.4608,12.291914],[-95.46067,12.30209],[-95.47759,12.295029],[-95.47623,12.301943],[-95.49315,12.294697],[-95.49552,12.301728],[-95.47819,12.297597],[-95.47569,12.300117],[-95.49314,12.298506],[-95.495575,12.290527],[-95.46308,12.296396],[-95.46341,12.291299],[-95.46119,12.294346],[-95.47613,12.292812],[-95.47549,12.295576],[-95.47848,12.293164],[-95.49648,12.297803],[-95.49529,12.293496]],"t":"A lovely array of different foods can be found at each eating station. You should eat five foods at the fifth station -- any foods you like."},{"i":3,"pts":[[-95.47843,12.2908],[-95.478424,12.302138],[-95.49531,12.299863],[-95.462265,12.299678],[-95.63096,12.199961],[-95.37057,12.027734],[-95.26732,12.165615],[-95.42699,12.246201],[-95.463524,12.293974],[-95.49365,12.296533],[-95.49339,12.292548],[-95.47824,12.300156],[-95.47611,12.289931],[-95.4625,12.298447],[-95.46118,12.289931],[-95.4608,12.291914],[-95.46067,12.30209],[-95.47759,12.295029],[-95.47623,12.301943],[-95.49315,12.294697],[-95.49552,12.301728],[-95.47819,12.297597],[-95.47569,12.300117],[-95.49314,12.298506],[-95.495575,12.290527],[-95.46308,12.296396],[-95.46341,12.291299],[-95.46119,12.294346],[-95.47613,12.292812],[-95.47549,12.295576],[-95.47848,12.293164],[-95.49648,12.297803],[-95.49529,12.293496]],"t":"A lovely array of different foods can be found at each eating station. You should eat five foods at the fifth station -- any foods you like."},{"i":4,"pts":[[-95.47843,12.2908],[-95.478424,12.302138],[-95.49531,12.299863],[-95.462265,12.299678],[-95.63096,12.199961],[-95.37057,12.027734],[-95.26732,12.165615],[-95.42699,12.246201],[-95.463524,12.293974],[-95.49365,12.296533],[-95.49339,12.292548],[-95.47824,12.300156],[-95.47611,12.289931],[-95.4625,12.298447],[-95.46118,12.289931],[-95.4608,12.291914],[-95.46067,12.30209],[-95.47759,12.295029],[-95.47623,12.301943],[-95.49315,12.294697],[-95.49552,12.301728],[-95.47819,12.297597],[-95.47569,12.300117],[-95.49314,12.298506],[-95.495575,12.290527],[-95.46308,12.296396],[-95.46341,12.291299],[-95.46119,12.294346],[-95.47613,12.292812],[-95.47549,12.295576],[-95.47848,12.293164],[-95.49648,12.297803],[-95.49529,12.293496]],"t":"A lovely array of different foods can be found at each eating station. You should eat five foods at the fifth station -- any foods you like."},{"i":5,"pts":[[-95.47843,12.2908],[-95.478424,12.302138],[-95.49531,12.299863],[-95.462265,12.299678],[-95.63096,12.199961],[-95.37057,12.027734],[-95.26732,12.165615],[-95.42699,12.246201],[-95.463524,12.293974],[-95.49365,12.296533],[-95.49339,12.292548],[-95.47824,12.300156],[-95.47611,12.289931],[-95.4625,12.298447],[-95.46118,12.289931],[-95.4608,12.291914],[-95.46067,12.30209],[-95.47759,12.295029],[-95.47623,12.301943],[-95.49315,12.294697],[-95.49552,12.301728],[-95.47819,12.297597],[-95.47569,12.300117],[-95.49314,12.298506],[-95.495575,12.290527],[-95.46308,12.296396],[-95.46341,12.291299],[-95.46119,12.294346],[-95.47613,12.292812],[-95.47549,12.295576],[-95.47848,12.293164],[-95.49648,12.297803],[-95.49529,12.293496]],"t":"A lovely array of different foods can be found at each eating station. You should eat five foods at the fifth station -- any foods you like."},{"i":6,"pts":[[-95.47843,12.2908],[-95.478424,12.302138],[-95.49531,12.299863],[-95.462265,12.299678],[-95.63096,12.199961],[-95.37057,12.027734],[-95.26732,12.165615],[-95.42699,12.246201],[-95.463524,12.293974],[-95.49365,12.296533],[-95.49339,12.292548],[-95.47824,12.300156],[-95.47611,12.289931],[-95.4625,12.298447],[-95.46118,12.289931],[-95.4608,12.291914],[-95.46067,12.30209],[-95.47759,12.295029],[-95.47623,12.301943],[-95.49315,12.294697],[-95.49552,12.301728],[-95.47819,12.297597],[-95.47569,12.300117],[-95.49314,12.298506],[-95.495575,12.290527],[-95.46308,12.296396],[-95.46341,12.291299],[-95.46119,12.294346],[-95.47613,12.292812],[-95.47549,12.295576],[-95.47848,12.293164],[-95.49648,12.297803],[-95.49529,12.293496]],"t":"A lovely array of different foods can be found at each eating station. You should eat five foods at the fifth station -- any foods you like."},{"i":7,"pts":[[-95.48758,12.305459]],"t":"Ian Prudholm is near the fifth eating station. You should speak with Ian Prudholm before moving on to the next phase of the eating contest."}]}