{"n":"Chapter 10.2: The Price of Lodging","lv":120,"maps":[],"steps":[{"i":1,"pts":[[-53.32005,13.504951]],"t":"Gandalf wishes to speak with you. The Wizard stands near the entrance to the Beorninghús."},{"i":2,"pts":[[-54.218838,13.762041],[-54.263817,13.636523],[-54.26708,13.555614],[-54.223534,13.319697],[-54.112774,14.31665],[-54.194405,14.400497],[-54.078007,14.207109],[-54.106045,14.078418],[-53.545673,14.392295],[-53.70961,14.348262],[-53.87281,14.331582],[-53.11335,14.3239355],[-52.97618,14.3396],[-52.86873,14.338818],[-52.752266,14.407803],[-52.567226,14.523203],[-54.20539,13.491211],[-54.367195,13.465644],[-54.459274,13.470879],[-54.17543,14.230576],[-54.14408,14.627158],[-54.43828,14.476328],[-54.298504,14.1002245],[-53.49454,14.487294],[-53.36995,14.570829],[-53.46788,14.601913],[-53.752842,14.386786],[-53.555046,14.068769],[-53.6559,14.061582],[-53.46251,14.133838],[-53.41069,14.123388],[-52.992195,14.092295],[-53.064735,14.170049],[-52.719902,14.560303],[-52.51445,14.477051],[-54.159206,13.401513],[-54.442616,13.633574],[-54.166748,13.846514],[-54.196453,14.07831],[-54.38829,14.309854],[-54.16405,14.649941],[-53.877888,14.509365],[-53.57668,14.522715],[-53.251835,14.55082],[-53.251804,14.190449],[-52.89662,14.55122],[-52.87498,14.237275],[-52.56163,14.313525]],"t":"Grimbeorn has tasked you with a number of errands to undertake in the Beorning-lands, and Gandalf has helpfully doubled the required quantities of eac…","kz":{"c":8}},{"i":3,"pts":[[-53.300995,13.463047]],"t":"Grimbeorn is at the Beorninghús, in the Beorning-lands."}]}