{"n":"A Special Order - Scabbard","lv":0,"maps":["1879147415"],"steps":[{"i":2,"pts":[[51.549355,50.107716],[-1.9113379,-64.507965,"1879147415"]]}]}