{"n":"Retaking Torngroth","lv":105,"maps":["1879339256"],"steps":[{"i":1,"pts":[[54.974785,26.000322],[55.056892,26.33159],[54.929512,26.289482],[54.927654,26.370136],[54.331387,26.289902],[54.32035,26.341454],[54.49369,26.395996],[54.686016,26.298574],[55.001404,25.8604],[54.563614,26.29327]],"t":"Torngroth can be found far to the north of Henneth Annûn. Mablung has asked you to defeat the Orcs that have laid claim to Torngroth and recover suppl…","kz":{"c":12}},{"i":2,"pts":[[-7.952334,-48.14247,"1879339256"]],"t":"Mablung can be found in Henneth Annûn. You have defeated many of the invading Orcs in Torngroth and recovered as many supplies as you could bear. You …"}]}