{"n":"A Final Blow","lv":160,"maps":["1879513800"],"steps":[{"i":1,"pts":[[50.771523,59.409004],[50.964237,59.409275],[50.771755,59.580547],[50.970955,59.560917],[50.377987,59.56988],[50.268223,59.4167],[50.17959,59.565975],[49.84787,59.27918],[49.689804,59.295486],[49.468376,59.55572]],"t":"A new warden has taken control of Esh Mêkag and is threatening to execute the thralls remaining inside. You should rescue the imprisoned thralls, and …","kz":{"c":15}},{"i":2,"pts":[[-88.63104,-56.955692,"1879513800"],[-82.37468,-57.126297,"1879513800"],[48.98586,60.29051]],"t":"The remaining thralls have been rescued and the new warden defeated. You should return to Ebuzâm."}]}