{"n":"Lost Lore of Gorgoroth: The Abyss of Mordath","lv":115,"maps":[],"steps":[{"i":1,"pts":[[-125.22399,-13.990068],[-125.16658,-14.128652],[-123.83441,-14.221328],[-123.71392,-13.744208],[-124.337875,-12.607021],[-123.82671,-11.978007],[-124.10231,-12.009794],[-123.833534,-9.445117],[-122.87801,-12.689815],[-123.52745,-10.213652],[-122.59672,-12.986054]]},{"i":2,"pts":[[-122.59663,-12.986299],[-123.52808,-10.212919],[-123.83445,-9.445107],[-123.826385,-11.978115],[-124.10231,-12.009824],[-122.878136,-12.689697],[-123.71363,-13.744346],[-124.33709,-12.607666],[-123.850815,-14.299902],[-125.2244,-13.990195],[-125.88167,-14.251493]],"t":"Forgotten pages can be found within the Abyss of Mordath. You should find the pages to learn more of the lost lore of the Mordath: the Black Pits of M…"}]}