{"n":"Scavengers of Our Fallen","lv":1,"maps":[],"steps":[{"i":1,"pts":[[-58.412636,-24.76827],[-58.41248,-24.974209],[-58.245594,-24.902285],[-58.13454,-24.221737],[-58.37325,-24.37337],[-57.858154,-24.598934],[-57.92369,-24.780643],[-57.93077,-24.88539],[-57.854042,-24.379053]],"t":"Your mission is to travel to Khazâda and thin the numbers of jackals in the area as well as burn the corpses of slain travellers that have been defile…","kz":{"c":10}}]}