{"n":"Invaders from Rhûn","lv":105,"maps":[],"steps":[{"i":1,"pts":[[-8.100576,-40.364403],[-8.070068,-40.33774],[-7.021601,-41.34082],[-7.4170117,-41.991035],[-7.5119724,-41.85329],[-7.1232715,-41.44119],[-6.950322,-41.280655],[-7.0660057,-41.224503],[-7.373447,-40.67373],[-7.50498,-40.622177],[-7.7304,-41.882706],[-8.003974,-40.490047],[-7.986836,-40.36912],[-8.061231,-40.33157],[-8.103447,-40.368027],[-7.379238,-42.19615],[-7.1970115,-41.42703],[-7.121367,-41.389786],[-6.954756,-41.457012],[-6.9124413,-41.283848],[-7.09125,-41.30077],[-7.454453,-40.65193],[-7.3957615,-40.651104],[-6.882383,-41.186718],[-8.246963,-40.431873],[-8.249003,-40.354824],[-7.5487304,-41.805565],[-7.3238473,-41.821915]],"t":"Uya Hujûm can be found in north-eastern North Ithilien. Tordoron has asked you to assault the Khundolar encampment of Uya Hujûm.","kz":{"c":12}},{"i":2,"pts":[[-7.917744,-42.885273]],"t":"Tordoron can be found in the northern wilds of North Ithilien. You have routed the Khundolar encamped in North Ithilien and should now report to Tordo…"},{"i":3,"pts":[[-7.95332,-48.134617]],"t":"Anborn can be found at Henneth Annûn. You have routed the Khundolar threat within North Ithilien and should now return to Anborn."}]}