{"n":"Instance: The Wild Hunt -- Gwenaewen's Spirit","lv":65,"maps":[],"steps":[{"i":1,"pts":[[-22.990683,-69.40312],[-22.933516,-69.54986],[-22.837294,-69.481804],[-22.858368,-68.68239],[-22.892284,-68.79403],[-22.887148,-68.91235],[-22.80665,-69.09225],[-22.824999,-69.19262],[-22.779325,-69.47284],[-22.596611,-69.45912],[-22.48707,-69.39809],[-22.338291,-69.33835],[-22.173397,-69.310036],[-22.632782,-69.276764],[-22.540117,-69.40888],[-22.44536,-69.481094],[-22.354258,-69.577736],[-22.231825,-69.650055],[-22.1312,-69.75608],[-22.162157,-69.65032],[-22.14579,-69.54131],[-22.13205,-69.4062],[-22.15252,-69.24866],[-22.010567,-69.181274],[-22.01456,-69.014915],[-22.129267,-68.96497],[-22.285849,-68.93375],[-22.425137,-68.94281],[-22.542665,-68.91106],[-22.692724,-68.81814],[-22.729774,-69.181465],[-22.173252,-69.12006],[-22.218653,-68.91329],[-22.239101,-68.75244],[-22.18536,-68.62118],[-22.221191,-68.49438],[-22.165293,-68.60461],[-22.201933,-68.70805],[-22.260536,-68.833176],[-22.371113,-68.92602],[-22.429003,-68.977104],[-22.494902,-69.03886],[-22.59745,-69.129974],[-22.67372,-69.1605],[-21.761631,-69.18839],[-21.869219,-69.12362]],"t":"Approach the falcon-spirit and prove your quickness in following it."},{"i":2,"pts":[[-21.74286,-69.18242],[-21.740683,-69.184586],[-22.990683,-69.40312],[-22.933516,-69.54986],[-22.837294,-69.481804],[-22.858368,-68.68239],[-22.892284,-68.79403],[-22.887148,-68.91235],[-22.80665,-69.09225],[-22.824999,-69.19262],[-22.779325,-69.47284],[-22.596611,-69.45912],[-22.48707,-69.39809],[-22.338291,-69.33835],[-22.173397,-69.310036],[-22.632782,-69.276764],[-22.540117,-69.40888],[-22.44536,-69.481094],[-22.354258,-69.577736],[-22.231825,-69.650055],[-22.1312,-69.75608],[-22.162157,-69.65032],[-22.14579,-69.54131],[-22.13205,-69.4062],[-22.15252,-69.24866],[-22.010567,-69.181274],[-22.01456,-69.014915],[-22.129267,-68.96497],[-22.285849,-68.93375],[-22.425137,-68.94281],[-22.542665,-68.91106],[-22.692724,-68.81814],[-22.729774,-69.181465],[-22.173252,-69.12006],[-22.218653,-68.91329],[-22.239101,-68.75244],[-22.18536,-68.62118],[-22.221191,-68.49438],[-22.165293,-68.60461],[-22.201933,-68.70805],[-22.260536,-68.833176],[-22.371113,-68.92602],[-22.429003,-68.977104],[-22.494902,-69.03886],[-22.59745,-69.129974],[-22.67372,-69.1605],[-21.761631,-69.18839],[-21.869219,-69.12362]],"t":"You must follow Gwenaewen's spirit!"},{"i":3,"pts":[[-22.87038,-68.67768],[-22.86912,-68.679726],[-22.990683,-69.40312],[-22.933516,-69.54986],[-22.837294,-69.481804],[-22.858368,-68.68239],[-22.892284,-68.79403],[-22.887148,-68.91235],[-22.80665,-69.09225],[-22.824999,-69.19262],[-22.779325,-69.47284],[-22.596611,-69.45912],[-22.48707,-69.39809],[-22.338291,-69.33835],[-22.173397,-69.310036],[-22.632782,-69.276764],[-22.540117,-69.40888],[-22.44536,-69.481094],[-22.354258,-69.577736],[-22.231825,-69.650055],[-22.1312,-69.75608],[-22.162157,-69.65032],[-22.14579,-69.54131],[-22.13205,-69.4062],[-22.15252,-69.24866],[-22.010567,-69.181274],[-22.01456,-69.014915],[-22.129267,-68.96497],[-22.285849,-68.93375],[-22.425137,-68.94281],[-22.542665,-68.91106],[-22.692724,-68.81814],[-22.729774,-69.181465],[-22.173252,-69.12006],[-22.218653,-68.91329],[-22.239101,-68.75244],[-22.18536,-68.62118],[-22.221191,-68.49438],[-22.165293,-68.60461],[-22.201933,-68.70805],[-22.260536,-68.833176],[-22.371113,-68.92602],[-22.429003,-68.977104],[-22.494902,-69.03886],[-22.59745,-69.129974],[-22.67372,-69.1605],[-21.761631,-69.18839],[-21.869219,-69.12362]],"t":"You must follow Gwenaewen's spirit!"},{"i":4,"pts":[[-22.126503,-69.76401],[-22.125263,-69.76538],[-22.990683,-69.40312],[-22.933516,-69.54986],[-22.837294,-69.481804],[-22.858368,-68.68239],[-22.892284,-68.79403],[-22.887148,-68.91235],[-22.80665,-69.09225],[-22.824999,-69.19262],[-22.779325,-69.47284],[-22.596611,-69.45912],[-22.48707,-69.39809],[-22.338291,-69.33835],[-22.173397,-69.310036],[-22.632782,-69.276764],[-22.540117,-69.40888],[-22.44536,-69.481094],[-22.354258,-69.577736],[-22.231825,-69.650055],[-22.1312,-69.75608],[-22.162157,-69.65032],[-22.14579,-69.54131],[-22.13205,-69.4062],[-22.15252,-69.24866],[-22.010567,-69.181274],[-22.01456,-69.014915],[-22.129267,-68.96497],[-22.285849,-68.93375],[-22.425137,-68.94281],[-22.542665,-68.91106],[-22.692724,-68.81814],[-22.729774,-69.181465],[-22.173252,-69.12006],[-22.218653,-68.91329],[-22.239101,-68.75244],[-22.18536,-68.62118],[-22.221191,-68.49438],[-22.165293,-68.60461],[-22.201933,-68.70805],[-22.260536,-68.833176],[-22.371113,-68.92602],[-22.429003,-68.977104],[-22.494902,-69.03886],[-22.59745,-69.129974],[-22.67372,-69.1605],[-21.761631,-69.18839],[-21.869219,-69.12362]],"t":"You must follow Gwenaewen's spirit!"},{"i":5,"pts":[[-22.22706,-68.48454],[-22.226885,-68.48624],[-22.990683,-69.40312],[-22.933516,-69.54986],[-22.837294,-69.481804],[-22.858368,-68.68239],[-22.892284,-68.79403],[-22.887148,-68.91235],[-22.80665,-69.09225],[-22.824999,-69.19262],[-22.779325,-69.47284],[-22.596611,-69.45912],[-22.48707,-69.39809],[-22.338291,-69.33835],[-22.173397,-69.310036],[-22.632782,-69.276764],[-22.540117,-69.40888],[-22.44536,-69.481094],[-22.354258,-69.577736],[-22.231825,-69.650055],[-22.1312,-69.75608],[-22.162157,-69.65032],[-22.14579,-69.54131],[-22.13205,-69.4062],[-22.15252,-69.24866],[-22.010567,-69.181274],[-22.01456,-69.014915],[-22.129267,-68.96497],[-22.285849,-68.93375],[-22.425137,-68.94281],[-22.542665,-68.91106],[-22.692724,-68.81814],[-22.729774,-69.181465],[-22.173252,-69.12006],[-22.218653,-68.91329],[-22.239101,-68.75244],[-22.18536,-68.62118],[-22.221191,-68.49438],[-22.165293,-68.60461],[-22.201933,-68.70805],[-22.260536,-68.833176],[-22.371113,-68.92602],[-22.429003,-68.977104],[-22.494902,-69.03886],[-22.59745,-69.129974],[-22.67372,-69.1605],[-21.761631,-69.18839],[-21.869219,-69.12362]],"t":"You must follow Gwenaewen's spirit!"},{"i":6,"pts":[[-22.981318,-69.42245],[-22.990683,-69.40312],[-22.933516,-69.54986],[-22.837294,-69.481804],[-22.858368,-68.68239],[-22.892284,-68.79403],[-22.887148,-68.91235],[-22.80665,-69.09225],[-22.824999,-69.19262],[-22.779325,-69.47284],[-22.596611,-69.45912],[-22.48707,-69.39809],[-22.338291,-69.33835],[-22.173397,-69.310036],[-22.632782,-69.276764],[-22.540117,-69.40888],[-22.44536,-69.481094],[-22.354258,-69.577736],[-22.231825,-69.650055],[-22.1312,-69.75608],[-22.162157,-69.65032],[-22.14579,-69.54131],[-22.13205,-69.4062],[-22.15252,-69.24866],[-22.010567,-69.181274],[-22.01456,-69.014915],[-22.129267,-68.96497],[-22.285849,-68.93375],[-22.425137,-68.94281],[-22.542665,-68.91106],[-22.692724,-68.81814],[-22.729774,-69.181465],[-22.173252,-69.12006],[-22.218653,-68.91329],[-22.239101,-68.75244],[-22.18536,-68.62118],[-22.221191,-68.49438],[-22.165293,-68.60461],[-22.201933,-68.70805],[-22.260536,-68.833176],[-22.371113,-68.92602],[-22.429003,-68.977104],[-22.494902,-69.03886],[-22.59745,-69.129974],[-22.67372,-69.1605],[-21.761631,-69.18839],[-21.869219,-69.12362]],"t":"You must follow Gwenaewen's spirit!"},{"i":7,