{"n":"The Wrath of Glúrugoth","lv":108,"maps":["1879356000"],"steps":[{"i":1,"pts":[[51.375057,-2.0196092],[51.375057,-2.0723827],[51.529785,-2.1029394],[51.35789,-1.8831738],[51.399178,-1.8831738],[51.35789,-1.9302343],[51.390076,-1.9302343]],"t":"Barad-dûr is located in eastern Dor Amarth. You should examine the chamber of Narchraw again."},{"i":2,"pts":[[51.390663,-1.9438574],[51.35959,-1.9405371],[51.42746,-2.0658984]],"t":"Barad-dûr is located in eastern Dor Amarth. You should examine the chamber of Narchraw again.","kz":{"c":1}},{"i":3,"pts":[[53.84742,-1.9411035]],"t":"Escape Barad-dûr and fight off Glúrugoth's guards.","kz":{"c":6}},{"i":4,"pts":[[8.540146,-48.11079,"1879356000"]],"t":"Lômazar can be found at the Ruins of Díngarth. You should speak with Lômazar."}]}