{"n":"The Fushaum Conflict","lv":112,"maps":[],"steps":[{"i":1,"pts":[[12.96,-56.412235],[13.144404,-56.863857],[13.591249,-56.64886],[13.511425,-57.096424],[13.498574,-56.058437],[14.155263,-56.72052],[14.037754,-55.98863],[14.211016,-55.506504],[12.24957,-55.808456],[12.25752,-54.49528],[12.733954,-55.741707],[12.811855,-55.196],[12.4179,-55.190155],[13.153203,-55.556377],[12.85291,-54.567974],[13.89294,-55.05291],[13.504316,-55.232548],[13.700596,-54.567974]],"t":"Fushaum Bal is located in Talath Úrui. You should establish contact with those in command of Fushaum Bal."},{"i":2,"pts":[[13.554209,-56.651463],[12.939707,-55.074116]],"t":"Fushaum Bal is located in Talath Úrui. You should find out who is in charge of these groups of men.","kz":{"c":1}},{"i":3,"pts":[[14.161191,-56.65864],[14.161748,-56.670628],[13.489433,-54.516983]],"t":"Fushaum Bal is located in Talath Úrui. You should establish contact with those in command of Fushaum Bal."}]}