{"n":"Mission: Attack on Cotfast","lv":1,"maps":["1879413346"],"steps":[{"i":1,"pts":[[-61.42838,-21.326952],[-60.971043,-23.597744],[-59.607674,-22.194374],[-57.16491,-20.031952],[-56.09616,-23.08373],[-54.51294,-17.649033,"1879413346"],[-53.898476,-17.679033,"1879413346"],[53.34857,-14.473661],[52.84078,-14.465547],[53.13242,-15.088096]],"t":"Use the summoning horn at the western entrance to Cotfast to summon Radhril to your side."},{"i":2,"pts":[[-61.42838,-21.326952],[-60.971043,-23.597744],[-59.607674,-22.194374],[-57.16491,-20.031952],[-56.09616,-23.08373],[-54.51294,-17.649033,"1879413346"],[-53.898476,-17.679033,"1879413346"],[53.34857,-14.473661],[52.84078,-14.465547],[53.13242,-15.088096]],"t":"You should talk to Radhril. &lt;rgb=#FF0000&gt;If Radhril is missing, and the Call Radhril skill is not available, try using the /pet release command.…"},{"i":3,"pts":[[-57.032,-19.991737],[-56.6715,-19.85788],[-56.825214,-19.898046],[-57.00659,-19.756279],[-56.830723,-20.066816],[-56.67414,-19.703955],[-56.912937,-20.044512],[-56.981014,-19.709707],[-57.012,-19.83416],[-57.019356,-19.805107],[-57.063007,-20.0579],[-56.993877,-19.962393],[-56.69453,-20.018467],[-56.702225,-20.047714],[-56.627693,-19.75792],[-56.838036,-20.11999],[-56.954746,-19.78501],[-56.795742,-19.946064],[-56.632244,-19.823505],[-56.75112,-19.81919],[-56.931072,-20.096855],[-56.668465,-19.750635],[-57.026436,-19.90668],[-57.07509,-19.990858],[-56.872578,-19.861084],[-56.76699,-19.90128],[-56.804764,-19.98542],[-56.818203,-19.804472],[-56.92,-19.983759],[-56.99279,-20.09375],[-57.014206,-20.087734],[-56.920937,-20.006329],[-56.82619,-19.825878],[-56.81993,-19.985683],[-56.740986,-19.912313],[-56.85947,-19.868067],[-56.928535,-19.897343],[-56.999676,-19.882393],[-56.682205,-19.732754],[-56.918194,-20.107851],[-61.42838,-21.326952],[-60.971043,-23.597744],[-59.607674,-22.194374],[-57.16491,-20.031952],[-56.09616,-23.08373],[-54.51294,-17.649033,"1879413346"],[-53.898476,-17.679033,"1879413346"],[53.34857,-14.473661],[52.84078,-14.465547],[53.13242,-15.088096]],"t":"You should retrieve stolen goods and free caged animals at Cotfast. &lt;rgb=#FF0000&gt;If Radhril is missing, and the Call Radhril skill is not availa…"},{"i":4,"pts":[[-57.128975,-20.022001],[-61.42838,-21.326952],[-60.971043,-23.597744],[-59.607674,-22.194374],[-57.16491,-20.031952],[-56.09616,-23.08373],[-54.51294,-17.649033,"1879413346"],[-53.898476,-17.679033,"1879413346"],[53.34857,-14.473661],[52.84078,-14.465547],[53.13242,-15.088096]],"t":"You should return to entrance to Cotfast. &lt;rgb=#FF0000&gt;If Radhril is missing, and the Call Radhril skill is not available, try using the /pet re…"}]}