{"n":"The Tower On the Hill","lv":71,"maps":[],"steps":[{"i":1,"pts":[[-14.895331,-85.26709],[-14.854258,-85.23373],[-14.967168,-85.23514],[-14.959834,-85.26661],[-14.930986,-85.27781],[-14.883506,-85.23341],[-14.932793,-85.16159],[-14.9029875,-85.1694],[-14.846514,-85.125465],[-14.834501,-85.15835]],"t":"Crates can be found around Hen Turrau, east of Barnavon. You should search the crates left at Hen Turrau for further evidence of Saruman's interferenc…"},{"i":2,"pts":[[-14.926542,-85.226875]],"t":"Dunlending guards can be found at Hen Turrau. You should defeat the Dunlending guards that have arrived to garrison the watch-tower.","kz":{"c":2}},{"i":3,"pts":[[-16.320948,-84.73214]],"t":"Gwilum is at Barnavon, far to the west of Hen Turrau. You should report what you have found to Gwilum."}]}