{"n":"The Secret Stone","lv":115,"maps":["1879358081"],"steps":[{"i":1,"pts":[[53.13004,13.63206,"1879358081"]]},{"i":2,"pts":[[53.131367,13.630693,"1879358081"]],"t":"King Thorin III can be found at his seat in Erebor. You should bring the tome to King Thorin III."},{"i":3,"pts":[[53.481033,14.185713,"1879358081"],[53.13195,13.646582,"1879358081"]],"t":"King Thorin III can be found at his seat in Erebor. You should bring the tome to King Thorin III."}]}