{"n":"Constricted Offence","lv":100,"maps":["1879316628"],"steps":[{"i":1,"pts":[[-36.959442,-80.66615,"1879316628"],[-36.578545,-80.99604,"1879316628"],[-36.91489,-80.987495,"1879316628"],[-36.98905,-80.92334,"1879316628"],[-36.513565,-80.71848,"1879316628"]],"t":"Thama Aklam can be found to the south-east of Ost Anglebed. Steward Malthellim has asked you to defeat the Haradrim camped nearby before they grow bey…","kz":{"c":10}},{"i":2,"pts":[[56.44197,67.54832]],"t":"Steward Malthellim can be found in the Lord's Hall in Ost Anglebed. You have defeated many Haradrim in Thama Aklam, but were unable to find any orders…"}]}