{"n":"A Sticky Harvest","lv":153,"maps":[],"steps":[{"i":1,"pts":[[-55.68464,-53.76291],[-55.772324,-53.78431],[-55.730164,-53.8486],[-55.775185,-53.68737],[-56.005283,-53.586163],[-55.982292,-53.45752],[-56.02541,-53.402557],[-56.127724,-53.366512],[-56.23544,-53.540096],[-56.22695,-53.41398]],"t":"Sênjar, a local farmer in Sormedân, has requested your help in the harvest of honey from the local bees. These bees have become much more violent and …","kz":{"c":10}},{"i":2,"pts":[[-52.68712,-56.82483]],"t":"Return to Sênjar in Sormedân with the recovered honey."}]}