{"n":"Instance: The Spider-nest","lv":60,"maps":["1879144815","1879144817","1879144818","1879144819","1879144858","1879144910"],"steps":[{"i":1,"pts":[[54.852165,37.288124,"1879144817"],[54.780605,37.12371,"1879144817"],[54.713436,36.99197,"1879144817"],[54.57744,36.952976,"1879144817"],[54.480076,37.074696,"1879144817"],[54.481853,37.41213,"1879144817"],[54.709198,37.485165,"1879144817"],[54.686386,37.320156,"1879144817"]],"t":"You must rescue the dwarves cocooned within the ancient armoury before they are devoured by the ravenous hatchlings from the nest.","kz":{"c":1}},{"i":2,"pts":[[-13.87125,-47.924576,"1879144815"],[-11.709687,-56.346592,"1879144815"],[-10.945205,-43.822186,"1879144815"],[54.468594,37.21329,"1879144817"],[55.10279,39.432617,"1879144910"],[53.94945,41.046055,"1879144818"],[53.474373,43.910583,"1879144819"],[55.92035,45.645195,"1879144858"],[55.972126,47.493008]],"t":"Use the ancient forge to empower your infused adamant."}]}