{"n":"Honouring the Fallen","lv":49,"maps":[],"steps":[{"i":1,"pts":[[-14.282011,-48.59264],[-14.408134,-48.843822],[-14.70833,-49.029526],[-14.754326,-48.836887],[-14.092236,-48.567627],[-14.155576,-48.480595],[-14.652929,-47.73371],[-14.62708,-48.0477],[-14.479013,-48.156178],[-14.23499,-48.050213],[-13.850644,-48.52457],[-13.288936,-48.593613],[-13.774941,-47.982098],[-13.623125,-47.88216],[-13.410527,-47.74209],[-13.669726,-47.61428]],"t":"There are memorial statues spread all throughout Barad Morlas, south-west of Echad Eregion. Ladenthir has asked you to preserve the memory of the Elve…","kz":{"c":1}},{"i":2,"pts":[[-12.498975,-46.9399],[-14.282011,-48.59264],[-14.408134,-48.843822],[-14.70833,-49.029526],[-14.754326,-48.836887],[-14.092236,-48.567627],[-14.155576,-48.480595],[-14.652929,-47.73371],[-14.62708,-48.0477],[-14.479013,-48.156178],[-14.23499,-48.050213],[-13.850644,-48.52457],[-13.288936,-48.593613],[-13.774941,-47.982098],[-13.623125,-47.88216],[-13.410527,-47.74209],[-13.669726,-47.61428]],"t":"Ladenthir is at Echad Eregion, north-east of Barad Morlas. You should return to Ladenthir with tidings of your success."}]}