{"n":"The Stone-smashers","lv":140,"maps":[],"steps":[{"i":1,"pts":[[-123.15318,-45.90819],[-123.217865,-45.309593],[-120.72199,-44.911327],[-120.1611,-50.35872],[-117.26514,-48.79092],[-116.76236,-49.65153],[-115.90027,-48.816547],[-116.093834,-48.295643],[-115.49168,-42.37201],[-115.15856,-40.79839],[-114.68712,-42.533707],[-114.528595,-39.723476],[-72.20556,51.93576],[-69.551186,49.958633],[-64.92736,47.440975],[-63.10288,50.47916]],"t":"Stone-smashers found throughout Gundabad. You should defeat stone-smashers for Bráthi.","kz":{"c":8}}]}