{"n":"A Convincing Scarecrow","lv":83,"maps":["1879244885"],"steps":[{"i":1,"pts":[[-60.67747,-55.331314,"1879244885"],[-60.496006,-55.00967,"1879244885"],[-61.037556,-55.310528,"1879244885"],[-61.055008,-55.068623,"1879244885"],[-60.965534,-55.453754,"1879244885"],[-61.121227,-54.427673,"1879244885"],[-61.103786,-54.66958,"1879244885"],[-60.659687,-54.7689,"1879244885"],[-60.836426,-54.247425,"1879244885"],[-60.449226,-54.377895,"1879244885"]],"t":"Having seen his others destroyed, Agelric of Garsfeld wants you to lure crebain by acting like a scarecrow in the fields surrounding Garsfeld.","kz":{"c":8}},{"i":2,"pts":[[-144.42612,-40.43032]],"t":"The crebain have been thoroughly surprised by Agelric's ruse. You should inform him of your success. Agelric can be found in central Garsfeld."}]}