{"n":"Mission: The Watchers of Iron","lv":1,"maps":["1879409230"],"steps":[{"i":1,"pts":[[47.628086,70.77172,"1879409230"],[47.571697,70.77215,"1879409230"],[47.572422,70.82781,"1879409230"],[47.761112,70.799255,"1879409230"],[47.628494,70.8276,"1879409230"],[47.438477,70.80078,"1879409230"],[47.657597,70.75947,"1879409230"],[47.641697,70.742424,"1879409230"],[47.560642,70.859764,"1879409230"],[47.543045,70.84162,"1879409230"],[47.572186,70.772385,"1879409230"],[47.627285,70.77225,"1879409230"],[47.62783,70.82736,"1879409230"],[47.57166,70.82707,"1879409230"],[47.600292,70.63816,"1879409230"],[47.666855,70.77847,"1879409230"],[47.639763,70.741936,"1879409230"],[47.657303,70.76002,"1879409230"],[47.541542,70.84013,"1879409230"],[47.561306,70.85785,"1879409230"],[47.599785,70.960686,"1879409230"],[47.62863,70.827774,"1879409230"],[47.57281,70.77287,"1879409230"],[47.57295,70.82742,"1879409230"],[47.628338,70.77291,"1879409230"],[47.587597,70.701324,"1879409230"],[47.614452,70.89935,"1879409230"],[47.61332,70.6884,"1879409230"],[47.587383,70.914665,"1879409230"],[47.713066,70.813065,"1879409230"],[47.490192,70.78725,"1879409230"],[47.50119,70.8132,"1879409230"],[47.69922,70.78697,"1879409230"]],"t":"Destroy the Iron Crown standards and lesser watching stones found within the tower of Caivád Sâr.","kz":{"c":4}}]}