{"n":"Quieting North of Derndingle","lv":95,"maps":[],"steps":[{"i":1,"pts":[[-78.56671,-41.256855],[-78.758316,-41.469784],[-78.56584,-41.52619],[-78.60964,-41.69922],[-78.74242,-41.842247],[-78.61882,-41.949425],[-78.46577,-41.89325],[-78.407486,-41.75926],[-78.23999,-41.855293],[-78.145905,-41.780926],[-78.3634,-41.572247],[-78.21094,-41.607254],[-78.09427,-41.460938],[-78.15934,-41.25738],[-78.42934,-41.28982],[-78.33049,-41.465027],[-78.73138,-40.54496],[-78.16862,-40.48571],[-78.14916,-40.779648],[-78.29658,-40.699383],[-78.18206,-40.913643],[-78.32507,-41.096493],[-78.53508,-41.142803],[-78.7245,-40.957344],[-78.498405,-40.863945],[-78.6654,-40.731316],[-78.4,-41.6],[-78.4,-40.8],[-78.4,-41.6],[-78.4,-40.8]],"t":"Quickbeam has asked you to quiet the forest north of Derndingle.","kz":{"c":10}},{"i":2,"pts":[[-79.12934,-42.068123]],"t":"Quickbeam is at Derndingle in south-east Fangorn."}]}