{"n":"The Ufúrzrak Undone","lv":130,"maps":[],"steps":[{"i":1,"pts":[[-136.4869,67.50308],[-136.65079,67.59598],[-136.76392,67.50666],[-137.1892,67.53442],[-137.18005,67.644005],[-136.8215,67.62883],[-136.28986,67.43525],[-136.28467,67.50566]],"t":"Orcs, thrug-hai, and banners of the Ufúrzrak clan can be found at Muru Azog. King Thráin has commanded you to join in the assault at Muru Azog. You sh…","kz":{"c":14}},{"i":2,"pts":[[-137.42442,67.58129]],"t":"You have done much to hinder the Ufúrzrak at Muru Azog. You should raise a banner of the Haban'akkâ of Thráin at Muru Azog."}]}