{"n":"A Cleansing Fire","lv":1,"maps":["1879517913"],"steps":[{"i":1,"pts":[[54.299473,36.279354,"1879517913"],[54.383984,36.175987,"1879517913"],[54.320213,36.06906,"1879517913"],[54.306835,35.942947,"1879517913"],[54.307655,35.746883,"1879517913"],[54.03152,35.774822,"1879517913"],[53.891365,35.835762,"1879517913"],[54.053593,36.17905,"1879517913"],[53.727497,36.207127,"1879517913"],[53.75332,36.51369,"1879517913"]],"t":"Defeat spiders within Jâr Obadal and set fire to their network of webs.","kz":{"c":15}},{"i":2,"pts":[[53.91482,35.80241,"1879517913"]],"t":"Find and defeat Jûkhtar the Ravenous in Jâr Obadal.","kz":{"c":1}}]}