{"n":"Hiding Underfoot","lv":32,"maps":[],"steps":[{"i":1,"pts":[[-61.829403,-15.858212],[-61.80579,-15.747011],[-61.778767,-15.726777],[-61.7528,-15.671182],[-61.698956,-15.627363],[-61.66325,-15.631221],[-61.816708,-15.922802],[-61.75909,-15.922802],[-61.736755,-15.871816],[-61.67242,-15.8525095]],"t":"Lithost is south of the colossus, on the west bank of the Baranduin. Herthdúr asked you to go to Lithost, flip over some rocks, and defeat the crawler…","kz":{"c":6}},{"i":2,"pts":[[-64.16972,-13.80539]],"t":"Herthdúr is at the colossus camp, north of Lithost. Herthdúr will be pleased to hear the crawlers' population has been reduced."}]}