{"n":"Assault on Atrad-zarakh","lv":130,"maps":["1879416211"],"steps":[{"i":1,"pts":[[-146.01985,78.48728],[-146.20526,78.70955],[-146.22585,78.64988],[-146.3911,78.47466],[-146.1389,78.309135],[-146.03442,78.50252],[-146.2123,78.705666]],"t":"Orcs, goblins, bats, and sapper-bomb crates can be found at Atrad-zarakh. King Thráin has commanded you to join in the assault at Atrad-zarakh. You sh…","kz":{"c":12}},{"i":2,"pts":[[-135.15244,69.50496,"1879416211"]],"t":"You have done much to hinder the Orcs and their vile allies at Atrad-zarakh. You should raise a banner of the Haban'akkâ of Thráin at Atrad-zarakh."}]}