{"n":"Cleaning Up the Halls","lv":131,"maps":[],"steps":[{"i":1,"pts":[[-115.62765,-48.372543],[-115.86282,-48.09347],[-115.73966,-48.268547],[-115.75693,-48.16771],[-115.550186,-48.359306],[-114.973335,-46.982986],[-115.08159,-46.88686],[-114.81686,-46.958233],[-114.837105,-46.74589],[-115.175125,-46.705044],[-113.30194,-45.7355],[-113.48148,-45.757053],[-113.46666,-45.599556],[-113.38257,-45.70609],[-113.546875,-45.70908],[-112.55653,-46.192898],[-112.65701,-46.255928],[-112.46308,-46.393177],[-112.55303,-46.27547],[-112.613396,-46.523895],[-112.23833,-48.198757],[-112.24714,-48.042553],[-112.1973,-48.27709]],"t":"Stone trolls can be found west of Maergrind. You should destroy any of the stone trolls that you find.","kz":{"c":6}},{"i":2,"pts":[[-112.071014,-49.17566]],"t":"Grámi Hornhelm can be found at Maergrind in Máttugard. You should talk to Grámi Hornhelm."}]}