{"n":"First, Breakfast!","lv":66,"maps":["1879157648"],"steps":[{"i":1,"pts":[[-55.806522,-18.123016,"1879157648"],[-55.841454,-18.222197,"1879157648"],[-55.786045,-18.292177,"1879157648"],[-55.724236,-18.379473,"1879157648"],[-55.738895,-18.534668,"1879157648"],[-55.663906,-18.482138,"1879157648"],[-55.621815,-18.382431,"1879157648"],[-55.96077,-17.894619,"1879157648"],[-56.043514,-17.819618,"1879157648"],[-56.126816,-17.805145,"1879157648"],[-56.052628,-17.378399,"1879157648"],[-56.03123,-17.503672,"1879157648"],[-55.99674,-17.610868,"1879157648"],[-55.901592,-17.656748,"1879157648"],[-55.7807,-17.736542,"1879157648"],[-55.647938,-17.81127,"1879157648"],[-55.662968,-17.896738,"1879157648"],[-55.739647,-17.954628,"1879157648"],[-51.036377,-15.467724,"1879157648"],[-50.938164,-15.439951,"1879157648"],[-50.83781,-15.186973,"1879157648"],[-50.90322,-15.144394,"1879157648"],[-51.18411,-15.246035,"1879157648"],[-51.52069,-15.411855,"1879157648"],[-51.31498,-14.888203,"1879157648"],[-48.75752,-14.866015,"1879157648"],[-48.64333,-14.829003,"1879157648"],[-48.4909,-14.908925,"1879157648"],[-48.47657,-15.046201,"1879157648"],[-48.53195,-15.092207,"1879157648"],[-48.77117,-15.108876,"1879157648"]],"t":"Bingo has tried to translate the locations mentioned in the recipe book where you might find the ingredients for the breakfast: Marshy taters can be f…"},{"i":2,"pts":[[-56.70042,-13.995889],[-55.806522,-18.123016,"1879157648"],[-55.841454,-18.222197,"1879157648"],[-55.786045,-18.292177,"1879157648"],[-55.724236,-18.379473,"1879157648"],[-55.738895,-18.534668,"1879157648"],[-55.663906,-18.482138,"1879157648"],[-55.621815,-18.382431,"1879157648"],[-55.96077,-17.894619,"1879157648"],[-56.043514,-17.819618,"1879157648"],[-56.126816,-17.805145,"1879157648"],[-56.052628,-17.378399,"1879157648"],[-56.03123,-17.503672,"1879157648"],[-55.99674,-17.610868,"1879157648"],[-55.901592,-17.656748,"1879157648"],[-55.7807,-17.736542,"1879157648"],[-55.647938,-17.81127,"1879157648"],[-55.662968,-17.896738,"1879157648"],[-55.739647,-17.954628,"1879157648"],[-51.036377,-15.467724,"1879157648"],[-50.938164,-15.439951,"1879157648"],[-50.83781,-15.186973,"1879157648"],[-50.90322,-15.144394,"1879157648"],[-51.18411,-15.246035,"1879157648"],[-51.52069,-15.411855,"1879157648"],[-51.31498,-14.888203,"1879157648"],[-48.75752,-14.866015,"1879157648"],[-48.64333,-14.829003,"1879157648"],[-48.4909,-14.908925,"1879157648"],[-48.47657,-15.046201,"1879157648"],[-48.53195,-15.092207,"1879157648"],[-48.77117,-15.108876,"1879157648"]],"t":"Bingo is inside the Haunted Inn, in the Dourstocks of Mirkwood. You have collected the ingredients Bingo will need to prepare the breakfast he wants, …"},{"i":3,"pts":[[-56.59994,-14.000917]],"t":"Prestadír is inside the Haunted Inn, located within the Dourstocks of Mirkwood. Bingo has asked you to see if any of the other Rangers know where Adui…"},{"i":4,"pts":[[-56.70042,-13.995889]],"t":"Bingo is inside the Haunted Inn, within the Dourstocks of Mirkwood. Prestadír claims to have never heard of a Ranger named Aduiallin before."},{"i":5,"pts":[[-56.70285,-13.980126]],"t":"Adolinda is in a shadowy corner of the Haunted Inn."},{"i":6,"pts":[[-56.70042,-13.995889]],"t":"Bingo is in the Haunted Inn, located in the Dourstocks of Mirkwood. You have learned that Adolinda is not a Ranger at all, but is instead a resident o…"}]}