{"n":"Unwelcome Foragers","lv":144,"maps":[],"steps":[{"i":1,"pts":[[-96.31881,-54.03319],[-96.11277,-54.182407],[-96.05161,-54.313293],[-96.22285,-54.38896],[-95.92746,-54.143505],[-96.31805,-53.6182],[-96.350174,-53.45335],[-96.07311,-53.63646],[-96.36992,-53.720783],[-96.31324,-53.553482],[-96.00552,-53.561417],[-95.994804,-53.722805],[-96.06895,-53.84601],[-96.215385,-53.879017],[-96.048164,-53.406296]],"t":"Derva has asked you to defeat wood-trolls and pick mushrooms. Wood-trolls and the mushrooms she seeks can be found in the woods to the north-west.","kz":{"c":4}},{"i":2,"pts":[[-94.61263,-56.986668]]}]}