{"n":"A Sapling Grows in the Ettenmoors","lv":0,"maps":[],"steps":[{"i":1,"pts":[[-15.725722,-13.83164],[-15.835917,-13.369804],[-16.214756,-13.41915],[-16.119316,-13.730849],[-15.015195,-13.890996],[-15.527119,-13.770674],[-14.975536,-13.295127],[-15.514746,-13.366181],[-14.438867,-16.263847],[-14.635595,-15.736142],[-14.548662,-15.457665],[-14.692695,-14.924492],[-14.548457,-14.400635],[-14.657294,-14.705537],[-18.183847,-18.191494],[-18.396982,-18.566513],[-17.538897,-18.464247],[-17.463282,-18.15672],[-17.353125,-18.062763],[-17.590996,-18.071991],[-17.674864,-18.066992],[-17.862812,-18.327118],[-17.74461,-18.60576],[-17.662811,-18.708427],[-17.88161,-18.703428],[-16.966093,-18.889502],[-16.498692,-19.40332],[-16.61291,-19.171377],[-17.082998,-18.627245],[-17.077997,-18.477919],[-17.00792,-18.650682],[-16.917744,-18.645683],[-16.94,-18.752323],[-16.705917,-18.697382],[-21.50664,-19.87578],[-21.81538,-19.887812],[-21.898241,-20.255262],[-21.627275,-20.282558],[-21.498388,-18.513954],[-21.937557,-18.58539],[-20.831875,-18.912724],[-21.100693,-19.162567],[-21.182558,-18.58039],[-21.119785,-18.439394]],"t":"Search the Ettenmoors for the tremor that stirred the earth, collect it and return it to Faranil at Glân Vraig."},{"i":2,"pts":[[-21.50664,-19.87578],[-21.81538,-19.887812],[-21.898241,-20.255262],[-21.627275,-20.282558],[-21.498388,-18.513954],[-21.937557,-18.58539],[-20.831875,-18.912724],[-21.100693,-19.162567],[-21.182558,-18.58039],[-21.119785,-18.439394],[-20.715918,-12.347666],[-18.183847,-18.191494],[-18.396982,-18.566513],[-17.538897,-18.464247],[-17.463282,-18.15672],[-17.353125,-18.062763],[-17.590996,-18.071991],[-17.674864,-18.066992],[-17.862812,-18.327118],[-17.74461,-18.60576],[-17.662811,-18.708427],[-17.88161,-18.703428],[-16.966093,-18.889502],[-16.498692,-19.40332],[-16.61291,-19.171377],[-17.082998,-18.627245],[-17.077997,-18.477919],[-17.00792,-18.650682],[-16.917744,-18.645683],[-16.94,-18.752323],[-16.705917,-18.697382],[-15.725722,-13.83164],[-15.835917,-13.369804],[-16.214756,-13.41915],[-16.119316,-13.730849],[-15.015195,-13.890996],[-15.527119,-13.770674],[-14.975536,-13.295127],[-15.514746,-13.366181],[-14.438867,-16.263847],[-14.635595,-15.736142],[-14.548662,-15.457665],[-14.692695,-14.924492],[-14.548457,-14.400635],[-14.657294,-14.705537],[-13.555478,-21.061348],[-13.555049,-21.062206],[-18.183847,-18.191494],[-18.396982,-18.566513],[-17.538897,-18.464247],[-17.463282,-18.15672],[-17.353125,-18.062763],[-17.590996,-18.071991],[-17.674864,-18.066992],[-17.862812,-18.327118],[-17.74461,-18.60576],[-17.662811,-18.708427],[-17.88161,-18.703428],[-16.966093,-18.889502],[-16.498692,-19.40332],[-16.61291,-19.171377],[-17.082998,-18.627245],[-17.077997,-18.477919],[-17.00792,-18.650682],[-16.917744,-18.645683],[-16.94,-18.752323],[-16.705917,-18.697382],[-21.50664,-19.87578],[-21.81538,-19.887812],[-21.898241,-20.255262],[-21.627275,-20.282558],[-21.498388,-18.513954],[-21.937557,-18.58539],[-20.831875,-18.912724],[-21.100693,-19.162567],[-21.182558,-18.58039],[-21.119785,-18.439394],[-20.715918,-12.347666],[-18.183847,-18.191494],[-18.396982,-18.566513],[-17.538897,-18.464247],[-17.463282,-18.15672],[-17.353125,-18.062763],[-17.590996,-18.071991],[-17.674864,-18.066992],[-17.862812,-18.327118],[-17.74461,-18.60576],[-17.662811,-18.708427],[-17.88161,-18.703428],[-16.966093,-18.889502],[-16.498692,-19.40332],[-16.61291,-19.171377],[-17.082998,-18.627245],[-17.077997,-18.477919],[-17.00792,-18.650682],[-16.917744,-18.645683],[-16.94,-18.752323],[-16.705917,-18.697382],[-15.725722,-13.83164],[-15.835917,-13.369804],[-16.214756,-13.41915],[-16.119316,-13.730849],[-15.015195,-13.890996],[-15.527119,-13.770674],[-14.975536,-13.295127],[-15.514746,-13.366181],[-14.438867,-16.263847],[-14.635595,-15.736142],[-14.548662,-15.457665],[-14.692695,-14.924492],[-14.548457,-14.400635],[-14.657294,-14.705537],[-13.555478,-21.061348],[-13.555049,-21.062206],[-13.555049,-21.062206],[-21.50664,-19.87578],[-21.81538,-19.887812],[-21.898241,-20.255262],[-21.627275,-20.282558],[-21.498388,-18.513954],[-21.937557,-18.58539],[-20.831875,-18.912724],[-21.100693,-19.162567],[-21.182558,-18.58039],[-21.119785,-18.439394],[-20.715918,-12.347666],[-18.183847,-18.191494],[-18.396982,-18.566513],[-17.538897,-18.464247],[-17.463282,-18.15672],[-17.353125,-18.062763],[-17.590996,-18.071991],[-17.674864,-18.066992],[-17.862812,-18.327118],[-17.74461,-18.60576],[-17.662811,-18.708427],[-17.88161,-18.703428],[-16.966093,-18.889502],[-16.498692,-19.40332],[-16.61291,-19.171377],[-17.082998,-18.627245],[-17.077997,-18.477919],[-17.00792,-18.650682],[-16.917744,-18.645683],[-16.94,-18.752323],[-16.705917,-18.697382],[-15.725722,-13.83164],[-15.835917,-13.369804],[-16.214756,-13.41915],[-16.119316,-13.730849],[-15.015195,-13.890996],[-15.527119,-13.770674],[-14.975536,-13.295127],[-15.514746,-13.366181],[-14.438867,-16.263847],[-14.635595,-15.736142],[-14.548662,-15.457665],[-14.692695,-14.924492],[-14.548457,-14.400635],[-14.657294,-14.705537],[-13.555478,-21.061348],[-13.555049,-21.062206],[-15.725722,-13.83164],[-15.835917,-13.369804],[-16.214756,-13.41915],[-16.119316,-13.730849],[-15.015195,-13.890996],[-15.527119,-13.770674],[-14.975536,-13.295127],[-15.514746,-13.366181],[-14.438867,-16.263847],[-14.635595,-15.736142],[-14.548662,-15.457665],[-14.692695,-14.924492],[-14.548457,-14.400635],[-14.657294,-14.705537],[-21.50664,-19.87578],[-21.81538,-19.887812],[-21.898241,-20.255262],[-21.627275,-20.282558],[-21.498388,-18.513954],[-21.937557,-18.58539],[-20.831875,-18.912724],[-21.100693,-19.162567],[-21.182558,-18.58039],[-21.119785,-18.439394],[-20.715918,-12.347666],[-18.183847,-18.191494],[-18.396982,-18.566513],[-17.538897,-18.464247],[-17.463282,-18.15672],[-17.353125,-18.062763],[-17.590996,-18.071991],[-17.674864,-18.066992],[-17.862812,-18.327118],[-17.74461,-18.60576],[-17.662811,-18.708427],[-17.88161,-18.703428],[-16.966093,-18.889502],[-16.498692,-19.40332],[-16.61291,-19.171377],[-17.082998,-18.627245],[-17.077997,-18.477919],[-17.00792,-18.650682],[-16.917744,-18.645683],[-16.94,-18.752323],[-16.705917,-18.697382],[-15.725722,-13.83164],[-15.835917,-13.369804],[-16.214756,-13.41915],[-16.119316,-13.730849],[-15.015195,-13.890996],[-15.527119,-13.770674],[-14.975536,-13.295127],[-15.514746,-13.366181],[-14.438867,-16.263847],[-14.635595,-15.736142],[-14.548662,-15.457665],[-14.692695,-14.924492],[-14.548457,-14.400635],[-14.657294,-14.705537],[-13.555478,-21.061348],[-13.555049,-21.062206],[-21.50664,-19.87578],[-21.81538,-19.887812],[-21.898241,-20.255262],[-21.627275,-20.282558],[-21.498388,-18.513954],[-21.937557,-18.58539],[-20.831875,-18.912724],[-21.100693,-19.162567],[-21.182558,-18.58039],[-21.119785,-18.439394]],"t":"This was unexpected. Try once more to collect the sapling. Faranil, in Glân Vraig, wants to study the trembling little sapling."},{"i":3,"pts":[[-13.555478,-21.061348]],"t":"Having delivered the sapling to Faranil, you should now speak with the horticulturist to see what she may know of this little sapling."}]}