{"n":"Mission: Lay to Rest","lv":1,"maps":["1879420179"],"steps":[{"i":1,"pts":[[-66.15518,50.813457,"1879420179"],[-66.12566,50.60082,"1879420179"],[-66.18232,50.608204,"1879420179"],[-66.365776,50.782715,"1879420179"],[-66.45075,51.02779,"1879420179"],[-66.64956,50.87504,"1879420179"],[-66.12199,50.99672,"1879420179"],[-66.165886,50.99605,"1879420179"],[-66.373825,50.869434,"1879420179"],[-66.41481,50.731365,"1879420179"],[-66.52491,50.83418,"1879420179"],[-66.30148,51.03736,"1879420179"]],"t":"You should destroy fell sarcophagi and burn the remains of fallen Angmarim.","kz":{"c":6}},{"i":2,"pts":[[-66.01862,50.801563,"1879420179"]],"t":"You should regroup near the entrance to the cave."}]}