{"n":"Blockade on Barazinbar","lv":130,"maps":[],"steps":[{"i":1,"pts":[[-137.55782,70.292145],[-137.48668,70.354195],[-137.22516,70.519394],[-137.23326,70.72551],[-137.38596,70.35449],[-136.92831,70.642815],[-137.18517,70.31603],[-137.09535,70.77787],[-137.09375,70.69369],[-137.0137,70.87922],[-137.14584,71.19246],[-137.03072,71.10701]],"t":"Orcs, goblins, Warg-riders, and barricades can be found at Zaghúth. King Thráin has commanded you to join in the assault at Zaghúth. You should aid th…","kz":{"c":14}},{"i":2,"pts":[[-137.16005,70.75814]],"t":"You have done much to hinder the Orcs and their vile allies at Zaghúth. You should raise a banner of the Haban'akkâ of Thráin at Zaghúth."}]}