{"n":"Gunnberg's Folly","lv":65,"maps":["1879185847"],"steps":[{"i":1,"pts":[[-9.519727,-69.33826,"1879185847"],[-9.972539,-69.26939,"1879185847"],[-9.765204,-69.29815,"1879185847"],[-9.306045,-69.04716,"1879185847"],[-9.240214,-68.8414,"1879185847"],[-8.568145,-69.35294,"1879185847"],[-8.795966,-69.303246,"1879185847"]],"t":"Tribute-piles can be found outside Gunnberg's lair, south of Zudrugund. Frithgeir has asked you to seek out Gunnberg's tribute-piles and destroy them."},{"i":2,"pts":[[-9.556259,-69.6782,"1879185847"]],"t":"Gunnberg's personal tribute-pile lies outside his home in a small mountain pass. Frithgeir has asked you to disturb Gunnberg's personal tribute-pile a…","kz":{"c":1}},{"i":3,"pts":[[51.89572,20.246473]],"t":"Frithgeir is at Zudrugund, north of the giant-ruins. You should return to Frithgeir with news of Gunnberg's defeat."}]}