{"n":"Prologue: A Critical Strike","lv":11,"maps":["1879048542"],"steps":[{"i":1,"pts":[[-43.994766,-26.383896,"1879048542"],[-43.857647,-26.25371,"1879048542"],[-43.980038,-26.254599,"1879048542"],[-44.11413,-26.364414,"1879048542"],[-44.181553,-26.341434,"1879048542"],[-44.216434,-26.40164,"1879048542"],[-44.161552,-26.426533,"1879048542"],[-44.18494,-26.494345,"1879048542"],[-43.949226,-26.322206,"1879048542"],[-43.85259,-26.369864,"1879048542"],[-44.235928,-26.448183,"1879048542"],[-44.264774,-26.42166,"1879048542"],[-44.261883,-26.379961,"1879048542"]],"t":"Jagger Jack and the animal corpses will be in the Blackwold ruins in the north Chetwood, north of the guard-house, east of Combe. Ellie told you to fi…","kz":{"c":1}},{"i":2,"pts":[[53.19336,-2.8005567]],"t":"Ellie Cutleaf's house is in the north-west corner of Combe, on the banks of the pond. You should return to Ellie Cutleaf with word of your victory aga…"}]}