{"n":"Securing Salvage","lv":1,"maps":[],"steps":[{"i":1,"pts":[[-130.99619,-1.1044726],[-131.05249,-1.148789],[-130.88731,-0.9750879],[-130.8409,-1.0280371],[-130.9515,-1.1169629],[-131.23631,-1.1625],[-130.50453,-0.93535155],[-130.51541,-0.93614256],[-130.45897,-0.9220898],[-130.63832,-0.9864453]],"t":"Collect the salvageable supplies washed up on the beach to keep them out of the hands of the Heirs of Castamir.","kz":{"c":12}},{"i":2,"pts":[[-131.3053,-1.1374999]],"t":"Return to your boat with the supplies you collected."}]}