{"n":"The Vilest Offender","lv":81,"maps":["1879238172","1879238237"],"steps":[{"i":1,"pts":[[54.04744,21.498564,"1879238172"],[53.734707,21.198486,"1879238172"],[54.049862,21.582266,"1879238172"],[54.573574,20.9258,"1879238172"],[53.90461,20.9766,"1879238237"],[53.982403,21.200214,"1879238237"],[54.049725,21.511532,"1879238237"],[53.568592,21.207157,"1879238237"],[54.04904,20.96959,"1879238237"],[54.049805,21.120077,"1879238172"],[53.960876,21.242168,"1879238172"],[53.69785,21.175312,"1879238237"],[54.500175,20.892988,"1879238172"],[54.35865,20.741035,"1879238172"],[54.34822,21.244003,"1879238237"],[54.118496,21.20086,"1879238172"],[54.118103,20.861464,"1879238237"],[54.686543,21.200985,"1879238172"],[54.733223,20.914423,"1879238172"],[53.87785,21.230556,"1879238172"],[54.04627,20.899883,"1879238172"],[54.549786,21.274658,"1879238172"],[53.958633,21.049042,"1879238172"]]}]}