{"n":"Nasty Stings","lv":114,"maps":[],"steps":[{"i":1,"pts":[[28.340078,-51.50271],[28.130272,-51.394592],[28.064081,-51.580734],[28.573671,-52.21094],[28.735586,-51.98086],[28.776133,-51.764774],[28.949394,-51.972122],[28.984764,-51.547565],[28.478945,-51.16409],[28.880566,-51.11259],[29.046484,-51.00487],[29.384512,-51.24477],[29.265175,-51.461075]],"t":"Swarming plague-flies and their nests can be found in the wilds of Agarnaith. You should destroy swarming plague-flies and plague-fly nests.","kz":{"c":10}},{"i":2,"pts":[[29.076582,-51.71992],[28.800957,-50.86751],[28.983496,-50.711918],[28.80041,-50.614155],[29.55502,-51.6331],[29.44789,-51.527657]],"t":"Plague-ridden nerbyg and their nests can be found in the wilds of Agarnaith. You should destroy plague-ridden nerbyg and norbog nests.","kz":{"c":10}},{"i":3,"pts":[[27.4883,-50.9012],[27.142519,-50.819275],[28.166172,-50.50015],[28.700449,-50.026775],[28.549452,-50.301216],[28.732754,-49.748936],[29.08949,-49.24712],[29.350311,-49.081913],[29.54834,-48.936752]],"t":"Plagued ash-claws and their dens can be found in the wilds of Agarnaith. You should destroy plagued ash-claws and ash-claw dens.","kz":{"c":10}},{"i":4,"pts":[[28.209179,-51.95761],[28.200174,-51.894455],[28.20033,-51.895634]],"t":"Viznak can be found in his hideout. You should talk to Viznak."}]}