{"n":"Flood-iron for Alêtifa","lv":144,"maps":[],"steps":[{"i":1,"pts":[[-98.20293,-52.013996],[-98.17086,-52.120285],[-98.07068,-52.171352],[-98.07902,-52.287327],[-98.15713,-52.270664],[-98.27471,-51.937088],[-98.193275,-51.919716],[-98.121445,-51.98808],[-97.8747,-53.038143],[-97.71318,-52.930767],[-97.73512,-52.80379],[-97.65281,-52.826313],[-97.87261,-52.82038],[-97.77491,-52.540344],[-97.94724,-52.458244],[-97.739296,-52.576405],[-97.693016,-53.125126],[-97.74925,-53.154305]],"t":"Alêtifa has charged you with gathering ore and thinning the number of wood-trolls blocking the way to the nearby waterfall. Wood-trolls and ore can be…","kz":{"c":8}},{"i":2,"pts":[[-97.55347,-54.943096]],"t":"You should let Alêtifa know that you have cleared some of the wood-trolls out of the area and bring her the ore you gathered. Alêtifa is waiting by th…"}]}