{"n":"Taking Down Lugadúr","lv":155,"maps":[],"steps":[{"i":1,"pts":[[-60.758133,-54.258755],[-60.555965,-54.183628],[-60.466824,-54.470806],[-60.31162,-54.167084],[-60.142723,-54.189598],[-60.252636,-54.38196]],"t":"Go to Glúkroz and destroy goblin weapon racks and defeat Lugadúr, chieftain to the goblins. Glúkroz can be found north-east of Sen Chatâk.","kz":{"c":1}},{"i":2,"pts":[[-63.360176,-55.649887]],"t":"Return to Ahâto in Sen Chatâk to report on Lugadúr's demise."}]}