{"n":"Prisoners of the Dark Lord","lv":108,"maps":["1879356000"],"steps":[{"i":1,"pts":[[52.464138,-1.9019238,"1879356000"]]},{"i":2,"pts":[[52.16281,-1.9996094,"1879356000"],[52.396267,-1.8621777,"1879356000"],[52.009453,-1.9991015,"1879356000"],[51.94955,-1.8050195,"1879356000"],[51.74535,-1.7678906,"1879356000"],[52.1141,-1.8084472,"1879356000"]],"t":"Imprisoned Stout-axes can be found throughout the dungeons of Barad-dûr. In your search for King Váskmun Greytooth, you have found other Stout-axes im…"}]}