{"n":"Level Up: Volume II: Book I (Hunter)","lv":1,"maps":["1879087594"],"steps":[{"i":1,"pts":[[50.886562,-1.1096777],[53.29957,-119.17993,"1879087594"]]}]}