{"n":"Mushrooms in the Marsh","lv":98,"maps":[],"steps":[{"i":1,"pts":[[-61.657265,-72.57704],[-61.45653,-72.4873],[-61.311657,-72.75934],[-61.56115,-72.63122],[-61.549812,-72.42808],[-61.53713,-72.80218],[-61.55155,-72.720436],[-61.44495,-72.63173],[-61.64622,-72.43867],[-61.40782,-72.748566],[-61.505077,-72.73267],[-61.629745,-72.690605],[-61.52827,-72.56336],[-61.622402,-72.77407],[-61.567566,-72.86584],[-61.339775,-72.59128]],"t":"The marsh is just north-east of Tadrent. Haelam has tasked you with collecting mushrooms from the marsh."},{"i":3,"pts":[[-61.521698,-72.6575]],"t":"The big orange mushroom is located in the marsh. Collect the big orange mushroom and be on your guard.","kz":{"c":2}},{"i":4,"pts":[[-62.712177,-74.34219]],"t":"Haelam is in the village of Tadrent. Return to Haelam with the mushrooms."}]}