{"n":"Life After Rhûn","lv":115,"maps":["1879366544"],"steps":[{"i":1,"pts":[[-25.354404,24.338915,"1879366544"],[-25.811201,24.900146,"1879366544"],[-26.187235,24.152334,"1879366544"]],"t":"You should gather items for the Easterling refugees so that they can assist the city of Dale.","kz":{"c":6}},{"i":2,"pts":[[-25.10207,24.091503,"1879366544"],[-24.933895,24.274727,"1879366544"],[-25.034647,24.150507,"1879366544"]],"t":"Dorwinion and Chayasír can be found in and around the city of Dale. You should bring them the items they requested."},{"i":3,"pts":[[51.464394,64.32498]],"t":"You should return to the Queen Regent Erna, who can be found in the Great-keep in Dale."}]}