{"n":"Mission: Captive Wings","lv":1,"maps":["1879418184"],"steps":[{"i":1,"pts":[[46.873028,59.539062,"1879418184"],[46.593437,59.582012,"1879418184"],[46.8733,59.94119,"1879418184"],[46.87334,59.55998,"1879418184"],[46.77951,59.46121,"1879418184"],[47.03705,59.63285,"1879418184"],[46.89504,59.8042,"1879418184"],[46.864704,59.83195,"1879418184"],[46.872852,59.68783,"1879418184"],[46.894627,59.84154,"1879418184"],[47.146854,59.66107,"1879418184"],[46.930214,59.542656,"1879418184"],[46.78068,59.571716,"1879418184"],[47.000896,59.66377,"1879418184"],[46.804626,59.359062,"1879418184"],[47.049786,59.662693,"1879418184"],[46.930916,59.7091,"1879418184"],[46.873104,59.701874,"1879418184"],[46.930645,59.56359,"1879418184"],[46.93082,59.68529,"1879418184"],[46.80959,59.49496,"1879418184"],[46.780174,59.607773,"1879418184"],[46.715527,59.56441,"1879418184"],[46.59363,59.548065,"1879418184"],[47.13322,59.69119,"1879418184"],[47.100975,59.601913,"1879418184"],[46.927715,59.899277,"1879418184"],[46.83826,59.924274,"1879418184"],[46.893593,59.541893,"1879418184"],[46.836445,59.37283,"1879418184"],[46.748005,59.37207,"1879418184"],[46.704647,59.596073,"1879418184"],[46.663574,59.600254,"1879418184"],[46.747147,59.40441,"1879418184"],[46.839394,59.41328,"1879418184"],[46.90381,59.704628,"1879418184"],[46.833008,59.889687,"1879418184"],[46.926895,59.928123,"1879418184"],[47.094296,59.695995,"1879418184"],[47.135212,59.601894,"1879418184"],[46.66959,59.507557,"1879418184"],[46.702538,59.509785,"1879418184"]],"t":"Defeat Angmarim bat-keepers, destroy their vile draughts, and free the fledgling bats.","kz":{"c":8}},{"i":2,"pts":[[46.616756,59.58572,"1879418184"]],"t":"You should return to the entrance of dungeon."}]}