{"n":"Chapter 4: Enemies in the Ever Dark","lv":53,"maps":["1879124363"],"steps":[{"i":1,"pts":[[-111.21254,-7.092412,"1879124363"],[-111.14859,-6.8337207,"1879124363"],[-111.07091,-6.8357615,"1879124363"],[-110.93401,-6.8356442,"1879124363"],[-110.88952,-6.999951,"1879124363"],[-110.62323,-6.9011326,"1879124363"],[-110.70475,-7.0910935,"1879124363"]],"t":"Katûb-zahar, the Word-hoard of Durin, is on the eastern side of the Great Delving, north of a large statue of Durin. Bori has asked you to return to K…","kz":{"c":14}},{"i":2,"pts":[[56.40535,63.05156]],"t":"Bori is in the Chamber of Command, the room up the eastern stairs in the Chamber of the Cross-roads, at the southern entrance to Durin's Way, north of…"}]}