{"n":"Foetid Arrows","lv":130,"maps":[],"steps":[{"i":1,"pts":[[-137.62737,67.99672],[-137.33412,68.18418],[-137.55446,67.87152],[-137.5915,67.80148],[-137.56947,67.92046],[-137.65927,67.94287],[-137.85979,68.29437],[-137.47801,68.22047],[-137.65593,67.8409],[-137.55573,68.09289],[-137.49564,67.91949],[-137.47673,68.117676],[-137.49059,68.121506],[-137.53827,67.88293],[-137.93016,68.326035],[-137.591,67.795235],[-137.50111,68.23424]],"t":"Rung-shakam is located in north-western Azanulbizar. You should collect poisoned arrows and poison pouches in Rung-shakam.","kz":{"c":12}},{"i":2,"pts":[[-135.65672,63.133846]],"t":"Edash is located in Amdân. Bring the arrows and pouches to Edash."}]}