{"n":"A Life's Work","lv":1,"maps":[],"steps":[{"i":1,"pts":[[-135.9129,3.540996],[-135.84383,3.3806639],[-135.76997,3.131543],[-136.03986,3.6440234],[-135.83057,3.7101758],[-135.66893,3.7764158],[-135.75061,3.8400097],[-135.50888,3.5053027],[-135.54704,3.3555467],[-135.56352,3.6451855],[-135.82535,3.6516697],[-135.71019,3.608701],[-135.63445,3.7647069],[-135.6672,3.867744],[-135.58337,3.5835059],[-135.46431,3.5330076],[-135.421,3.4392383],[-135.55894,3.390947],[-135.53345,3.6352928]],"t":"Recover the research and destroy the Ghax-hophra nests."},{"i":2,"pts":[[-135.46004,3.3813574]],"t":"Defeat the Ghax-hophra Hive-queen!","kz":{"c":1}}]}