{"n":"Mission: Stepping into the Drearspire","lv":1,"maps":[],"steps":[{"i":1,"pts":[[-69.48638,52.683514],[-69.753555,52.646465],[-69.4645,52.91506],[-69.972145,52.946033],[-69.2896,52.907986],[-69.397766,52.541737],[-69.06656,52.565586],[-69.09221,52.743515],[-68.81018,52.549217],[-68.98909,52.537304]],"t":"You should defeat Frost-horde drake emissaries and destroy Angmarim coffers found throughout the area.","kz":{"c":4}},{"i":2,"pts":[[-69.64823,52.559883]],"t":"You should regroup at the bottom of the stairs where the mission began."}]}