{"n":"Leech Hunt","lv":115,"maps":[],"steps":[{"i":1,"pts":[[11.493535,-65.64843],[11.518212,-65.355835],[11.590703,-65.10619],[11.362128,-64.87835],[11.177695,-64.69785],[10.90208,-64.46873],[11.426221,-64.5752],[10.915107,-64.2803],[10.96164,-63.99242],[10.875664,-63.760754],[11.1051855,-63.710808],[11.22914,-63.88922],[11.534297,-63.651184],[11.4466305,-64.005905],[11.50252,-64.29829],[11.317666,-63.550583],[11.272802,-63.247505],[12.161738,-66.12674],[12.337481,-66.31267],[11.91248,-65.35763],[11.709922,-65.78715],[12.011523,-65.90922],[11.871855,-65.60389],[12.20246,-65.299706],[12.1886425,-65.58336],[12.281709,-65.933975],[11.621025,-64.84809],[11.755996,-65.16089],[12.0253315,-65.06921],[12.291553,-65.113686],[12.110341,-64.759674],[12.30666,-64.58846],[11.965966,-64.47945],[11.927686,-64.19476],[12.25919,-64.14104],[11.958144,-63.826557],[11.670957,-63.89856],[11.713916,-63.406097],[11.869599,-63.495296],[12.612012,-66.47665]],"t":"Voracious leeches can be found in the waters of Dath Nethryn. You should defeat voracious leeches.","kz":{"c":10}}]}