{"n":"Mission: Frosty Reception","lv":1,"maps":[],"steps":[{"i":1,"pts":[[-28.646553,32.27412],[-28.754442,32.14343],[-28.004307,30.771269],[-28.109238,30.513319],[-28.03249,30.891104],[-27.974989,30.998808],[-27.965849,31.31745],[-27.845907,30.871416],[-27.819853,31.741465],[-27.889814,31.798456],[-27.956923,32.01714],[-28.038065,32.09775],[-27.885399,31.917187],[-28.1454,32.053123],[-28.224237,32.227783],[-28.263954,32.149796],[-28.755829,32.330242],[-28.762226,32.3242],[-28.789814,32.315594],[-28.827293,32.13407],[-28.81907,32.134815],[-28.797743,32.12878],[-28.139736,30.375654],[-28.128906,30.399364],[-28.132568,30.391659],[-28.1246,30.74077],[-28.124853,30.723925],[-28.139961,30.711279],[-27.826992,30.986914],[-27.83704,30.974472],[-27.838564,30.966396],[-27.890419,31.079384],[-27.914795,31.098652],[-27.905302,31.112518],[-28.012987,31.0862],[-28.000868,31.100048],[-28.013231,31.10002],[-28.00706,31.447353],[-27.998348,31.475595],[-27.996307,31.448875],[-28.314676,32.18367],[-28.311142,32.174393],[-28.316053,32.152557],[-28.086016,32.153603],[-28.085606,32.1383],[-28.101982,32.126648],[-28.098026,32.00825],[-28.074667,32.010593],[-28.064022,32.001026],[-27.924774,31.978563],[-27.91453,31.957333],[-27.901562,31.953388],[-27.867275,31.63246],[-27.880487,31.613749],[-27.878271,31.603876],[-28.02079,31.74123],[-28.021854,31.710888],[-28.018427,31.674755],[-27.950829,31.77254],[-27.92495,31.753954],[-27.949629,31.751133],[-27.759844,31.82586],[-27.771269,31.813066],[-27.761024,31.792969]],"t":"Assist the Longbeard Dwarves in defeating the frost-drake assault.","kz":{"c":10}},{"i":2,"pts":[[-28.13622,30.19827]],"t":"Make your way back down the mountain slope."}]}