{"n":"A Surfeit of Weapons","lv":1,"maps":[],"steps":[{"i":1,"pts":[[-76.15794,-34.399063],[-76.03918,-34.670654],[-76.31301,-34.262314],[-76.298996,-34.35918],[-76.05981,-34.333477],[-75.92978,-34.49497],[-76.07713,-34.144756],[-76.19373,-34.136963],[-76.1044,-34.238426],[-76.19997,-34.498016]],"t":"Your mission is to steal weapons from within a nearby Ekhamâti camp and defeat as many soldiers as you can. You must make it out before reinforcements…","kz":{"c":12}},{"i":2,"pts":[[-76.360504,-34.47243]],"t":"Return to the entrance and escape the camp before reinforcements arrive!"}]}