{"n":"Covert Operations","lv":115,"maps":[],"steps":[{"i":2,"pts":[[-31.309248,14.284443]],"t":"You should talk to Thorlind, who can be found in Loeglond."},{"i":3,"pts":[[-28.738407,13.814951],[-28.648613,14.285976],[-28.487001,14.734219],[-28.898876,14.501543]],"t":"You should travel to Esgaroth-of-old, which is located east of Loeglond."},{"i":4,"pts":[[-28.695047,14.408671],[-28.885586,14.142558],[-28.682129,14.415371],[-28.890253,14.153994],[-28.689854,14.405781],[-28.88875,14.140176],[-28.735643,14.52751],[-28.816103,14.352549],[-28.738867,14.537119],[-28.826698,14.328994],[-28.727451,14.544121],[-28.819286,14.330908]],"t":"The voices were coming from somewhere in the ruins of Esgaroth-of-old, upon the Long Lake. You should investigate the voices, listening when you can a…","kz":{"c":6}},{"i":5,"pts":[[-29.18289,14.719727]],"t":"You should talk to Thorlind, who can be found just outside of Esgaroth-of-old."}]}