{"n":"Level Up: Book III","lv":1,"maps":["1879087594"],"steps":[{"i":1,"pts":[[50.870937,-1.1382812],[53.297165,-119.17896,"1879087594"]]}]}