{"n":"Orcs in the Great Court","lv":131,"maps":[],"steps":[{"i":2,"pts":[[-115.21179,-47.800716],[-115.39456,-47.954536],[-115.29119,-48.02361],[-115.01547,-48.017128],[-114.87271,-48.155567],[-114.96783,-47.653793],[-114.94625,-47.45032],[-115.280205,-47.561356],[-115.135574,-47.529404],[-114.67177,-48.283623]],"t":"Tholmuzog can be found north-west of Búshatap in Máttugard. You should locate Tholmuzog."},{"i":3,"pts":[[-115.43898,-47.94527],[-115.136055,-47.693108],[-115.4578,-47.8995],[-115.250694,-47.913334],[-115.08599,-47.63417],[-115.04967,-47.69396],[-114.82616,-47.383415],[-114.93994,-47.527798],[-114.628075,-48.42612],[-114.51204,-48.3852]],"t":"Tholmuzog can be found north-west of Búshatap in Máttugard. You should defeat Orcs and trolls at Tholmuzog and discover what they plan to do in Máttug…","kz":{"c":10}},{"i":4,"pts":[[-114.7162,-48.664783]],"t":"Hetbrúda can be found near Tholmuzog. You should bring the Orc-orders to Hetbrúda."}]}