{"n":"Herbs and Simples","lv":29,"maps":[],"steps":[{"i":1,"pts":[[-43.492214,-10.875527],[-43.47381,-11.187226],[-43.288837,-11.222666],[-43.126923,-11.343193],[-43.46152,-11.586972],[-43.039646,-11.454814],[-43.000557,-11.461914],[-42.876728,-11.438749],[-42.95042,-11.38581],[-43.05072,-11.519394],[-42.064297,-12.897324],[-42.658787,-12.524648],[-42.5036,-12.457236],[-42.66658,-12.476768],[-42.374382,-12.958027],[-42.577938,-12.862255],[-42.44254,-12.567451],[-42.280224,-12.615859],[-42.09154,-12.6057415],[-42.71745,-12.941006],[-42.692383,-11.668232],[-42.68377,-11.917753],[-42.67672,-12.367851],[-42.52672,-12.264707],[-42.57924,-11.63707],[-42.672607,-11.984219],[-42.762558,-11.707851],[-42.395714,-12.318721],[-42.237167,-12.38457],[-42.198112,-12.314726],[-42.665222,-11.107217],[-42.62159,-11.169687],[-42.768116,-11.213906],[-42.618797,-11.42205],[-42.74712,-10.934561],[-42.75902,-11.121855],[-42.54836,-11.369795],[-42.782608,-11.596162],[-46.055164,-6.6119823],[-46.322655,-6.7483497],[-45.510643,-6.2286134],[-45.62787,-6.703037],[-45.794678,-6.2573924],[-44.96284,-6.364199],[-45.106766,-6.3970313],[-44.811237,-6.7395897],[-44.82239,-6.4852147],[-45.172977,-6.722568],[-45.183308,-6.607012],[-43.70461,-6.9996777],[-44.206005,-6.869795],[-43.652588,-7.3353124],[-43.777256,-7.464287],[-43.458534,-6.973027],[-43.410713,-6.9410253],[-43.361572,-7.0004883],[-43.318497,-7.19916],[-43.388916,-7.2465234],[-43.115284,-7.4843554],[-43.056873,-6.82832],[-42.960155,-6.887041],[-42.981007,-6.959785],[-42.851395,-7.0567284],[-43.50829,-6.1910934],[-42.828564,-6.622568],[-42.895897,-6.2184763],[-45.45091,-14.3473625],[-45.64216,-14.307187],[-45.24701,-14.201962],[-45.35453,-14.085263],[-45.432137,-14.04917],[-45.290653,-13.5264845],[-45.51359,-13.6686325],[-45.934326,-13.650957],[-45.801014,-13.7587595],[-45.445057,-13.911611],[-45.40535,-13.720908],[-45.238018,-13.314287],[-45.30611,-13.820829],[-45.46214,-13.864033],[-45.621563,-13.781972],[-44.71286,-14.415928],[-45.032635,-14.310322],[-44.61534,-14.130449],[-44.899433,-14.035654],[-44.53837,-13.1939745],[-45.03703,-13.140644],[-44.675556,-13.095204],[-44.808407,-13.183369],[-44.965714,-13.080839],[-43.848515,-14.912665],[-44.192253,-14.874091],[-44.09876,-15.114072],[-43.722157,-15.217968],[-43.692566,-15.131562],[-43.767685,-15.510273],[-43.82167,-15.376543],[-43.617413,-15.013965],[-44.23085,-14.679785],[-44.059902,-14.731601],[-44.232372,-14.09373],[-44.346004,-14.263251],[-43.81573,-14.158447],[-43.899395,-14.738584],[-43.640976,-14.68666],[-44.391357,-13.69956],[-44.170216,-13.622343],[-44.160732,-13.48084],[-43.933056,-13.525469],[-44.303047,-13.837148],[-43.607635,-13.943438],[-43.746006,-13.917187],[-44.000595,-13.850595],[-43.5109,-15.551758],[-43.46909,-14.923379],[-42.9958,-15.215713],[-43.230038,-15.060527],[-43.03631,-14.920077],[-43.253513,-15.239297],[-43.481083,-14.440517],[-43.20165,-14.697471],[-43.00668,-14.490546],[-42.939354,-14.698671],[-43.08327,-14.156582],[-43.439774,-14.042177],[-43.25742,-14.290917],[-43.445087,-13.952266],[-43.465202,-13.7856245],[-43.291424,-13.98499],[-42.466434,-14.838769],[-42.308643,-14.922763],[-42.44211,-15.068632],[-42.6632,-15.051289],[-42.782646,-15.007099],[-42.590897,-14.808476],[-42.642296,-14.663174],[-42.72295,-14.530449],[-42.54993,-14.743242],[-42.449783,-14.642236],[-42.21992,-14.793838],[-42.235302,-14.663955]],"t":"Periwinkle can be found among rock outcroppings atop the hills of Nan Amlug, near Othrikar. Meadowsweet can be found in south facing tree roots in the…"},{"i":2,"pts":[[-47.27382,-9.42626]],"t":"Orthonn is in Kingsfell, north of Gatson's Farm. You should bring the herbs you gathered to Orthonn."}]}