{"n":"A Fighting Chance","lv":115,"maps":[],"steps":[{"i":1,"pts":[[9.082783,-54.77778],[9.133974,-54.755928],[9.47042,-55.726902],[9.516289,-55.724495],[9.840781,-54.698223],[9.455801,-54.178833],[9.520683,-54.1681],[9.762012,-54.67068],[10.1672945,-55.44717],[10.159834,-55.39382]],"t":"Bregdal has asked you to defeat foes in Dâr Mauzur and destroy Orkish barriers.","kz":{"c":12}}]}