{"n":"Rescue by Moonlight","lv":1,"maps":[],"steps":[{"i":1,"pts":[[-92.31881,-21.68207],[-92.035385,-21.280703],[-91.951935,-21.384443],[-92.10787,-21.362246],[-91.72386,-21.362236],[-91.70732,-21.54378],[-91.92517,-21.83159],[-92.22281,-21.346348],[-92.22424,-21.118965],[-92.01926,-20.961855],[-91.88658,-21.02249]],"t":"The Dourhands control the port-city of Kheledûl, where Avorthal will soon be taken aboard a ship destined northward. This Dourhand stronghold is also …","kz":{"c":12}},{"i":2,"pts":[[-91.37626,-21.444433]],"t":"You have collected the treasure-boxes and eliminated many of Kheledûl's Dourhand occupants. Now you must get to the Irestone, the ship preparing to ta…"},{"i":3,"pts":[[-91.41027,-21.486366]],"t":"Avorthal is on the deck of the Irestone, still docked at Kheledûl. You should free Avorthal."}]}