{"n":"Crystal Containment","lv":139,"maps":[],"steps":[{"i":1,"pts":[[-74.2338,47.898357],[-74.23446,47.80074],[-74.2972,47.806892],[-74.20878,47.79588],[-74.31274,48.000877],[-74.29243,48.04379],[-74.17491,48.066776],[-74.161064,48.01779],[-74.1138,48.00414],[-74.083336,47.974747],[-74.12456,47.894825],[-74.14536,47.863632],[-74.17138,47.78172]],"t":"Glowing crystals can be found in Mullach Cagar. You should destroy these crystals and defeat the released fell spirits.","kz":{"c":4}},{"i":2,"pts":[[-75.22859,49.030018]],"t":"You have defeated many fell spirits in Mullach Cagar, preventing them from being used to make wights. You should report to Molkha in the valley."}]}