{"n":"Deadly Rain in Cloudyhead Pass","lv":130,"maps":[],"steps":[{"i":1,"pts":[[-131.79236,67.57631],[-131.82014,67.57338],[-131.76753,67.5773],[-131.7493,67.563515],[-131.83969,67.560196],[-131.82745,67.5697],[-131.83275,67.56527],[-131.96323,67.701935],[-131.94151,67.71125],[-131.89713,67.716484],[-131.86775,67.70152],[-131.85326,67.68652],[-131.9521,67.708984],[-131.78326,67.57517],[-131.75484,67.570816],[-131.90959,67.71516],[-131.86218,67.69242]],"t":"Archers can be found on the western overpass above the Cloudyhead Pass. You should defeat archers and relieve them of their weapons.","kz":{"c":10}},{"i":2,"pts":[[-134.92734,63.668633]],"t":"Valdi is located in Amdân. Bring the arrows to Valdi."}]}