{"n":"Chapter 5.4 She Who Remained","lv":115,"maps":["1879366215"],"steps":[{"i":1,"pts":[[51.964764,-72.02759,"1879366215"],[51.99455,-72.581856,"1879366215"],[52.22664,-72.201096,"1879366215"],[52.015095,-72.70535,"1879366215"],[51.399315,-72.37228,"1879366215"]],"t":"Servants of Sauron and evil relics can be found throughout the halls and chambers of Gostador.","kz":{"c":12}},{"i":2,"pts":[[51.634415,-71.96372,"1879366215"],[51.964764,-72.02759,"1879366215"],[51.99455,-72.581856,"1879366215"],[52.22664,-72.201096,"1879366215"],[52.015095,-72.70535,"1879366215"],[51.399315,-72.37228,"1879366215"]],"t":"Sigileth is in her hideout at the Sorcerer's Stores, in Gostador."}]}