{"n":"The Forgotten Quarry","lv":101,"maps":[],"steps":[{"i":1,"pts":[[-31.192108,-52.348465],[-31.192108,-51.558598],[-31.09535,-50.781128],[-30.702372,-53.128212],[-30.408573,-52.348465],[-30.538193,-51.564144],[-30.541473,-50.399788],[-30.531717,-50.781128],[-29.981318,-51.172955]],"t":"Nardol Quarry is located in south-western Taur Drúadan. You should investigate Nardol Quarry."},{"i":2,"pts":[[-30.633583,-52.74037]],"t":"Enemies and the source of these Dheghûn can be found at Nardol Quarry. You should defeat foes and explore Nardol Quarry.","kz":{"c":10}},{"i":3,"pts":[[-29.952393,-51.16066]],"t":"Rhûd-pulo-Drât can be found in Nardol Quarry. You should speak with Rhûd-pulo-Drât."}]}