{"n":"Chapter 6: Goblins in the Western Halls","lv":54,"maps":["1879124363"],"steps":[{"i":1,"pts":[[-113.260345,-11.74916,"1879124363"],[-113.40236,-11.060517,"1879124363"],[-112.75088,-11.235566,"1879124363"],[-112.75464,-10.881885,"1879124363"],[-112.800644,-10.620566,"1879124363"],[-112.86279,-10.498554,"1879124363"],[-111.77067,-10.141933,"1879124363"],[-111.3412,-11.006748,"1879124363"],[-110.97879,-11.088574,"1879124363"],[-111.25223,-11.174775,"1879124363"],[-111.572685,-11.260957,"1879124363"],[-111.11919,-10.206064,"1879124363"],[-111.28212,-10.414795,"1879124363"],[-111.154945,-10.489375,"1879124363"]],"t":"Goblins can be found among the Silvertine Lodes, south and below the Great Delving, and their maps can be found within Gamil Filik, the mine they have…","kz":{"c":18}},{"i":2,"pts":[[56.415077,62.921932]],"t":"Brogur is in the Chamber of Command, up the eastern stairs in the Chamber of the Cross-roads, located at the southern entrance to Durin's Way, north o…"},{"i":3,"pts":[[-112.11726,-5.1380076]],"t":"Bósi is in the Chamber of the Cross-roads, just outside the Chamber of Command. Brogur has not seen anything of use on the crude goblin-maps you found…"}]}