{"n":"Wings of Vigilance","lv":140,"maps":[],"steps":[{"i":1,"pts":[[-23.135311,-78.86038],[-23.444061,-78.8461],[-23.233856,-78.66122],[-23.089746,-78.62474],[-22.989843,-78.77298],[-22.820263,-78.42729],[-23.000977,-78.48165],[-23.349453,-78.59315],[-22.938602,-78.66764]],"t":"Dierna has asked you to investigate Aegollant, release captured deserters, and to cull the number of bandits in the area. Aegollant is south-west of A…","kz":{"c":8}},{"i":2,"pts":[[-24.204071,-76.18973]],"t":"The deserters have been freed and many bandits defeated. You should talk to Dierna. Dierna is in Arnach."}]}