{"n":"Bounty: Recovery of Riches","lv":98,"maps":[],"steps":[{"i":1,"pts":[[-57.283592,-62.31296],[-56.568592,-63.06529],[-56.89497,-63.005238],[-57.034492,-62.538006],[-56.84619,-62.65688],[-56.642197,-62.334396],[-56.86035,-62.61829],[-57.15036,-62.178493],[-56.863983,-62.525703]],"t":"Stolen treasure from the vault of Calembel can be found on Corsairs in northern Lamedon. You should recover stolen treasures from the Corsairs.","kz":{"c":1}},{"i":2,"pts":[[-55.916416,-67.12249]],"t":"Laindir can be found in Calembel in Lamedon. You should return to Laindir and collect your reward for recovering the stolen goods."}]}