{"n":"Arms Saboteur","lv":1,"maps":["1879513797"],"steps":[{"i":1,"pts":[[53.318497,68.98847,"1879513797"],[53.27131,68.87639,"1879513797"],[53.20164,68.86865,"1879513797"],[53.199745,68.92934,"1879513797"],[53.293377,68.91141,"1879513797"],[52.830467,68.829765,"1879513797"],[52.93535,68.81523,"1879513797"],[52.80701,68.781975,"1879513797"],[52.87773,68.942635,"1879513797"],[52.93246,68.94619,"1879513797"],[52.576817,69.001465,"1879513797"],[52.55373,68.92109,"1879513797"],[52.5782,68.81107,"1879513797"],[52.6191,68.80351,"1879513797"],[52.62527,68.93631,"1879513797"],[53.19045,68.81953,"1879513797"],[53.313515,68.822014,"1879513797"],[53.24816,68.94257,"1879513797"],[53.137478,68.93193,"1879513797"],[53.1874,68.982185,"1879513797"],[52.82617,68.741264,"1879513797"],[52.870743,68.81271,"1879513797"],[52.932674,68.78313,"1879513797"],[52.92488,68.70244,"1879513797"],[52.97998,68.78135,"1879513797"],[52.587185,68.88359,"1879513797"],[52.49291,68.80162,"1879513797"],[52.485153,68.917496,"1879513797"],[52.618923,68.87193,"1879513797"],[52.6274,68.9732,"1879513797"]],"t":"While fighting off any guards within, destroy any caches of spears and bows that you might find.","kz":{"c":10}}]}