{"n":"The Den of Wargs","lv":120,"maps":["1879388665"],"steps":[{"i":1,"pts":[[42.90119,-61.586258,"1879388665"]]}]}