{"n":"Rebuilding - Carts","lv":0,"maps":["1879147413"],"steps":[{"i":2,"pts":[[51.75877,40.484863],[-1.9019336,-64.6262,"1879147413"]]}]}