{"n":"Book 14, Chapter 1: The Battle Is Won","lv":95,"maps":["1879302990"],"steps":[{"i":1,"pts":[[-17.440039,70.38017,"1879302990"]],"t":"Théoden King is to the south of Gandalf, on the field before the Hornburg, after sunrise. Gandalf has given you a number of healing poultices and want…"},{"i":2,"pts":[[-18.13086,68.97808,"1879302990"],[-18.468037,68.4708,"1879302990"],[-18.25755,70.176636,"1879302990"],[-17.929766,68.29973,"1879302990"],[-17.326952,68.66449,"1879302990"],[-17.40373,69.653885,"1879302990"],[-17.263153,69.28275,"1879302990"],[-17.741386,69.846466,"1879302990"],[-17.928038,69.67492,"1879302990"],[-17.842411,69.43432,"1879302990"],[-17.381094,69.2509,"1879302990"],[-17.29956,69.76904,"1879302990"],[-17.435703,70.52947,"1879302990"],[-17.271797,71.16627,"1879302990"],[-17.059473,69.854706,"1879302990"],[-16.688555,69.90654,"1879302990"],[-16.793222,69.25125,"1879302990"],[-16.894688,69.91041,"1879302990"],[-17.168623,69.39953,"1879302990"],[-16.544306,70.73707,"1879302990"],[-16.529266,70.18361,"1879302990"],[-16.636415,71.2383,"1879302990"],[-18.08077,68.62603,"1879302990"],[-18.507881,68.573654,"1879302990"],[-18.195438,70.33121,"1879302990"],[-17.636465,68.13052,"1879302990"],[-17.634668,68.51203,"1879302990"],[-17.669277,69.82746,"1879302990"],[-17.379364,69.44713,"1879302990"],[-17.875889,69.47308,"1879302990"],[-17.62167,69.44951,"1879302990"],[-17.344639,69.877945,"1879302990"],[-17.614872,69.23908,"1879302990"],[-17.419502,69.36193,"1879302990"],[-17.417606,70.697105,"1879302990"],[-17.309267,70.99322,"1879302990"],[-16.714453,69.41156,"1879302990"],[-16.844063,69.705894,"1879302990"],[-17.12659,69.50894,"1879302990"],[-17.003798,69.482475,"1879302990"],[-16.621855,69.70562,"1879302990"],[-16.788233,70.506584,"1879302990"],[-16.735752,70.20127,"1879302990"],[-16.547216,71.08566,"1879302990"],[-18.361816,69.079025,"1879302990"],[-18.635176,68.48912,"1879302990"],[-18.369717,70.327515,"1879302990"],[-17.67332,67.93789,"1879302990"],[-17.428808,69.15471,"1879302990"],[-17.563887,69.63802,"1879302990"],[-17.710976,69.53461,"1879302990"],[-17.93283,69.937225,"1879302990"],[-17.690361,70.71125,"1879302990"],[-17.506933,71.127106,"1879302990"],[-16.845322,69.47291,"1879302990"],[-16.718594,70.70806,"1879302990"],[-16.573505,70.32955,"1879302990"],[-17.092276,70.941734,"1879302990"],[-18.151943,69.00635,"1879302990"],[-18.687714,68.630646,"1879302990"],[-18.23416,70.494316,"1879302990"],[-17.701982,68.30982,"1879302990"],[-17.565966,68.60632,"1879302990"],[-17.469862,69.904434,"1879302990"],[-17.513506,69.420876,"1879302990"],[-17.890087,69.77826,"1879302990"],[-17.539198,70.597305,"1879302990"],[-17.381317,71.17961,"1879302990"],[-17.019024,69.28941,"1879302990"],[-16.828974,70.73141,"1879302990"],[-16.793545,70.37037,"1879302990"],[-16.733408,71.13584,"1879302990"]],"t":"Gandalf has asked you to bring healing poultices to injured men in Helm's Deep, and the King has asked you to bring his command to any men nearby who …"},{"i":4,"pts":[[-16.932508,70.53701,"1879302990"]],"t":"Erkenbrand is on the field of battle outside the Hornburg, after sunrise. Théoden asked you to find Erkenbrand on the field of victory and to thank hi…"},{"i":5,"pts":[[-16.936533,70.51994,"1879302990"]],"t":"Éomer is on the field of victory outside the Hornburg, after sunrise."},{"i":6,"pts":[[48.143692,-9.166816]],"t":"Déorwine is inside the fortress of the Hornburg, after sunrise. Éomer thinks you should rest for a few hours inside the fortress of the Hornburg, befo…"}]}