{"n":"The Isles: Gangur's Vision","lv":145,"maps":[],"steps":[{"i":1,"pts":[[-132.34142,2.2886035],[-133.34897,2.8741698],[-133.48706,2.7516894],[-133.42787,2.6931932],[-133.40855,2.5502832],[-133.34682,2.4572558],[-132.56912,2.540537],[-132.46947,2.4097557],[-132.66942,2.6791797],[-132.6478,2.3148046],[-132.73895,2.2141113],[-132.80116,2.2716308],[-132.86241,2.408369],[-132.87473,2.3201659]],"t":"Gangur Farwend has asked you to retrieve the pick-axe and satchel he lost when he fell overboard. Additionally, he wants you to bring him rock samples…"},{"i":2,"pts":[[-132.58226,2.6622949],[-132.34142,2.2886035],[-133.34897,2.8741698],[-133.48706,2.7516894],[-133.42787,2.6931932],[-133.40855,2.5502832],[-133.34682,2.4572558],[-132.56912,2.540537],[-132.46947,2.4097557],[-132.66942,2.6791797],[-132.6478,2.3148046],[-132.73895,2.2141113],[-132.80116,2.2716308],[-132.86241,2.408369],[-132.87473,2.3201659]],"t":"Gangur Farwend waits for you to bring him his items on the island where he washed ashore."},{"i":3,"pts":[[-132.50163,0.3601953],[-132.47478,0.26969725],[-132.56769,0.19370116],[-132.52187,0.08208007],[-132.43214,-0.0034570312],[-132.28177,0.13764648],[-132.31793,0.125625],[-132.26125,0.27764648],[-132.32922,0.28862303]],"t":"Gangur asked you to defeat worms and drakes in the high places of an island to the south, and to search their lair for corroded rock samples that migh…","kz":{"c":6}},{"i":4,"pts":[[-130.20267,-0.657666],[-132.50163,0.3601953],[-132.47478,0.26969725],[-132.56769,0.19370116],[-132.52187,0.08208007],[-132.43214,-0.0034570312],[-132.28177,0.13764648],[-132.31793,0.125625],[-132.26125,0.27764648],[-132.32922,0.28862303]],"t":"Gangur Farwend has returned to the Wave-hunter on the Shield Isles and waits for you to bring him the corroded rock samples he requested."}]}