{"n":"Vale of Shadow","lv":100,"maps":[],"steps":[{"i":1,"pts":[[-48.173447,-72.46974],[-48.13491,-72.62867],[-47.84244,-72.44077],[-47.82038,-72.41392],[-48.07782,-72.4602],[-48.065575,-72.52199],[-47.846336,-72.53184],[-47.87823,-72.51873],[-48.211502,-72.58103],[-48.074512,-72.47602],[-48.037743,-72.429634],[-48.139412,-72.43049],[-47.803974,-72.51329],[-47.825245,-72.50598]],"t":"The lumber camp is located east of Ethring in Ringló Vale. You should search the Lumber camp for any survivors and defeat any Orcs.","kz":{"c":5}}]}