{"n":"At the Mercy of the Anduin","lv":100,"maps":["1879323603"],"steps":[{"i":1,"pts":[[-9.897109,-64.259186,"1879323603"],[-9.817206,-64.25483,"1879323603"],[-9.830576,-64.33438,"1879323603"],[-9.881924,-64.34036,"1879323603"],[-9.930204,-64.33935,"1879323603"],[-9.776962,-64.36731,"1879323603"],[-9.689854,-64.374855,"1879323603"],[-9.86872,-63.801853,"1879323603"],[-9.884375,-63.714428,"1879323603"],[-9.92914,-63.718075,"1879323603"],[-9.798535,-63.714485,"1879323603"],[-9.698593,-63.721474,"1879323603"],[-9.696982,-63.79958,"1879323603"],[-9.648603,-63.799427,"1879323603"],[-9.650117,-64.36126,"1879323603"]],"t":"Orc raft-builders and their designs can be found along the Anduin in southern Osgiliath. Golthor has asked you to sabotage Orkish bridge-rafts and sla…","kz":{"c":8}},{"i":2,"pts":[[53.217087,69.13504]],"t":"Golthor can be found in the tunnels beneath Osgiliath. You have dealt a harsh blow to the Orcs along the Anduin and should now return to Golthor."}]}