{"n":"Harlanc: Ranger Caches","lv":100,"maps":["1879322485","1879322487"],"steps":[{"i":1,"pts":[[-11.688857,-75.751076,"1879322485"],[-11.203828,-76.0754,"1879322485"],[-11.584346,-75.91751,"1879322485"],[52.999256,70.91389],[53.003983,71.34111]],"t":"Harlanc is located south of Bâr Húrin. You should enter the central building in the ruins at Harlanc."},{"i":2,"pts":[[53.000683,70.83932]],"t":"Harlanc is located south of Bâr Húrin. You should enter the central building in the ruins at Harlanc."},{"i":3,"pts":[[53.041893,70.89189],[52.957558,70.892265],[52.827675,70.83351],[52.82869,70.86809],[53.171738,70.832985],[53.17031,70.86726],[52.883904,71.10398],[53.08451,71.02289],[53.12502,71.35478],[53.096054,71.42414],[53.04988,71.42367],[52.98459,71.423706],[53.011833,71.42496],[52.9725,71.40068],[52.981346,71.34654],[52.974804,71.313],[52.976658,71.28779],[53.11951,71.31648],[52.88252,71.03121],[53.113358,71.09451]],"t":"Harlanc is located south of Bâr Húrin. You should retrieve Ranger supplies from within the ruins at Harlanc.","kz":{"c":4}},{"i":4,"pts":[[53.4257,73.81316,"1879322487"]],"t":"Thurindol can be found in the keep at Bâr Húrin. You should return the Ranger supplies you recovered to Thurindol."}]}