{"n":"Bounty: Akílu the Feaster","lv":159,"maps":[],"steps":[{"i":1,"pts":[[-82.24121,-51.79392],[-82.17234,-51.93569],[-82.34829,-51.941807],[-82.35281,-52.07012],[-82.27404,-52.18796],[-82.457214,-52.254776],[-82.442764,-52.059177],[-82.587105,-52.14746],[-82.721054,-52.348747],[-82.76654,-51.88184],[-82.551636,-51.87118],[-82.43258,-51.946278]],"t":"You have accepted a bounty to defeat Akílu the Feaster and clean up the Fane of Shahûru. You should travel to the Fane of Shahûru, north of Ahâba and …","kz":{"c":1}},{"i":2,"pts":[[-82.93115,-55.538006],[-82.374725,-57.127617]],"t":"You have defeated Akílu the Feaster and cleaned up the Fane of Shahûru. You should return to Shâpar in Ahâba for your reward."}]}