{"n":"A Taste for Crab","lv":1,"maps":[],"steps":[{"i":1,"pts":[[-121.45512,-11.378925],[-121.621,-11.373925],[-121.78479,-11.305371],[-121.34394,-11.422226],[-121.23525,-11.372402],[-121.09547,-11.431201],[-121.001656,-11.360332],[-120.70886,-11.467988],[-120.862206,-11.375977],[-120.52946,-11.434688],[-120.43922,-11.462978]],"t":"Aid the harvest on the Shield Isles by collecting shellfish from traps and fighting great crabs for their claws."},{"i":2,"pts":[[-120.559044,-11.553046]],"t":"Defeat the crab cast-mother.","kz":{"c":1}}]}