{"n":"Sowing Mayhem","lv":80,"maps":["1879240561"],"steps":[{"i":1,"pts":[[-62.675156,-49.093548,"1879240561"]]},{"i":2,"pts":[[-62.840096,-49.279655,"1879240561"],[-62.861355,-49.223095,"1879240561"],[-62.916393,-49.270683,"1879240561"],[-62.803925,-48.92229,"1879240561"],[-62.844128,-48.96326,"1879240561"],[-62.675163,-49.371433,"1879240561"],[-62.41551,-49.041924,"1879240561"],[-62.616932,-48.975315,"1879240561"],[-62.484978,-49.027973,"1879240561"],[-62.440517,-48.98689,"1879240561"]],"t":"Orc-tents can be found at Maustazg, east of Eaworth, in the Entwash Vale. You should take the opportunity to sow mayhem among the Orcs by burning thei…"},{"i":3,"pts":[[53.25789,21.12704]],"t":"Góda is in the Mead Hall of Eaworth, west of Maustazg. You should return to Góda and let her know what you have done."}]}