{"n":"Flames in the Dark","lv":100,"maps":[],"steps":[{"i":1,"pts":[[-30.195204,-83.01326],[-30.241484,-82.83992],[-30.394863,-82.826584],[-29.729227,-83.50456],[-29.748545,-83.26739],[-29.363623,-83.34117],[-29.537764,-83.35453],[-29.756493,-82.328094],[-29.520264,-82.144295],[-29.213837,-82.11493],[-29.468359,-82.41023],[-29.657187,-82.48753]],"t":"Haradrim and chopped wood can be found among the trees to the south of Glaniath in Upper Lebennin. Arvellon has asked you to recover wood and defeat a…","kz":{"c":8}},{"i":2,"pts":[[-29.710497,-81.0458]],"t":"Arvellon can be found in Glaniath to the north-east of Pelargir. You have defeated many scouts and recovered a substantial amount of wood. You should …"}]}