{"n":"Mission: Crystal Conundrum","lv":1,"maps":["1879418185"],"steps":[{"i":1,"pts":[[48.214764,59.59111,"1879418185"],[48.29426,59.45814,"1879418185"],[48.302773,59.300056,"1879418185"],[48.12457,59.561718,"1879418185"],[48.037304,59.561287,"1879418185"],[48.017735,59.430466,"1879418185"],[48.1191,59.478535,"1879418185"],[48.135567,59.375565,"1879418185"],[48.13779,59.31287,"1879418185"],[48.102947,59.199688,"1879418185"],[47.884823,59.541348,"1879418185"],[47.76203,59.562325,"1879418185"],[47.81875,59.61568,"1879418185"],[48.003338,59.66795,"1879418185"],[47.89377,59.64449,"1879418185"],[47.93775,59.811737,"1879418185"],[47.91121,59.91164,"1879418185"],[48.343105,59.680916,"1879418185"],[48.318848,59.81359,"1879418185"],[47.80281,59.498806,"1879418185"]],"t":"Continue to mine crystals and destroy crystal spider nests","kz":{"c":8}},{"i":2,"pts":[[48.31418,59.572636,"1879418185"]],"t":"You should return to the entrance of the cave."}]}