{"n":"Feeding the Cows","lv":31,"maps":[],"steps":[{"i":1,"pts":[[-68.372536,-22.984941],[-68.33611,-22.942783],[-68.381676,-22.916708],[-68.36346,-22.866259],[-68.29933,-22.876572],[-68.23046,-22.848076],[-68.16946,-23.060272],[-68.17951,-23.053358],[-68.21562,-23.026737],[-68.25966,-23.067812],[-68.32966,-23.077177]],"t":"The shrews and feed bags can be found near Gerard Deephole on Northcotton Farm. Gerard Deephole asked you to gather the feed bags and drive off the sh…","kz":{"c":6}},{"i":2,"pts":[[-68.58353,-23.4824],[-68.56318,-23.481758],[-68.54338,-23.481552],[-68.57343,-23.481953],[-68.55313,-23.481483],[-68.53324,-23.48162],[-68.372536,-22.984941],[-68.33611,-22.942783],[-68.381676,-22.916708],[-68.36346,-22.866259],[-68.29933,-22.876572],[-68.23046,-22.848076],[-68.16946,-23.060272],[-68.17951,-23.053358],[-68.21562,-23.026737],[-68.25966,-23.067812],[-68.32966,-23.077177]],"t":"The troughs are at the animal pens on Northcotton Farm. The feed needs to be placed in the feeding troughs for the cows."},{"i":3,"pts":[[-68.730156,-23.465937]],"t":"Gerard Deephole is at the animal pens on Northcotton Farm. Gerard Deephole will be pleased to hear the troughs have been filled."}]}