{"n":"Reclaiming Ithilien","lv":105,"maps":[],"steps":[{"i":1,"pts":[[-5.9177732,-59.7461],[-5.7257323,-59.73429],[-5.3828416,-59.763435],[-5.6903906,-59.262714],[-5.9082813,-59.2485],[-5.7385645,-59.46347],[-5.7039356,-59.47057],[-5.435166,-59.44769],[-5.014043,-59.775604],[-5.005371,-59.810707],[-5.6063867,-59.655716],[-5.8047166,-59.794525],[-5.392236,-59.381596],[-5.3843164,-59.362312],[-5.421211,-59.16468],[-5.895244,-59.4344],[-4.8377147,-59.65955],[-4.851074,-59.80188],[-4.8853126,-59.787434],[-5.1238866,-59.67042],[-5.1450486,-59.909836]],"t":"Bâr Aroth can be found to the north of the Cross-roads in North Ithilien. Orcs have claimed the areas surrounding it as well. Thurindol has asked you …","kz":{"c":12}},{"i":2,"pts":[[-6.656211,-52.975784]],"t":"Thurindol can be found at Aelin Veren to the north of Bâr Aroth. You have aided in reclaiming the southern ruins of North Ithilien. You should meet wi…"}]}