{"n":"Fashionable Thievery","lv":1,"maps":[],"steps":[{"i":1,"pts":[[-56.425827,-38.166485],[-56.64549,-38.141308],[-55.974403,-38.297626],[-55.929802,-38.587967],[-55.78488,-38.096962],[-56.317753,-38.14922],[-56.144577,-37.726463],[-56.250458,-37.640896],[-55.487373,-38.29372],[-55.55507,-38.066425]],"t":"Recovery headwear at Ghât Okho and fight off crebain.","kz":{"c":12}}]}