{"n":"Mission: Caranost Courtyard","lv":1,"maps":["1879256517","1879387104","1879387105","1879388396","1879388563","1879388665","1879405406","1879409230","1879409231","1879409232","1879409239","1879409240","1879409241","1879409242","1879409710","1879476594","1879479473","1879492518","1879502183","1879502339","1879513794","1879513797","1879513798","1879514672","1879516527","1879516598","1879517913","1879518099"],"steps":[{"i":2,"pts":[[-95.793335,-25.83332,"1879256517"],[-91.41027,-21.486366,"1879256517"],[-73.68899,-27.078526,"1879387105"],[-65.7669,-27.868368,"1879387105"],[-54.81655,-30.011923,"1879388396"],[-55.003925,-21.28619,"1879387104"],[-53.297165,-53.826687,"1879409240"],[-45.23405,-42.12408,"1879409240"],[-41.49337,-44.872837,"1879409240"],[-39.473885,-45.13238,"1879409240"],[-33.42962,-61.381268,"1879409239"],[-33.55572,-61.675434,"1879409239"],[-31.440712,-41.10671,"1879409240"],[-29.287432,-64.88796,"1879409239"],[-29.761562,-59.486126,"1879409239"],[-29.759882,-59.481125,"1879409239"],[-29.756561,-59.491062,"1879409239"],[-29.273338,-43.647278,"1879409240"],[-28.88913,-64.85812,"1879409239"],[-28.773018,-44.242737,"1879409240"],[-28.865936,-43.6094,"1879409240"],[-29.161133,-44.100086,"1879409240"],[-25.896006,-62.348675,"1879409239"],[-25.931025,-51.90971,"1879409239"],[-24.46824,-61.638447,"1879409239"],[-23.95286,-48.819695,"1879409239"],[-22.200996,-60.576714,"1879409239"],[-22.38245,-59.968998,"1879409239"],[-21.408115,-56.64935,"1879409239"],[-21.415165,-56.64435,"1879409239"],[-21.869717,-56.66365,"1879409239"],[-21.505108,-53.4921,"1879409239"],[-21.324432,-53.334053,"1879409239"],[-21.450459,-53.6525,"1879409239"],[-21.372274,-53.131035,"1879409239"],[-21.29038,-53.110584,"1879409239"],[-20.737968,-54.240646,"1879409239"],[-20.867353,-54.201572,"1879409239"],[-20.810713,-53.622383,"1879409239"],[-20.828936,-53.621964,"1879409239"],[-20.790117,-53.146873,"1879409239"],[-20.776503,-53.108,"1879409239"],[-21.063847,-53.09616,"1879409239"],[-20.18328,-54.149906,"1879409239"],[-20.309395,-53.141872,"1879409239"],[-19.404942,-45.57919,"1879409239"],[-19.39994,-45.57895,"1879409239"],[54.205605,-62.374973,"1879513798"],[54.30668,-61.10486,"1879513798"],[54.284607,-61.04962,"1879513798"],[-136.41154,22.997227,"1879388665"],[-136.5768,24.418701,"1879388665"],[-136.38664,31.682148,"1879405406"],[-68.11209,0.8136035,"1879409230"],[-68.04785,1.5700488,"1879409230"],[-65.21355,10.016104,"1879409230"],[-63.379677,-5.575908,"1879409230"],[-63.15747,11.882451,"1879409230"],[-62.59288,-5.8055663,"1879409230"],[-62.61076,33.171825,"1879409232"],[-62.144558,34.59176,"1879409232"],[-62.667194,34.02327],[-61.98524,11.184423,"1879409230"],[-59.301434,19.269785,"1879409231"],[-58.204422,35.234932,"1879409232"],[-56.92989,8.576279,"1879409230"],[-56.408894,30.767723,"1879409231"],[-56.04582,25.30045,"1879409231"],[-56.0538,25.303642,"1879409231"],[-56.217537,31.580595,"1879409231"],[-54.062588,39.15003,"1879388563"],[-50.501064,34.442352,"1879388563"],[-48.663,30.648954,"1879388563"],[-48.25451,30.451982,"1879388563"],[-47.73842,38.635166,"1879388563"],[-47.34986,35.219112,"1879388563"],[-47.075996,35.94542,"1879388563"],[-46.037655,35.923122,"1879388563"],[-43.84917,39.53211,"1879388563"],[-43.64922,39.322403,"1879388563"],[-39.489666,35.12917,"1879388563"],[43.87656,-61.019157,"1879518099"],[43.467636,-60.58364,"1879518099"],[47.5358,70.797676],[47.678318,70.79988],[47.57713,72.40049],[47.47623,74.10687],[47.545254,75.69906],[47.607166,75.54961],[47.613182,75.54898],[48.976814,72.39135],[48.664333,72.39506],[48.976913,72.38553],[49.17334,74.0075],[49.15754,74.202515],[49.143494,75.601265],[51.37664,37.42875,"1879516598"],[52.64949,33.066494],[52.637344,33.06262],[53.35539,34.20949],[52.983475,34.148506],[52.50916,33.094296],[53.318085,37.21237,"1879517913"],[53.15453,45.05418,"1879516527"],[53.20402,44.02777,"1879514672"],[-145.91827,73.99949],[-144.23444,50.02027],[-144.70193,51.77205],[-144.46645,65.98947],[-135.48738,3.4510937,"1879409241"],[-131.18301,-11.255029,"1879409241"],[-131.51472,-1.1333203,"1879409241"],[-127.9122,-1.8524413,"1879409241"],[-127.33831,-4.1871486,"1879409241"],[-126.639145,-6.579863,"1879409241"],[-120.5362,-11.550176,"1879409241"],[-117.23946,-13.988515],[-113.16832,-23.050985,"1879409242"],[-110.170975,-20.117617,"1879409242"],[-91.22178,-49.355442,"1879502183"],[-89.43803,-18.267109,"1879409710"],[-86.791115,-36.208096,"1879479473"],[-85.28315,-22.628164,"1879409710"],[-84.6872,-25.494589,"1879409710"],[-85.164375,-24.04538,"1879409710"],[-81.12465,-22.317783,"1879409710"],[-79.86529,-29.388926,"1879409710"],[-78.83347,-28.403564,"1879409710"],[-78.683716,-63.711052,"1879502339"],[-78.12629,-32.255146,"1879479473"],[-77.89043,-18.09381,"1879409710"],[-76.911736,-55.72918,"1879502339"],[-76.54341,-34.52573,"1879479473"],[-76.528465,-34.297703,"1879479473"],[-75.81926,-39.524746,"1879479473"],[-76.151634,-39.575165,"1879479473"],[-71.99798,-25.679745,"1879409710"],[-72.093796,-21.135908,"1879492518"],[-71.320786,-60.72937,"1879502339"],[-68.95394,-38.36737,"1879476594"],[-67.62595,-37.010117,"1879476594"],[-68.07807,-15.40289,"1879492518"],[-67.3872,-35.78624,"1879476594"],[-66.22213,-56.725765,"1879502339"],[-65.71057,-36.645252,"1879476594"],[-63.156982,-27.434004,"1879492518"],[-63.12746,-25.74872,"1879492518"],[-62.238213,-40.508778,"1879476594"],[-61.460293,-37.50038,"1879476594"],[-60.75614,-54.037285,"1879513794"],[-60.802937,-32.633133,"1879476594"],[-60.38704,-51.06161,"1879513794"],[-58.36315,-24.069218,"1879492518"],[-57.574688,-44.268387,"1879476594"],[-57.713818,-40.386395,"1879476594"],[-57.489754,-35.708065,"1879476594"],[-57.838104,-19.747118,"1879492518"],[-58.278133,-17.989033],[-55.995594,-38.490067,"1879476594"],[-56.275566,-14.112949,"1879492518"],[-55.310497,-54.13442,"1879513794"],[-53.581482,-53.023716,"1879513794"],[-53.126648,-17.290625,"1879492518"],[-51.564404,-23.808096,"1879492518"],[-50.036102,-51.152573,"1879513797"],[-47.50844,-36.36953,"1879513797"],[-46.063396,-42.043114,"1879513797"],[-43.749268,-40.816788,"1879513797"],[-42.53375,-48.233162,"1879513797"],[-41.61072,-48.79376,"1879513797"],[-40.468582,-42.38546,"1879513797"],[-38.221767,-39.64078,"1879513797"],[-37.365067,-47.697216,"1879513797"],[-34.3174,-46.9262,"1879513797"],[52.458904,64.101425],[51.20578,65.94486],[52.901268,68.8508],[52.90158,68.588455],[54.031364,36.5467],[54.21826,39.56748],[54.218475,39.574043],[53.764706,41.24113],[53.765038,41.22621],[53.99285,50.880352]]}]}