{"n":"Mission: Burrowers by the Hadhodiant","lv":1,"maps":[],"steps":[{"i":1,"pts":[[-57.24831,8.515713],[-57.32205,8.726328],[-56.886276,8.45915],[-56.934464,8.738691],[-56.24197,8.478574],[-56.21037,8.735253],[-56.099197,8.4904785],[-55.94661,8.498066]],"t":"Clear the stone-claw menace from the Hadhodiant.","kz":{"c":8}}]}