{"n":"Warband: Skútog","lv":79,"maps":[],"steps":[{"i":1,"pts":[[-54.467224,-51.29213],[-54.253708,-50.838493],[-54.082302,-51.467056],[-54.739902,-51.550644]]}]}