{"n":"A Day Without Honey","lv":130,"maps":[],"steps":[{"i":1,"pts":[[-51.496677,17.854218],[-51.38827,17.869326],[-51.14368,17.84666],[-51.296825,17.62711],[-51.422245,18.424677],[-51.322273,18.685438],[-51.395195,18.50249],[-51.51627,18.155596],[-51.353622,18.002695],[-51.32586,19.243233],[-51.463425,19.052246],[-51.467224,19.286201],[-51.217422,19.105986],[-51.58254,18.959091]],"t":"Honey can be found at the forest's edge in the eastern reaches of the Floodfells. You should gather honey for Limlók.","kz":{"c":6}},{"i":2,"pts":[[-56.076885,20.848213],[-56.095184,20.861553]],"t":"Honey jars can be found in Limlók. You should fill up the empty honey jars."}]}