{"n":"A Blade of Flame and Fury, Part 1","lv":150,"maps":[],"steps":[{"i":1,"pts":[[-62.338047,-38.682274]],"t":"Meet with Mizâdi outside the gates of Kûr Anzar to begin the assault."},{"i":2,"pts":[[-62.28338,-38.47575],[-62.063416,-38.32253],[-62.14577,-38.22399],[-62.08828,-38.06578],[-62.367565,-37.489296],[-62.148796,-37.51322],[-62.090645,-37.736336],[-62.28999,-37.671593],[-61.776512,-38.10582],[-61.53125,-38.0221],[-61.425808,-38.281532],[-61.482555,-38.47125],[-61.758945,-38.389412],[-61.918427,-37.625946],[-61.88653,-37.42038],[-61.491924,-37.630898],[-61.487156,-37.274452]],"t":"Make your way through Kûr Anzar, tearing down Barkhûshim banners and replacing them with banners for Renewed Hamât. Defeat All-seeing cultists through…","kz":{"c":16}},{"i":3,"pts":[[-61.077225,-37.32822]],"t":"Make your way to Mizâdi near the tower of Kûr Anzar."},{"i":4,"pts":[[-61.077225,-37.32822]],"t":"Speak with Mizâdi outside the tower of Kûr Anzar."}]}