{"n":"Daily Wood Shipment","lv":68,"maps":[],"steps":[{"i":1,"pts":[[-15.934746,-78.95182],[-15.906904,-78.94452],[-15.856679,-78.987335],[-15.781845,-79.02723],[-15.699902,-79.051094],[-15.704892,-78.90712],[-15.667197,-78.82026],[-15.644775,-79.017456],[-15.813516,-78.91873],[-15.792373,-78.95769],[-15.848115,-79.05193],[-15.847607,-79.1151],[-15.881825,-78.94676],[-15.623202,-78.89792]],"t":"The Galtrev Lumber-camp is not far to the north of Galtrev. Wood is needed from the Galtrev Lumber-camp, but the threat of Dragon-clan thieves have ma…","kz":{"c":10}},{"i":2,"pts":[[-16.311943,-79.21217]],"t":"Fraid is near the overturned waggon on the outskirts of the Galtrev Lumber-camp. You should bring the wood you gathered to Fraid."},{"i":3,"pts":[[-17.021221,-80.16486],[-16.316504,-79.21566]],"t":"The wood you collected is in a pile near the overturned waggon. You have recovered some wood and should now carry it to Galtrev."},{"i":4,"pts":[[-17.021221,-80.16486]],"t":"Macsen is in Galtrev. You should speak with Macsen to complete your daily delivery of the wood shipment from the Galtrev Lumber-camp."}]}