{"n":"Mission: Invaders on the Delf","lv":1,"maps":["1879413346"],"steps":[{"i":1,"pts":[[-61.42838,-21.326952],[-60.971043,-23.597744],[-59.607674,-22.194374],[-57.16491,-20.031952],[-56.09616,-23.08373],[-54.51294,-17.649033,"1879413346"],[-53.898476,-17.679033,"1879413346"],[53.34857,-14.473661],[52.84078,-14.465547],[53.13242,-15.088096]],"t":"Use the summoning horn outside the East-delf to summon Radhril to your side."},{"i":2,"pts":[[-61.42838,-21.326952],[-60.971043,-23.597744],[-59.607674,-22.194374],[-57.16491,-20.031952],[-56.09616,-23.08373],[-54.51294,-17.649033,"1879413346"],[-53.898476,-17.679033,"1879413346"],[53.34857,-14.473661],[52.84078,-14.465547],[53.13242,-15.088096]],"t":"You should talk to Radhril. &lt;rgb=#FF0000&gt;If Radhril is missing, and the Call Radhril skill is not available, try using the /pet release command.…"},{"i":3,"pts":[[-62.031483,-23.917528],[-62.08958,-23.774042],[-61.70796,-23.99042],[-61.78527,-24.001581],[-61.92285,-23.779776],[-61.84707,-23.706377],[-61.987194,-23.957422],[-61.862724,-24.111542],[-61.91524,-23.959423],[-61.87119,-23.837763],[-60.797966,-24.051533],[-60.840866,-23.987734],[-60.622604,-23.857334],[-60.777927,-23.660967],[-60.940273,-23.977734],[-60.908768,-23.871054],[-60.992077,-23.873848],[-60.922157,-23.816542],[-60.695007,-23.862284],[-60.617764,-23.801464],[-62.09918,-23.737587],[-62.048386,-23.904472],[-61.80953,-24.049463],[-61.753174,-23.95038],[-61.707684,-23.891768],[-61.69361,-23.872597],[-61.876698,-23.758554],[-61.81468,-23.761055],[-61.881172,-23.685],[-61.957,-23.820234],[-60.974598,-23.822206],[-60.91865,-23.901718],[-60.645203,-23.857119],[-60.90901,-23.963436],[-60.826073,-24.029785],[-60.798153,-23.999023],[-60.693016,-23.901709],[-60.856823,-23.663593],[-60.67199,-23.81036],[-60.717266,-23.687119],[-61.42838,-21.326952],[-60.971043,-23.597744],[-59.607674,-22.194374],[-57.16491,-20.031952],[-56.09616,-23.08373],[-54.51294,-17.649033,"1879413346"],[-53.898476,-17.679033,"1879413346"],[53.34857,-14.473661],[52.84078,-14.465547],[53.13242,-15.088096]],"t":"You should defeat half-orc overseers and destroy mining supplies and mining carts. &lt;rgb=#FF0000&gt;If Radhril is missing, and the Call Radhril skil…","kz":{"c":2}},{"i":4,"pts":[[-60.970028,-23.554892],[-61.42838,-21.326952],[-60.971043,-23.597744],[-59.607674,-22.194374],[-57.16491,-20.031952],[-56.09616,-23.08373],[-54.51294,-17.649033,"1879413346"],[-53.898476,-17.679033,"1879413346"],[53.34857,-14.473661],[52.84078,-14.465547],[53.13242,-15.088096]],"t":"You should return to the small cabin near the East-delf. &lt;rgb=#FF0000&gt;If Radhril is missing, and the Call Radhril skill is not available, try us…"}]}