{"n":"Mission: Clearing a Path","lv":1,"maps":["1879417813"],"steps":[{"i":1,"pts":[[48.875156,60.403553,"1879417813"],[48.81674,60.499825,"1879417813"],[48.84205,60.65246,"1879417813"],[49.09826,60.7449,"1879417813"],[49.175762,60.601677,"1879417813"],[48.8792,61.0225,"1879417813"],[48.87105,61.25285,"1879417813"],[49.042286,61.178417,"1879417813"],[48.801426,60.66072,"1879417813"],[48.799862,60.79623,"1879417813"],[49.116795,60.675915,"1879417813"]],"t":"You should gather ore and clear rubble piles.","kz":{"c":6}},{"i":2,"pts":[[48.651268,61.054745,"1879417813"]],"t":"You should regroup near the entrance to the cave."}]}