{"n":"The Biggest Stomach of Them All (Part IV)","lv":0,"maps":[],"steps":[{"i":1,"pts":[[-95.624565,12.235771]],"t":"The fourth station is down the road from the third. You should run to the fourth station and begin eating."},{"i":2,"pts":[[-95.63393,12.214492],[-95.6407,12.214609],[-95.63945,12.196347],[-95.63158,12.195732],[-95.642654,12.231807],[-95.634605,12.231377],[-95.63096,12.199961],[-95.37057,12.027734],[-95.26732,12.165615],[-95.42699,12.246201],[-95.463524,12.293974],[-95.62832,12.213896],[-95.633995,12.217129],[-95.62721,12.198857],[-95.638016,12.199394],[-95.63939,12.231464],[-95.6409,12.234609],[-95.63236,12.217568],[-95.63951,12.213252],[-95.64041,12.216924],[-95.635704,12.1991205],[-95.63072,12.197861],[-95.64303,12.234394],[-95.63672,12.231777],[-95.62988,12.233067],[-95.63603,12.196113],[-95.633354,12.198887],[-95.6383,12.2154],[-95.63053,12.216093],[-95.63325,12.233945],[-95.638374,12.2337885],[-95.631424,12.231464],[-95.63597,12.235244],[-95.63631,12.217373],[-95.62818,12.217177],[-95.628716,12.196533]],"t":"A lovely array of different foods can be found at each eating station. You should eat five foods at the fourth station -- any foods you like."},{"i":3,"pts":[[-95.63393,12.214492],[-95.6407,12.214609],[-95.63945,12.196347],[-95.63158,12.195732],[-95.642654,12.231807],[-95.634605,12.231377],[-95.63096,12.199961],[-95.37057,12.027734],[-95.26732,12.165615],[-95.42699,12.246201],[-95.463524,12.293974],[-95.62832,12.213896],[-95.633995,12.217129],[-95.62721,12.198857],[-95.638016,12.199394],[-95.63939,12.231464],[-95.6409,12.234609],[-95.63236,12.217568],[-95.63951,12.213252],[-95.64041,12.216924],[-95.635704,12.1991205],[-95.63072,12.197861],[-95.64303,12.234394],[-95.63672,12.231777],[-95.62988,12.233067],[-95.63603,12.196113],[-95.633354,12.198887],[-95.6383,12.2154],[-95.63053,12.216093],[-95.63325,12.233945],[-95.638374,12.2337885],[-95.631424,12.231464],[-95.63597,12.235244],[-95.63631,12.217373],[-95.62818,12.217177],[-95.628716,12.196533]],"t":"A lovely array of different foods can be found at each eating station. You should eat five foods at the fourth station -- any foods you like."},{"i":4,"pts":[[-95.63393,12.214492],[-95.6407,12.214609],[-95.63945,12.196347],[-95.63158,12.195732],[-95.642654,12.231807],[-95.634605,12.231377],[-95.63096,12.199961],[-95.37057,12.027734],[-95.26732,12.165615],[-95.42699,12.246201],[-95.463524,12.293974],[-95.62832,12.213896],[-95.633995,12.217129],[-95.62721,12.198857],[-95.638016,12.199394],[-95.63939,12.231464],[-95.6409,12.234609],[-95.63236,12.217568],[-95.63951,12.213252],[-95.64041,12.216924],[-95.635704,12.1991205],[-95.63072,12.197861],[-95.64303,12.234394],[-95.63672,12.231777],[-95.62988,12.233067],[-95.63603,12.196113],[-95.633354,12.198887],[-95.6383,12.2154],[-95.63053,12.216093],[-95.63325,12.233945],[-95.638374,12.2337885],[-95.631424,12.231464],[-95.63597,12.235244],[-95.63631,12.217373],[-95.62818,12.217177],[-95.628716,12.196533]],"t":"A lovely array of different foods can be found at each eating station. You should eat five foods at the fourth station -- any foods you like."},{"i":5,"pts":[[-95.63393,12.214492],[-95.6407,12.214609],[-95.63945,12.196347],[-95.63158,12.195732],[-95.642654,12.231807],[-95.634605,12.231377],[-95.63096,12.199961],[-95.37057,12.027734],[-95.26732,12.165615],[-95.42699,12.246201],[-95.463524,12.293974],[-95.62832,12.213896],[-95.633995,12.217129],[-95.62721,12.198857],[-95.638016,12.199394],[-95.63939,12.231464],[-95.6409,12.234609],[-95.63236,12.217568],[-95.63951,12.213252],[-95.64041,12.216924],[-95.635704,12.1991205],[-95.63072,12.197861],[-95.64303,12.234394],[-95.63672,12.231777],[-95.62988,12.233067],[-95.63603,12.196113],[-95.633354,12.198887],[-95.6383,12.2154],[-95.63053,12.216093],[-95.63325,12.233945],[-95.638374,12.2337885],[-95.631424,12.231464],[-95.63597,12.235244],[-95.63631,12.217373],[-95.62818,12.217177],[-95.628716,12.196533]],"t":"A lovely array of different foods can be found at each eating station. You should eat five foods at the fourth station -- any foods you like."},{"i":6,"pts":[[-95.63393,12.214492],[-95.6407,12.214609],[-95.63945,12.196347],[-95.63158,12.195732],[-95.642654,12.231807],[-95.634605,12.231377],[-95.63096,12.199961],[-95.37057,12.027734],[-95.26732,12.165615],[-95.42699,12.246201],[-95.463524,12.293974],[-95.62832,12.213896],[-95.633995,12.217129],[-95.62721,12.198857],[-95.638016,12.199394],[-95.63939,12.231464],[-95.6409,12.234609],[-95.63236,12.217568],[-95.63951,12.213252],[-95.64041,12.216924],[-95.635704,12.1991205],[-95.63072,12.197861],[-95.64303,12.234394],[-95.63672,12.231777],[-95.62988,12.233067],[-95.63603,12.196113],[-95.633354,12.198887],[-95.6383,12.2154],[-95.63053,12.216093],[-95.63325,12.233945],[-95.638374,12.2337885],[-95.631424,12.231464],[-95.63597,12.235244],[-95.63631,12.217373],[-95.62818,12.217177],[-95.628716,12.196533]],"t":"A lovely array of different foods can be found at each eating station. You should eat five foods at the fourth station -- any foods you like."},{"i":7,"pts":[[-95.624565,12.235771]],"t":"Nora Lewison is near the fourth eating station. You should speak with Nora Lewison before moving on to the next phase of the eating contest."}]}