{"n":"Akshir the Unrelenting","lv":115,"maps":["1879366544"],"steps":[{"i":1,"pts":[[-22.978672,18.197226,"1879366544"],[-22.951904,18.880196,"1879366544"],[-22.298828,17.984629,"1879366544"],[-22.647724,17.889708,"1879366544"],[-22.569433,18.373526,"1879366544"],[-22.3483,18.981415,"1879366544"],[-22.751844,18.93498,"1879366544"],[-22.694092,19.12582,"1879366544"]],"t":"You should enter the Jangovar encampment of Urûshoba, south-east of Tay Yoldash in the Dale-lands."},{"i":2,"pts":[[-22.879316,18.16415,"1879366544"],[-22.939453,18.612461,"1879366544"],[-23.003456,18.155165,"1879366544"],[-22.856571,18.064795,"1879366544"],[-22.61326,17.877167,"1879366544"],[-22.374678,18.789658,"1879366544"],[-22.436796,18.560312,"1879366544"],[-22.554619,18.683945,"1879366544"],[-22.444746,18.44874,"1879366544"],[-22.281385,18.01206,"1879366544"],[-22.64667,18.051085,"1879366544"],[-22.717323,18.418915,"1879366544"],[-22.344961,18.287441,"1879366544"],[-22.569502,19.021738,"1879366544"],[-23.061258,18.215693,"1879366544"]],"t":"You should attack the Jangovar encampment of Urûshoba, which is located south-east of Tay Yoldash in the Dale-lands.","kz":{"c":12}},{"i":3,"pts":[[51.464394,64.32498]],"t":"Erna can be found in the Great-keep in Dale. You should return to Queen Regent Erna with news of your fight with Akshir."}]}