{"n":"Where Orcs Tread","lv":151,"maps":[],"steps":[{"i":1,"pts":[[-46.08446,-42.15503],[-45.961697,-43.1061]],"t":"Tálbiral has asked that you head south from Laivárth to an Orc camp called Mokh Grazádh and look for signs that they may be spreading the blight."},{"i":2,"pts":[[-46.099285,-42.271473],[-46.120144,-42.357704],[-46.16318,-42.543896],[-46.12577,-42.514656],[-46.02707,-42.672325],[-46.033524,-42.73017],[-45.88714,-42.9111],[-45.90093,-43.02571],[-45.92671,-42.61255],[-45.89574,-42.718296],[-45.888367,-42.668186],[-45.84744,-42.769974]],"t":"Tálbiral has asked that you head south from Laivárth to an Orc camp called Mokh Grazádh and look for signs that they may be spreading the blight.","kz":{"c":8}},{"i":3,"pts":[[-46.361317,-39.271465]],"t":"Return to Tálbiral in Laivárth and let him know what you discovered of the Orcs plans in Mokh Grazádh."}]}