{"n":"Goblins in Hiding","lv":120,"maps":[],"steps":[{"i":1,"pts":[[-59.54115,4.694678]],"t":"Ainhard's homestead lies south of Vegbár. in the Wolf-denes. You should talk to Langhár at Ainhard's homestead."},{"i":2,"pts":[[-59.47374,4.927549]],"t":"The goblin tracks begin outside Ainhard's homestead. You should return to the start of the goblins' trail."},{"i":3,"pts":[[-59.624325,6.228252],[-59.60296,6.209863],[-59.617207,6.218672],[-59.62785,6.2264843],[-59.62614,6.2371583],[-59.62115,6.269238],[-59.62917,6.275498],[-59.647167,6.271875],[-59.683395,6.2494726],[-59.69243,6.2386913],[-59.68757,6.2310643],[-59.749275,6.2101755],[-59.754658,6.209824],[-59.75651,6.206406],[-59.77772,6.189541],[-59.786697,6.186836],[-59.800896,6.175527],[-59.81985,6.178437],[-59.838047,6.1862597],[-59.83863,6.189365],[-59.847557,6.1875877],[-59.903095,6.210078],[-59.910908,6.209863],[-59.92152,6.2184176],[-59.92915,6.2356834],[-59.933212,6.2526464],[-59.94992,6.271455],[-59.959404,6.2728806],[-59.985683,6.2946677],[-59.98949,6.2983103],[-59.998642,6.3007812],[-60.01457,6.312295],[-59.433575,4.970332],[-59.4366,4.974277],[-59.416824,5.086055],[-59.41578,5.0817575],[-59.41337,5.078291],[-59.440655,5.144316],[-59.43754,5.1430273],[-59.43949,5.13959],[-59.48201,5.2611227],[-59.480907,5.264287],[-59.486053,5.266533],[-59.53913,5.305625],[-59.54278,5.3122168],[-59.542706,5.322041],[-59.526863,5.46916],[-59.529404,5.466621],[-59.529766,5.474385],[-59.547764,5.5086813],[-59.545124,5.5121093],[-59.54588,5.517871],[-59.53403,5.5616403],[-59.53202,5.5651364],[-59.535145,5.5674706],[-59.54376,5.607383],[-59.54366,5.6121874],[-59.547245,5.6169043],[-59.565475,5.6800585],[-59.56407,5.6859374],[-59.568066,5.6917577],[-59.581776,5.759658],[-59.57696,5.7673826],[-59.5771,5.7787304],[-59.570087,5.841689],[-59.5733,5.846279],[-59.575947,5.8536716],[-59.574852,5.890898],[-59.576286,5.898926],[-59.57284,5.905195],[-59.570183,5.9453907],[-59.57077,5.9535446],[-59.56997,5.958867],[-59.56997,5.991494],[-59.568367,5.9848337],[-59.574177,6.0041013],[-59.576756,6.0506053],[-59.574444,6.0598435],[-59.574577,6.0702147],[-59.573338,6.1418552],[-59.575108,6.149961],[-59.572002,6.1569824],[-59.592598,6.197129],[-59.59491,6.205537]],"t":"The goblin tracks begin outside Ainhard's homestead. You should follow the goblins' trail with Langhár."},{"i":4,"pts":[[-60.013466,6.31209],[-59.60296,6.209863],[-59.617207,6.218672],[-59.62785,6.2264843],[-59.62614,6.2371583],[-59.62115,6.269238],[-59.62917,6.275498],[-59.647167,6.271875],[-59.683395,6.2494726],[-59.69243,6.2386913],[-59.68757,6.2310643],[-59.749275,6.2101755],[-59.754658,6.209824],[-59.75651,6.206406],[-59.77772,6.189541],[-59.786697,6.186836],[-59.800896,6.175527],[-59.81985,6.178437],[-59.838047,6.1862597],[-59.83863,6.189365],[-59.847557,6.1875877],[-59.903095,6.210078],[-59.910908,6.209863],[-59.92152,6.2184176],[-59.92915,6.2356834],[-59.933212,6.2526464],[-59.94992,6.271455],[-59.959404,6.2728806],[-59.985683,6.2946677],[-59.98949,6.2983103],[-59.998642,6.3007812],[-60.01457,6.312295],[-59.433575,4.970332],[-59.4366,4.974277],[-59.416824,5.086055],[-59.41578,5.0817575],[-59.41337,5.078291],[-59.440655,5.144316],[-59.43754,5.1430273],[-59.43949,5.13959],[-59.48201,5.2611227],[-59.480907,5.264287],[-59.486053,5.266533],[-59.53913,5.305625],[-59.54278,5.3122168],[-59.542706,5.322041],[-59.526863,5.46916],[-59.529404,5.466621],[-59.529766,5.474385],[-59.547764,5.5086813],[-59.545124,5.5121093],[-59.54588,5.517871],[-59.53403,5.5616403],[-59.53202,5.5651364],[-59.535145,5.5674706],[-59.54376,5.607383],[-59.54366,5.6121874],[-59.547245,5.6169043],[-59.565475,5.6800585],[-59.56407,5.6859374],[-59.568066,5.6917577],[-59.581776,5.759658],[-59.57696,5.7673826],[-59.5771,5.7787304],[-59.570087,5.841689],[-59.5733,5.846279],[-59.575947,5.8536716],[-59.574852,5.890898],[-59.576286,5.898926],[-59.57284,5.905195],[-59.570183,5.9453907],[-59.57077,5.9535446],[-59.56997,5.958867],[-59.56997,5.991494],[-59.568367,5.9848337],[-59.574177,6.0041013],[-59.576756,6.0506053],[-59.574444,6.0598435],[-59.574577,6.0702147],[-59.573338,6.1418552],[-59.575108,6.149961],[-59.572002,6.1569824],[-59.592598,6.197129],[-59.59491,6.205537]],"t":"The goblin tracks begin outside Ainhard's homestead. You should follow the goblins' trail with Langhár."},{"i":7,"pts":[[-60.01909,6.2977343]],"t":"Langhár is outside the village of Waldfast. You should talk to Langhár."},{"i":8,"pts":[[-62.951397,11.513135],[-58.116444,8.144013]],"t":"Skalla can be found in Vegbár, the Beorning outpost in northern Wolf-denes. You should talk to Skalla."}]}