{"n":"Mending the Mirkwood","lv":115,"maps":[],"steps":[{"i":1,"pts":[[-127.028145,48.92291],[-127.240585,49.17664],[-126.821495,49.053535],[-126.88049,49.187225],[-126.87573,49.18715],[-127.14209,49.191895],[-127.13867,49.19199],[-127.23786,49.18236],[-126.82137,49.05705],[-127.14016,49.19383],[-127.02729,48.925663],[-127.03228,48.921036],[-127.29347,49.22619],[-127.29079,49.225975],[-126.780594,49.140625],[-126.781746,49.145527]],"t":"You should collect phials of root-healing draught from within Felegoth."},{"i":2,"pts":[[-40.6904,17.431904],[-39.64823,15.320771],[-40.21363,15.492704],[-39.757206,16.188593],[-39.988914,16.743896],[-39.664326,17.963085],[-38.70534,16.09828],[-38.374187,15.928301],[-37.23583,15.220722],[-37.79993,16.05208],[-37.676113,16.866846],[-37.579082,17.619463]],"t":"You should defeat corrupted roots and give water to trees in need throughout Eryn Lasgalen.","kz":{"c":10}},{"i":3,"pts":[[-36.626053,19.943779]],"t":"You should return to Radagast, who can be found at the tree nursery just outside of Felegoth."}]}