{"n":"Mission: Reforge the Future","lv":1,"maps":["1879420866"],"steps":[{"i":1,"pts":[[46.86617,54.970467,"1879420866"],[46.732986,54.97121,"1879420866"],[46.735996,54.626366,"1879420866"],[46.869297,54.626266,"1879420866"],[46.970955,54.73412,"1879420866"],[46.970528,54.86742,"1879420866"],[46.62283,54.86668,"1879420866"],[46.624493,54.73338,"1879420866"]],"t":"You should repair the forges while fending off frost grims and cold-drakes","kz":{"c":6}},{"i":2,"pts":[[46.798496,54.286133,"1879420866"]],"t":"Return to the forge entrance."}]}