{"n":"The Drinking Challenge","lv":98,"maps":["1879310346"],"steps":[{"i":1,"pts":[[55.01699,73.78,"1879310346"],[55.052048,73.80785,"1879310346"],[55.050877,73.74986,"1879310346"],[55.0384,73.72412,"1879310346"],[55.01875,73.77691,"1879310346"],[54.999413,73.811226,"1879310346"],[55.04777,73.808395,"1879310346"],[55.055603,73.77023,"1879310346"],[55.034725,73.72449,"1879310346"],[55.020683,73.77926,"1879310346"],[55.0308,73.72502,"1879310346"],[55.022636,73.77652,"1879310346"],[55.024647,73.81668,"1879310346"],[55.049255,73.76639,"1879310346"],[55.04906,73.74738,"1879310346"],[55.026775,73.72445,"1879310346"],[55.02496,73.780075,"1879310346"],[55.02754,73.80943,"1879310346"],[55.05582,73.80828,"1879310346"],[55.05414,73.74975,"1879310346"],[55.042538,73.72476,"1879310346"]],"t":"Liquor can be found in the tavern of Lothgobel. You should quickly drink the liquor in the tavern to challenge Damkalb."},{"i":2,"pts":[[55.01699,73.78,"1879310346"],[55.052048,73.80785,"1879310346"],[55.050877,73.74986,"1879310346"],[55.0384,73.72412,"1879310346"],[55.01875,73.77691,"1879310346"],[54.999413,73.811226,"1879310346"],[55.04777,73.808395,"1879310346"],[55.055603,73.77023,"1879310346"],[55.034725,73.72449,"1879310346"],[55.020683,73.77926,"1879310346"],[55.0308,73.72502,"1879310346"],[55.022636,73.77652,"1879310346"],[55.024647,73.81668,"1879310346"],[55.049255,73.76639,"1879310346"],[55.04906,73.74738,"1879310346"],[55.026775,73.72445,"1879310346"],[55.02496,73.780075,"1879310346"],[55.02754,73.80943,"1879310346"],[55.05582,73.80828,"1879310346"],[55.05414,73.74975,"1879310346"],[55.042538,73.72476,"1879310346"]],"t":"Drinks can be found in the tavern of Lothgobel in central Lamedon. You should drink quickly to best the drinking champion of Jajax's Corsairs."},{"i":3,"pts":[[55.01699,73.78,"1879310346"],[55.052048,73.80785,"1879310346"],[55.050877,73.74986,"1879310346"],[55.0384,73.72412,"1879310346"],[55.01875,73.77691,"1879310346"],[54.999413,73.811226,"1879310346"],[55.04777,73.808395,"1879310346"],[55.055603,73.77023,"1879310346"],[55.034725,73.72449,"1879310346"],[55.020683,73.77926,"1879310346"],[55.0308,73.72502,"1879310346"],[55.022636,73.77652,"1879310346"],[55.024647,73.81668,"1879310346"],[55.049255,73.76639,"1879310346"],[55.04906,73.74738,"1879310346"],[55.026775,73.72445,"1879310346"],[55.02496,73.780075,"1879310346"],[55.02754,73.80943,"1879310346"],[55.05582,73.80828,"1879310346"],[55.05414,73.74975,"1879310346"],[55.042538,73.72476,"1879310346"]],"t":"Drinks can be found in the tavern of Lothgobel in central Lamedon. You should drink quickly to best the drinking champion of Jajax's Corsairs."},{"i":4,"pts":[[55.01699,73.78,"1879310346"],[55.052048,73.80785,"1879310346"],[55.050877,73.74986,"1879310346"],[55.0384,73.72412,"1879310346"],[55.01875,73.77691,"1879310346"],[54.999413,73.811226,"1879310346"],[55.04777,73.808395,"1879310346"],[55.055603,73.77023,"1879310346"],[55.034725,73.72449,"1879310346"],[55.020683,73.77926,"1879310346"],[55.0308,73.72502,"1879310346"],[55.022636,73.77652,"1879310346"],[55.024647,73.81668,"1879310346"],[55.049255,73.76639,"1879310346"],[55.04906,73.74738,"1879310346"],[55.026775,73.72445,"1879310346"],[55.02496,73.780075,"1879310346"],[55.02754,73.80943,"1879310346"],[55.05582,73.80828,"1879310346"],[55.05414,73.74975,"1879310346"],[55.042538,73.72476,"1879310346"]],"t":"Drinks can be found in the tavern of Lothgobel in central Lamedon. You should drink quickly to best the drinking champion of Jajax's Corsairs."},{"i":5,"pts":[[55.01699,73.78,"1879310346"],[55.052048,73.80785,"1879310346"],[55.050877,73.74986,"1879310346"],[55.0384,73.72412,"1879310346"],[55.01875,73.77691,"1879310346"],[54.999413,73.811226,"1879310346"],[55.04777,73.808395,"1879310346"],[55.055603,73.77023,"1879310346"],[55.034725,73.72449,"1879310346"],[55.020683,73.77926,"1879310346"],[55.0308,73.72502,"1879310346"],[55.022636,73.77652,"1879310346"],[55.024647,73.81668,"1879310346"],[55.049255,73.76639,"1879310346"],[55.04906,73.74738,"1879310346"],[55.026775,73.72445,"1879310346"],[55.02496,73.780075,"1879310346"],[55.02754,73.80943,"1879310346"],[55.05582,73.80828,"1879310346"],[55.05414,73.74975,"1879310346"],[55.042538,73.72476,"1879310346"]],"t":"Drinks can be found in the tavern of Lothgobel in central Lamedon. You should drink quickly to best the drinking champion of Jajax's Corsairs."},{"i":6,"pts":[[55.01699,73.78,"1879310346"],[55.052048,73.80785,"1879310346"],[55.050877,73.74986,"1879310346"],[55.0384,73.72412,"1879310346"],[55.01875,73.77691,"1879310346"],[54.999413,73.811226,"1879310346"],[55.04777,73.808395,"1879310346"],[55.055603,73.77023,"1879310346"],[55.034725,73.72449,"1879310346"],[55.020683,73.77926,"1879310346"],[55.0308,73.72502,"1879310346"],[55.022636,73.77652,"1879310346"],[55.024647,73.81668,"1879310346"],[55.049255,73.76639,"1879310346"],[55.04906,73.74738,"1879310346"],[55.026775,73.72445,"1879310346"],[55.02496,73.780075,"1879310346"],[55.02754,73.80943,"1879310346"],[55.05582,73.80828,"1879310346"],[55.05414,73.74975,"1879310346"],[55.042538,73.72476,"1879310346"]],"t":"Drinks can be found in the tavern of Lothgobel in central Lamedon. You should drink quickly to best the drinking champion of Jajax's Corsairs."}]}