{"n":"Supplies in the Hallows","lv":156,"maps":["1879514672"],"steps":[{"i":1,"pts":[[-144.48018,51.874004],[-144.67117,51.98271],[-144.88293,51.86988],[-144.11078,51.935955],[-144.71756,51.632637],[-144.27417,51.680428],[-144.68759,51.899315],[-143.98024,51.75445],[-143.96242,51.45074]],"t":"Andûmu believes there may be more supply caches hidden many years ago inside the Crypts of Gadim-ûn by Ordâkhai soldiers. He has asked you to enter th…","kz":{"c":12}},{"i":2,"pts":[[-67.0651,-50.822388,"1879514672"]],"t":"Andûmu believes there may be more supply caches hidden many years ago inside the Crypts of Gadim-ûn by Ordâkhai soldiers. You have gone there at his r…"}]}