{"n":"Session -- Esteldín","lv":5,"maps":[],"steps":[{"i":1,"pts":[[-40.499775,-9.610205]],"t":"You are drawn to Esteldín by a notion of some conflict there, and you feel connected to that purpose somehow. You seek a horse that can inform you abo…"},{"i":2,"pts":[[-38.15415,-11.711415],[-38.194073,-11.868798],[-38.268574,-11.757841],[-38.385468,-11.87544],[-38.48242,-12.035908],[-38.38165,-12.132324],[-38.31578,-12.092138],[-38.168972,-12.321729],[-38.100018,-12.16454],[-38.17785,-12.023291],[-37.935566,-11.795068],[-37.848534,-11.910234],[-37.916912,-11.947197],[-36.57164,-11.671171],[-37.03166,-11.6503315],[-36.766872,-11.630586],[-36.743847,-11.793681],[-37.02497,-11.805381],[-37.10368,-12.229834],[-37.11698,-12.033125],[-36.58371,-11.8199215],[-36.89112,-12.314355],[-36.838974,-11.9687395],[-36.551826,-12.237773],[-36.56074,-11.950889],[-36.726124,-11.92793]],"t":"Terrible horse-traps are being used by the enemy and can be found in the passes toward Dol Dínen. &lt;rgb=#FF0000&gt;If defeated or time expires, you …","kz":{"c":3}},{"i":3,"pts":[[-40.499775,-9.610205]],"t":"The Ranger's horse can be found back in Esteldín. &lt;rgb=#FF0000&gt;If defeated or time expires, you will return to Hengstacer Farm.&lt;/rgb&gt;"}]}