{"n":"Natural Prey","lv":1,"maps":[],"steps":[{"i":1,"pts":[[-66.19085,-36.617813],[-66.08116,-36.460506],[-65.911674,-36.56497],[-65.938,-36.87827],[-65.72874,-37.105663],[-65.52184,-36.791122],[-65.64959,-36.487442]],"t":"Your mission is to travel to Tir Katar and put an end to the caracals who have been preying on nearby travellers and help any survivors you can find.","kz":{"c":11}},{"i":2,"pts":[[-65.74866,-36.800213]],"t":"Find and defeat the Khûdi caracal matron, Amangísu, in Tir Katar.","kz":{"c":1}}]}