{"n":"Ration, Recovery, and Retribution","lv":150,"maps":[],"steps":[{"i":1,"pts":[[-88.22992,-37.05998],[-88.16949,-36.93335],[-88.17795,-36.708183],[-88.21841,-36.723457],[-88.22779,-36.546688],[-87.996056,-36.662666],[-87.817986,-36.569492],[-87.79525,-36.53334],[-88.00213,-36.894226],[-88.00074,-36.85589],[-88.14873,-36.900906],[-87.70349,-36.57947]],"t":"Nisami explained that brigands, south-west beyond, raided Jirush and stole food and coin from the outpost. She asked you to go to the brigand encampme…","kz":{"c":16}},{"i":2,"pts":[[-144.08353,-102.48881],[-80.26724,-37.401974]],"t":"You recovered the wealth and food for Jirush from the brigand camp south-west of Nirgambâr. Return the ration packs and the coffer to Nisami at Jirush…"}]}