{"n":"Disrupting the Flow","lv":98,"maps":[],"steps":[{"i":1,"pts":[[-63.235878,-72.21762],[-63.2137,-72.18708],[-63.24997,-72.18558],[-63.320408,-72.08642],[-63.3075,-72.07347],[-63.387897,-71.99812],[-63.31248,-72.03028],[-63.391827,-72.12499],[-63.35661,-72.14052],[-63.171764,-72.224754]],"t":"The Corsairs can be found along the River Ringló, north-west of Tadrent. Find and defeat the overseer of the Corsair shipping operation. Steal back cr…","kz":{"c":1}},{"i":2,"pts":[[-62.676758,-74.37734]],"t":"Bruidis is in the town of Tadrent. You should speak with Bruidis and inform her that you successfully stopped the Corsair shipping operation."}]}