{"n":"The Scout Becomes the Hunter","lv":26,"maps":[],"steps":[{"i":1,"pts":[[-49.73002,-11.91749],[-49.70616,-11.873506],[-49.613907,-11.715077],[-49.731445,-11.676904],[-49.938164,-12.235937],[-49.897236,-11.908486],[-49.91877,-11.802314],[-49.615116,-11.580498]],"t":"The goblin camp is east of Amon Raith, on the southern hills of Annúndir. You should enter the goblin camp and defeat a number of goblins there.","kz":{"c":8}},{"i":2,"pts":[[-52.76866,-12.527305]],"t":"The Ranger Amarion is at Amon Raith, west of Annúndir. Amarion is waiting to hear about your attack on the goblins of Annúndir."}]}