{"n":"Level Up: Volume III: Book 11","lv":1,"maps":["1879087594"],"steps":[{"i":1,"pts":[[50.870525,-1.1226367],[53.292263,-119.1795,"1879087594"]]}]}