{"n":"Gathering Guests: Bree-town","lv":0,"maps":["1879417581"],"steps":[{"i":1,"pts":[[-51.23992,-30.280096]],"t":"You have been tasked with travelling to Bree and finding a potential visitor who might accept an invitation to visit Furtherholm for the Midsummer Fes…"},{"i":2,"pts":[[-92.17129,-27.910069,"1879417581"],[-92.13203,-27.931015,"1879417581"],[-92.15482,-27.835537,"1879417581"],[-92.06576,-27.925283,"1879417581"],[-78.8733,-27.135048],[-78.924805,-27.13497],[-78.91181,-27.147577],[-78.89162,-27.184423],[-71.86771,19.250448],[-71.75116,19.318584],[-71.727554,19.31287],[-71.683556,19.243124],[-71.56535,-29.972841],[-71.54949,-29.880575],[-71.548584,-29.921396],[-71.50076,-29.942196],[-53.76117,-18.028828],[-53.786316,-18.161512],[-53.807793,-18.03873],[-53.700115,-18.117304],[-51.23735,-30.223965],[-51.278065,-30.258358],[-51.271053,-30.315224],[-51.194218,-30.27295],[-44.79376,-49.711277],[-44.860916,-49.60868],[-44.868366,-49.669487],[-44.797195,-49.643574],[-29.74744,-31.278233],[-29.665771,-31.289404],[-29.6167,-31.374199],[-29.716972,-31.319208],[-17.046015,-80.25841],[-17.024258,-80.34427],[-17.08586,-80.309525],[-16.95752,-80.331474],[-105.03027,-5.517295],[-105.12072,-5.5066404],[-104.955086,-5.4080467],[-104.94013,-5.5167575],[-72.67513,-60.57944],[-72.676926,-60.46047],[-72.66966,-60.517845],[-72.65112,-60.481003],[-25.6204,25.312294],[-25.561972,25.271103],[-25.545673,25.215546],[-25.688145,25.252811],[50.70613,60.69279],[50.623047,60.684784],[50.651814,60.70703],[50.652344,60.625996],[-55.667587,22.354326],[-55.63952,22.420498],[-55.669617,22.423994],[-55.64242,22.337168],[-92.13203,-27.931015,"1879417581"],[-92.17129,-27.910069,"1879417581"],[-92.15482,-27.835537,"1879417581"],[-92.06576,-27.925283,"1879417581"],[-78.924805,-27.13497],[-78.87322,-27.135048],[-78.91181,-27.147577],[-78.89162,-27.184423],[-71.75116,19.318584],[-71.86771,19.250448],[-71.727554,19.31287],[-71.683556,19.243124],[-71.54949,-29.880575],[-71.56535,-29.972841],[-71.548584,-29.921396],[-71.50076,-29.942196],[-53.807793,-18.03873],[-53.76117,-18.028828],[-53.786316,-18.161512],[-53.700115,-18.117304],[-51.278065,-30.258358],[-51.23735,-30.223965],[-51.271053,-30.315224],[-51.194218,-30.27295],[-44.79376,-49.711277],[-44.797195,-49.643574],[-44.860916,-49.60868],[-44.868366,-49.669487],[-29.74744,-31.278233],[-29.665771,-31.289404],[-29.716972,-31.319208],[-29.6167,-31.374199],[-17.024258,-80.34427],[-17.046015,-80.25841],[-17.08586,-80.309525],[-16.95752,-80.331474],[-105.12072,-5.5066404],[-105.03027,-5.517295],[-104.955086,-5.4080467],[-104.94013,-5.5167575],[-72.676926,-60.46047],[-72.67513,-60.57944],[-72.65112,-60.481003],[-72.66966,-60.517845],[-25.561972,25.271103],[-25.6204,25.312294],[-25.545673,25.215546],[-25.688145,25.252811],[50.70613,60.69279],[50.623047,60.684784],[50.651814,60.70703],[50.652344,60.625996],[-55.667587,22.354326],[-55.63952,22.420498],[-55.64242,22.337168],[-55.669617,22.423994]],"t":"You have found potential visitors in Bree. You should choose one who is most likely to accept an invitation to visit Furtherholm for the Midsummer Fes…"}]}