{"n":"Mission: To Plot Revenge","lv":1,"maps":["1879205397","1879205400","1879310346","1879316660"],"steps":[{"i":1,"pts":[[55.94371,44.28996]],"t":"The information proved true, and I found myself within a yawning maw of a cavern. All throughout the sound of men and women shuffling goods and coin. …","kz":{"c":10}},{"i":2,"pts":[[-66.81948,-19.10576],[-66.54262,-17.691698],[-41.520046,-44.867413,"1879310346"],[-40.822166,-45.1366,"1879310346"],[-73.463554,-72.31517,"1879205397"],[-72.89921,-79.20887,"1879205397"],[-72.817726,-78.4083,"1879205397"],[-34.220867,-84.3246,"1879205400"],[55.093513,73.78516],[55.090057,73.77141],[56.00049,43.904217],[-34.178417,-84.61687,"1879316660"]],"t":"With the spoils in hand, I made my way back to the entrance...."}]}