{"n":"Agarnaith Skip","lv":1,"maps":[],"steps":[{"i":1,"pts":[[50.65197,-1.2142383],[-145.64108,-123.17931],[-145.57098,-123.179726],[-145.60526,-123.14956],[-139.12581,-116.67909],[-139.09154,-116.70924],[-139.16164,-116.70885]]}]}