{"n":"Instance: The Battle of Dol Baran","lv":74,"maps":[],"steps":[{"i":1,"pts":[[-6.8070602,-88.22127],[-6.793662,-88.380905],[-6.8668747,-88.581856],[-7.005703,-88.550476],[-6.8998632,-88.52611],[-7.0894527,-88.33545],[-6.7376657,-88.517365]],"t":"Defend against the Dunlendings atop Dol Baran.","kz":{"c":1}},{"i":2,"pts":[[-6.8070602,-88.22127],[-6.793662,-88.380905]],"t":"Grimbold awaits you atop Dol Baran. You should speak with Grimbold regarding your victory."},{"i":3,"pts":[[-6.8072557,-88.38895],[-6.7827244,-88.37277]],"t":"See to the dead atop Dol Baran."}]}