{"n":"Recovering the Past","lv":1,"maps":[],"steps":[{"i":1,"pts":[[-57.553936,-35.761288],[-57.39703,-36.226337],[-57.663017,-35.9407],[-57.86577,-35.811287],[-57.387985,-36.3359],[-57.299686,-36.04833],[-57.750477,-35.528954],[-57.554646,-35.38822],[-56.89549,-36.023575],[-57.09675,-36.18961],[-57.571316,-35.776356],[-57.77573,-35.75116],[-57.758125,-35.862488],[-57.287323,-36.258465],[-57.49116,-35.535664],[-57.56287,-35.375515],[-57.03204,-35.964382],[-56.887108,-36.033916]],"t":"Defeat All-seeing cultists and recover historical artifacts and documents.","kz":{"c":12}},{"i":2,"pts":[[-57.43371,-35.895508]],"t":"Search for the Barkhûshim leader Katrakhi Mâta near the centre of Dûl Zidur."}]}