{"n":"Warband: Swertríper","lv":79,"maps":[],"steps":[{"i":1,"pts":[[-54.355556,-54.42191],[-54.075134,-54.612743],[-54.762634,-54.737976],[-54.765556,-54.05722]]}]}