{"n":"Year 7 Tales: Legolas","lv":0,"maps":[],"steps":[{"i":1,"pts":[[-51.495457,-14.685273],[-50.880196,-14.261093],[-2.5715625,-47.163475],[-2.3632421,-47.163475],[-2.199619,-47.163475],[-2.6004589,-46.465233],[-2.310498,-46.63944],[-2.5873632,-46.740345],[-60.248398,-23.798368],[-67.80074,-11.953671],[-64.68807,-17.454502],[-34.837784,-84.6118],[-34.71487,-84.42771],[-34.2103,-84.52554],[-32.436123,-84.4607],[-32.456787,-84.16618],[-32.25409,-84.11733],[-32.25409,-83.868935],[-31.92997,-84.11733],[-31.92997,-83.868935],[-31.474854,-84.206726],[-31.474854,-83.97007],[-31.09665,-84.2331]],"t":"Cards hang from the Party Tree. Each card contains a scavenger hunt to complete at your own pace.","kz":{"c":1}}]}