{"n":"Year 3 Tales: Boromir","lv":0,"maps":["1879328871","1879328879"],"steps":[{"i":1,"pts":[[-12.690527,-63.038227],[-9.244277,-63.019047],[-4.7782516,-29.867167,"1879328871"],[-2.3999999,-47.2,"1879328879"],[-2.216582,-46.928406,"1879328879"],[-2.3999999,-46.399998,"1879328879"],[-72.708046,-13.796249],[-72.435005,-13.390605],[-72.16732,-13.333232],[-71.6928,-13.226367],[-71.81352,-13.170772],[-16.187588,-47.093895],[54.48748,46.024727],[54.49748,47.61533],[54.498047,47.61566],[-18.516035,-63.524143]],"t":"Cards hang from the Party Tree. Each card contains a scavenger hunt to complete at your own pace.","kz":{"c":10}}]}