{"n":"Looting the Supplies","lv":1,"maps":[],"steps":[{"i":1,"pts":[[-76.02574,-34.505047],[-76.07411,-34.657528],[-76.06686,-34.72455],[-76.13606,-34.25782],[-76.19712,-34.41715],[-76.21836,-34.178562],[-76.31059,-34.290623],[-76.08715,-34.489334],[-76.0861,-34.137188],[-76.13245,-34.573544]],"t":"Your mission is to travel to the Ekhamâti camp, defeat the dôla, and rob them of their gold in order to supply Mizâdi's forces.","kz":{"c":1}},{"i":2,"pts":[[-76.404305,-34.30964]],"t":"Escape the camp before reinforcements arrive!"}]}