{"n":"Aiding the Elves I","lv":60,"maps":[],"steps":[{"i":1,"pts":[[-79.09021,-10.872207],[-79.07401,-10.486777],[-79.137695,-10.239931],[-77.63735,-13.898564],[-77.65701,-13.763779],[-77.53183,-13.000615],[-77.54529,-12.680195],[-77.47423,-12.956299],[-75.64999,-14.839872],[-75.52313,-14.851406]],"t":"Orcs can be found north-west of Talan Haldir, along the road that runs through Nanduhirion to Moria. They have erected barricades outside their camps …","kz":{"c":10}},{"i":2,"pts":[[-73.472855,-16.182774]],"t":"Hadroneth is on Talan Haldir, located on the banks of Nimrodel, south-east of Nanduhirion. You have continued your efforts against the Orc invaders of…"}]}