{"n":"Exploring Vâr Nuchur","lv":131,"maps":[],"steps":[{"i":1,"pts":[[-114.31778,-48.635506],[-113.819275,-48.70806]],"t":"Vâr Nuchur can be found west of Maergrind. You should explore Vâr Nuchur for Varthmath."},{"i":2,"pts":[[-114.06714,-48.60918],[-114.44692,-48.690643],[-114.40968,-48.663002],[-114.20204,-48.453262],[-113.862976,-48.708378],[-113.93273,-48.444687],[-113.69549,-48.68912],[-113.95732,-48.622265]],"t":"Vâr Nuchur can be found west of Maergrind. You should defeat gredbyg and collect samples from the hive.","kz":{"c":8}}]}