{"n":"The Sweetest Reward","lv":1,"maps":[],"steps":[{"i":1,"pts":[[-55.710556,-53.751293],[-55.77292,-53.77376],[-55.781006,-53.68586],[-55.715427,-53.86299],[-56.037235,-53.562054],[-56.006348,-53.44293],[-56.05166,-53.397854],[-56.13407,-53.37],[-56.105957,-53.530777],[-55.72324,-53.74835],[-55.784042,-53.75593],[-55.790928,-53.677227],[-56.01778,-53.570873],[-56.012783,-53.449043],[-56.100693,-53.381058]],"t":"Defeat the enraged guardian bees and collect honey and abandoned tools from Medân Makhai.","kz":{"c":8}},{"i":2,"pts":[[-56.1808,-53.465256]],"t":"Find and defeat the queen's protectors in Medân Makhai.","kz":{"c":2}},{"i":3,"pts":[[-56.181667,-53.464546]],"t":"Find and defeat the queen bee within Medân Makhai.","kz":{"c":1}}]}