{"n":"The Plan Gone Wrong","lv":160,"maps":[],"steps":[{"i":1,"pts":[[32.410194,62.627636]],"t":"TBD - Blah!"},{"i":2,"pts":[[32.409023,62.618984],[32.409218,62.623493]],"t":"TBD - Blah!","kz":{"c":6}},{"i":3,"pts":[[32.41127,62.640194]],"t":"TBD - Blah!"},{"i":5,"pts":[[32.412693,62.668026]],"t":"TBD - Blah!"}]}