{"n":"Mission: The High Dig","lv":1,"maps":[],"steps":[{"i":1,"pts":[[-66.208565,22.640888],[-66.42953,22.504307],[-66.459755,22.699091],[-66.40615,22.794092],[-66.22796,22.741035],[-66.24023,22.586826],[-66.12249,22.566689],[-66.15953,22.635048],[-66.10536,22.47661],[-66.01029,22.704433],[-66.397606,22.852783],[-66.34644,22.818739],[-66.24686,22.813026],[-66.1418,22.805342],[-66.09012,22.95629],[-66.19593,22.863173],[-66.11955,23.038593],[-66.4606,22.834589],[-65.87762,22.737812],[-65.99173,22.629072],[-66.20847,22.684639],[-66.41257,22.488993],[-66.46577,22.720127],[-66.29075,22.795273],[-66.1533,22.68833],[-66.02587,22.600477],[-66.12959,22.493095],[-66.0652,22.486347],[-66.21172,22.57118],[-66.32308,22.772705],[-66.34412,22.554413],[-66.04076,22.737108],[-66.42505,22.944424],[-66.46457,22.811855],[-66.141304,22.865692],[-66.45258,22.83914],[-66.17874,23.03828],[-65.87653,22.55045],[-65.806755,22.6287],[-65.97807,22.676445]],"t":"Defeat Dourhand treasure-hunters and destroy their mining supplies.","kz":{"c":12}}]}