{"n":"A Gilded Veneer, Part 7: Lashêm's Request","lv":150,"maps":[],"steps":[{"i":1,"pts":[[-141.54997,-113.00766],[-141.47374,-113.18755],[-141.40701,-112.91529],[-141.31929,-113.13342],[-141.65161,-113.12362]],"t":"Lashêm's parcels were misplaced by a number of smugglers operating out of Sâl Bajat, and he needs you to recover them and teach the miscreants he will…","kz":{"c":12}},{"i":2,"pts":[[-141.92076,-113.45872],[-141.54997,-113.00766],[-141.47374,-113.18755],[-141.40701,-112.91529],[-141.31929,-113.13342],[-141.65161,-113.12362]],"t":"Lashêm is waiting for you to deliver his misplaced parcels to him at Kheb Hanût, in Tâkhdar."}]}