{"n":"An Infestation of Crabs","lv":1,"maps":["1879479473"],"steps":[{"i":1,"pts":[[-117.166405,-13.965371,"1879479473"]],"t":"Investigate the source of the disturbance below deck."},{"i":2,"pts":[[-117.18199,-13.914473,"1879479473"],[-117.14472,-14.034638,"1879479473"],[-117.2792,-14.027802,"1879479473"],[-117.07326,-13.951474,"1879479473"],[-117.181816,-13.929833,"1879479473"],[-117.155136,-14.010605,"1879479473"],[-117.08835,-13.988945,"1879479473"],[-117.277084,-13.924209,"1879479473"]],"t":"Protect the Khâlbina and her crew from crabs that have boarded the ship!","kz":{"c":10}},{"i":3,"pts":[[-117.23265,-13.95623,"1879479473"]],"t":"Defeat the greater crabs!","kz":{"c":2}}]}