{"n":"Savage Intruders","lv":78,"maps":["1879241909"],"steps":[{"i":1,"pts":[[-59.142185,-51.26012,"1879241909"],[49.966347,22.737139]]}]}