{"n":"A Worrisome Crowd","lv":105,"maps":["1879334978","1879334979","1879335458"],"steps":[{"i":1,"pts":[[-19.130615,-66.136894,"1879334978"],[-19.242382,-66.11068,"1879334978"],[-19.205692,-66.11748,"1879334978"],[-19.259306,-66.157524,"1879334978"],[-19.020136,-66.161865,"1879334978"],[-19.397821,-66.06941,"1879334978"],[-19.348436,-66.099655,"1879334978"],[-19.20914,-66.161476,"1879334978"],[-19.185547,-66.1206,"1879334978"],[-18.960674,-66.06733,"1879334978"],[-19.354511,-66.027534,"1879334978"],[-19.178242,-66.14406,"1879334978"],[-19.291895,-66.130806,"1879334978"],[-18.907803,-66.09567,"1879334978"],[-18.970947,-66.12298,"1879334978"],[53.134922,53.949238],[53.24945,53.928886],[53.26381,54.441055],[53.374725,54.119473],[53.351894,54.23633],[53.42246,54.33453],[53.19195,54.38838],[53.33996,53.9917],[53.2624,53.797363],[53.48076,54.059883],[53.36449,53.878574],[53.422283,53.94281],[53.140408,53.78912],[53.29039,54.33967],[53.258614,54.442616],[53.460663,54.10584],[53.377266,54.125664],[53.412735,54.431854],[53.309414,53.847088],[53.35457,53.81488],[56.381054,77.88111,"1879335458"],[55.85119,77.91637,"1879335458"],[56.399002,77.59369,"1879335458"],[55.761368,77.60412,"1879335458"],[55.97814,77.79631,"1879335458"],[56.11287,77.480034,"1879335458"],[56.139393,77.664024,"1879335458"],[55.989822,77.49787,"1879335458"],[55.791386,77.66773,"1879335458"],[55.81826,77.55017,"1879335458"],[55.778378,77.61324,"1879335458"],[56.19416,77.77654,"1879335458"],[56.368454,77.72537,"1879335458"],[56.129433,77.60004,"1879335458"],[55.832832,77.789604,"1879335458"],[56.40367,77.58853,"1879335458"],[55.786953,77.92175,"1879335458"],[56.32152,77.92693,"1879335458"],[55.93164,77.64258,"1879335458"],[55.76992,77.75381,"1879335458"],[56.36611,78.49453,"1879335458"],[55.826485,78.49447,"1879335458"],[55.96609,78.545425,"1879335458"],[56.08703,78.336716,"1879335458"],[55.99871,78.39566,"1879335458"],[56.425858,78.542404,"1879335458"],[55.760212,78.511246,"1879335458"],[55.78709,78.3969,"1879335458"],[55.780098,78.58162,"1879335458"],[55.78703,78.43195,"1879335458"],[56.091465,78.5798,"1879335458"],[56.42457,78.400314,"1879335458"],[56.08533,78.42611,"1879335458"],[56.09322,78.33416,"1879335458"],[55.790466,78.401344,"1879335458"],[55.764862,78.504395,"1879335458"],[56.36193,78.49611,"1879335458"],[56.265858,78.42175,"1879335458"],[55.827595,78.42875,"1879335458"],[56.367752,78.38039,"1879335458"],[56.360703,78.38047,"1879335458"],[56.37287,79.05559,"1879334979"],[56.70439,79.061325,"1879334979"],[56.41822,78.908005,"1879334979"],[56.638905,79.00818,"1879334979"],[56.50498,78.82943,"1879334979"],[56.43787,78.97789,"1879334979"],[56.366894,79.08705,"1879334979"],[56.50955,78.97302,"1879334979"],[56.514473,78.96855,"1879334979"],[56.76045,78.93919,"1879334979"],[56.704315,79.0543,"1879334979"],[56.350857,79.03414,"1879334979"]],"t":"Torchún has asked you to disperse visiting well-wishers inside and outside the Houses of Healing, on the Sixth Circle of Minas Tirith."},{"i":2,"pts":[[-19.317646,-66.10057,"1879334978"]],"t":"You should return to Torchún outside of the Houses of Healing and let him know you have dispersed a number of visiting well-wishers."}]}