{"n":"Enemies Abound","lv":90,"maps":[],"steps":[{"i":1,"pts":[[-72.1447,-45.745716]],"t":"Torferth is at Tordag's encampment north of the road between Torsbury and Stoke. Tordag told you to lend your aid to his son, Torferth."},{"i":2,"pts":[[-74.31015,-50.43093],[-74.26629,-49.463615],[-74.39125,-48.62684],[-74.33103,-47.805046],[-74.14535,-47.495228],[-74.20014,-46.011845],[-74.316,-45.94778],[-74.438835,-44.501213],[-74.39979,-43.89635],[-73.54487,-51.03383],[-73.70192,-50.29942],[-73.314865,-49.696777],[-73.25357,-48.526672],[-73.403336,-47.82518],[-73.30088,-47.28179],[-73.81455,-46.59866],[-73.26922,-44.07759],[-72.9209,-51.32409],[-72.633354,-50.273617],[-72.57697,-49.409718],[-72.55571,-48.648056],[-72.86016,-47.78528],[-73.01497,-47.487896],[-72.48454,-46.40415],[-71.96798,-51.897987],[-71.689384,-51.13201],[-72.12876,-50.119995],[-72.17887,-49.94291],[-71.73309,-48.581844],[-72.14163,-48.113464],[-72.19918,-46.99742],[-71.74545,-46.56922],[-71.36596,-51.795612],[-71.09873,-51.14119],[-71.294556,-50.091396],[-71.503426,-49.456024],[-71.092735,-48.78739],[-71.47361,-48.065697],[-71.33367,-47.27993],[-74.31701,-50.43093],[-74.555786,-49.344055],[-74.61971,-48.676838],[-74.545685,-47.953094],[-74.07518,-46.862225],[-74.64518,-46.358177],[-74.64346,-45.48122],[-74.44601,-45.049095],[-74.07212,-44.03254],[-73.55173,-51.03383],[-73.70878,-50.29942],[-73.868866,-49.67319],[-73.40017,-48.63487],[-73.864,-47.75565],[-73.60064,-46.960773],[-73.327736,-46.453445],[-73.88911,-43.966766],[-72.92775,-51.32409],[-72.964806,-50.225605],[-72.963585,-49.373493],[-72.86889,-48.543682],[-72.98028,-48.091766],[-72.997955,-47.10554],[-72.967926,-46.411716],[-71.97483,-51.897987],[-71.94496,-51.392647],[-71.70446,-50.335594],[-71.78328,-49.38015],[-72.33542,-48.88233],[-72.2377,-47.879936],[-71.79553,-47.05895],[-72.14836,-46.64509],[-71.37282,-51.795612],[-71.47964,-51.472248],[-71.526085,-50.1585],[-71.20283,-49.90337],[-71.467125,-48.93908],[-71.53023,-48.272774],[-71.34053,-47.27993],[-69.54763,-50.26933],[-69.09222,-50.16379],[-68.93086,-48.968616],[-68.11602,-51.285408],[-68.23417,-50.1954],[-67.86384,-49.844864],[-68.118645,-49.00438],[-66.96537,-51.06412],[-67.0945,-50.318237],[-67.193405,-49.84701],[-67.49086,-49.01464],[-66.46137,-51.100082],[-66.545296,-50.337708],[-66.48744,-49.474],[-66.588776,-48.67662],[-65.73459,-51.204876],[-65.69401,-50.66361],[-65.81127,-49.519184],[-65.67407,-48.945393],[-73.601616,-45.59989],[-73.213936,-45.219936],[-73.59573,-44.799774],[-72.80211,-45.6057],[-72.90042,-44.89942],[-73.601616,-45.59989],[-73.213936,-45.219936],[-73.59573,-44.799774],[-72.80211,-45.6057],[-72.90042,-44.89942]],"t":"Servants of the White Hand can be found at Torsbury and in the fields south of Torsbury. Torferth asked you to ride to Torsbury and the field to the s…"},{"i":3,"pts":[[-72.1447,-45.745716]],"t":"Torferth is at Tordag's encampment, north of the road between Torsbury and Stoke. You should return to Torferth with your report."}]}