{"n":"Mission: The Flooded Depths","lv":1,"maps":["1879419603"],"steps":[{"i":1,"pts":[[48.32449,56.378864,"1879419603"],[48.398106,56.42123,"1879419603"],[48.50049,56.378826,"1879419603"],[48.71959,56.134766,"1879419603"],[48.677986,56.065292,"1879419603"],[48.74908,56.079002,"1879419603"],[48.585274,56.121796,"1879419603"],[48.571053,56.05207,"1879419603"],[48.54158,55.94164,"1879419603"],[48.707928,55.94117,"1879419603"],[48.849842,56.121094,"1879419603"],[48.997517,56.07879,"1879419603"],[49.114334,56.119766,"1879419603"],[49.17115,56.050858,"1879419603"],[49.14953,55.932323,"1879419603"],[49.158455,56.2583,"1879419603"],[48.991367,56.241856,"1879419603"],[49.02109,56.34998,"1879419603"],[48.964275,56.421757,"1879419603"],[49.09906,56.42119,"1879419603"],[49.19703,56.378845,"1879419603"],[49.317677,56.39924,"1879419603"],[49.021152,56.49748,"1879419603"],[49.001247,56.567673,"1879419603"],[48.721893,56.737556,"1879419603"],[48.65172,56.678867,"1879419603"],[48.532322,56.701054,"1879419603"]],"t":"You should defeat ukhrâsh and plug leaks.","kz":{"c":12}}]}