{"n":"Instance: Into the Circle of Madness","lv":127,"maps":["1879393869","1879393870","1879393871","1879393872"],"steps":[{"i":1,"pts":[[0.91375,-66.81713,"1879393869"],[0.6154297,-66.74223,"1879393869"],[56.394745,57.999863,"1879393871"]]},{"i":2,"pts":[[56.394432,57.94828,"1879393871"],[56.400215,58.050564,"1879393871"]],"t":"Secure the tower. &lt;rgb=#FF0000&gt;It is recommended to have the quest The Circle of Sorrow underway.&lt;/rgb&gt;","kz":{"c":1}},{"i":3,"pts":[[56.267597,53.36029],[56.54531,53.351112],[56.361816,54.961872,"1879393872"],[56.433983,54.966698,"1879393872"],[56.590584,56.495255,"1879393870"],[56.583496,56.4941,"1879393870"],[56.21621,58.09916,"1879393871"],[56.589237,58.121914,"1879393871"]],"t":"Talk to one of the Rangers."}]}