{"n":"Warband: Haglob","lv":79,"maps":[],"steps":[{"i":1,"pts":[[-53.57663,-46.421246],[-53.24068,-46.735996],[-53.258553,-46.084743],[-53.946384,-46.74048]]}]}