{"n":"Seeking Narthalum","lv":113,"maps":[],"steps":[{"i":1,"pts":[[12.913798,17.686836],[13.580645,15.78998],[13.560165,15.711269],[13.888799,17.716444],[13.99289,17.716562],[14.3025875,16.054941],[14.302822,15.936563]],"t":"Statues can be found in Nargroth. You should destroy statues to attract Narthalum's attention."},{"i":2,"pts":[[13.941035,17.608223],[13.935752,17.620468]],"t":"Statues can be found in Nargroth. You should destroy statues to attract Narthalum's attention.","kz":{"c":1}},{"i":3,"pts":[[12.040664,17.208202]],"t":"The Watching Stone can be found in Nargroth. You should return to the Watching-stone."}]}