{"n":"Lost Invitations","lv":0,"maps":[],"steps":[{"i":1,"pts":[[-50.91913,-31.680204],[-51.14742,-30.845156],[-50.945507,-30.891092],[-50.961452,-31.02335],[-51.18546,-31.008818],[-50.88702,-31.159784],[-51.060028,-31.216766],[-51.292538,-31.12086],[-51.27537,-31.183388],[-51.145195,-31.186493],[-51.13911,-31.43493],[-51.488815,-31.20536],[-51.505352,-31.31624],[-50.93047,-31.041592],[-51.0816,-31.26124],[-50.815693,-31.44295],[-50.840897,-31.404795],[-50.972237,-31.526855],[-51.349667,-31.10791],[-51.356308,-31.344755],[-51.176277,-31.126543],[-51.191414,-31.369873],[-51.16049,-30.966112],[-50.916023,-31.07584],[-51.13788,-30.294413],[-51.16665,-30.495956],[-51.11275,-30.566933],[-51.300274,-30.335878],[-51.430496,-30.340595],[-51.41504,-30.203281],[-51.290115,-30.25504],[-51.032684,-30.171942],[-50.90694,-30.178446],[-50.97903,-30.444668],[-51.38125,-30.409355],[-51.51119,-30.24462],[-51.205215,-30.100742],[-51.098503,-30.176289],[-50.82875,-30.338398],[-51.00039,-30.647577],[-50.84041,-30.431015],[-51.096523,-30.636885],[-51.016357,-30.329325],[-51.00081,-30.694725],[-51.08831,-30.780966],[-51.42376,-30.078037],[-51.14454,-30.395575],[-51.2174,-29.979258],[-51.248837,-29.875898],[-51.18078,-29.851416],[-51.27663,-29.814344],[-51.153564,-29.76377],[-51.267002,-29.735624],[-51.187763,-29.5541],[-51.16909,-29.659609],[-51.37159,-29.815693],[-51.338455,-29.941347],[-51.492313,-29.793047],[-51.505997,-29.74079],[-51.45208,-29.844442],[-51.28631,-29.509052],[-51.346542,-29.748358],[-51.52834,-29.56375],[-51.43455,-29.499931],[-51.528904,-29.72123],[-51.444138,-29.746893],[-51.201786,-29.604765],[-51.52909,-29.814003],[-51.126816,-29.49874],[-51.077957,-29.58037],[-50.348347,-31.761435],[-50.38988,-31.908974],[-50.697216,-31.800205],[-50.408516,-31.791006],[-50.473125,-31.746426],[-50.495888,-31.654776],[-50.362762,-31.727139],[-50.395947,-31.81413],[-50.479073,-31.727577],[-50.571114,-31.881962],[-50.448437,-31.980614],[-50.59323,-31.89917],[-50.70278,-31.86244],[-50.713825,-31.849306],[-50.66661,-31.988466],[-50.56801,-31.924355],[-50.701416,-31.719316],[-50.672615,-31.732187],[-50.374023,-31.937119],[-50.41628,-31.98743],[-50.519295,-31.972294],[-50.691795,-31.63168],[-50.320496,-31.90211],[-50.753487,-31.981474],[-50.9486,-30.822392],[-50.824295,-31.290127],[-50.80787,-31.594893],[-51.190323,-30.90912],[-51.21417,-31.074032],[-50.811817,-31.543827],[-51.55037,-31.284424],[-51.077988,-31.426239],[-51.330906,-30.425888],[-51.361473,-30.326094],[-51.18749,-30.035292],[-50.925488,-30.736113],[-51.158768,-30.22663],[-51.032207,-30.39082],[-51.51232,-30.298065],[-51.25162,-29.471893],[-51.3062,-29.98503],[-51.385193,-29.784052],[-51.216133,-29.790262],[-51.55278,-29.459257],[-50.669483,-31.620087],[-50.24483,-31.728476],[-50.491787,-31.931297],[-50.77656,-31.833153],[-50.4521,-32.011482]],"t":"The envelopes are scattered around Bree. Percy Bywood has asked you to look inside envelopes scattered around town return to him any invitations you f…"},{"i":2,"pts":[[-51.038662,-30.1929]],"t":"Percy Bywood is near the Boar-fountain in Bree. You should return the invitations you found to Percy Bywood."}]}