{"n":"The Flames of Mornaur","lv":115,"maps":[],"steps":[{"i":1,"pts":[[-1.3250195,-44.587822],[-1.4547168,-44.70482],[-1.551123,-44.703396],[-1.4102441,-44.294697],[-1.3429589,-44.268074],[-1.0559472,-44.747337],[-1.1292871,-44.746468],[-0.6205371,-44.25217],[-0.5990723,-44.319637],[-1.1675292,-44.389793],[-1.0183399,-44.368652],[-1.0654004,-44.192295],[-1.1247948,-44.192677],[-1.1908106,-44.19205],[-0.73450196,-44.194973],[-0.17144531,-44.61817],[-0.1702832,-44.388542]],"t":"Mornaur Furnaces can be found in Mornaur. You should attempt to douse the furnaces and defeat whatever lurks within.","kz":{"c":10}}]}