{"n":"The Blood Spectre","lv":1,"maps":[],"steps":[{"i":1,"pts":[[-75.84478,-39.550713],[-75.838486,-38.99863],[-75.70152,-39.08289],[-75.708336,-38.951035],[-75.903404,-39.421436],[-75.94756,-39.40665],[-75.86566,-39.515526],[-76.009575,-39.529766],[-75.48596,-39.311287],[-76.06355,-39.53913],[-75.78442,-38.924072],[-75.855156,-39.53085],[-75.754005,-39.0245],[-75.465065,-39.35375]],"t":"Your mission is to infiltrate the Ekhamâti camp, steal their torches, spill hog's blood, and eliminate their dôla all to spread the fear of the Blood …","kz":{"c":3}},{"i":2,"pts":[[-76.0912,-39.578613]],"t":"Escape the camp before reinforcements arrive and discover you!"}]}