{"n":"Sand for the Flame","lv":31,"maps":[],"steps":[{"i":1,"pts":[[-62.835564,-21.493486],[-62.920937,-21.540703],[-62.88407,-21.88875],[-63.05038,-21.949589],[-62.837246,-21.950127],[-63.147957,-21.279345],[-63.285458,-21.317226],[-63.28202,-20.928408],[-63.275192,-20.987118],[-63.18151,-21.009668],[-63.203426,-20.732851],[-63.259686,-20.737715],[-62.84404,-20.813555],[-62.847157,-20.669209],[-62.928055,-19.966854],[-62.876053,-19.769444],[-62.60333,-21.422148],[-62.616142,-21.272793],[-62.608807,-21.58625],[-62.74903,-21.849228],[-62.429314,-21.363613],[-62.50493,-20.720028],[-62.171806,-20.536446],[-62.268875,-20.66953],[-62.43779,-20.604092],[-62.538944,-20.524345],[-62.423367,-20.765635],[-62.196297,-20.743984],[-62.596786,-20.860556],[-62.47572,-20.878963],[-62.334843,-20.957422],[-62.260723,-21.087187],[-62.366688,-20.975956],[-62.266445,-20.821415],[-62.59784,-20.446377],[-62.470573,-19.84206],[-62.219307,-19.96408],[-62.03211,-19.66917],[-62.0999,-20.080946],[-62.47252,-20.207655],[-62.28195,-19.215527],[-62.106133,-19.202637],[-62.05369,-19.455635],[-62.34822,-19.533936],[-62.4911,-19.40462],[-62.699,-19.52869],[-61.950848,-20.158134],[-61.92363,-20.253534],[-61.95993,-20.369911]],"t":"White sand can be found in the Sand Marshes north of Dwaling. Mundaric Sandheaver has asked you to gather some white sand for him."},{"i":2,"pts":[[-64.41797,-21.216923],[-62.835564,-21.493486],[-62.920937,-21.540703],[-62.88407,-21.88875],[-63.05038,-21.949589],[-62.837246,-21.950127],[-63.147957,-21.279345],[-63.285458,-21.317226],[-63.28202,-20.928408],[-63.275192,-20.987118],[-63.18151,-21.009668],[-63.203426,-20.732851],[-63.259686,-20.737715],[-62.84404,-20.813555],[-62.847157,-20.669209],[-62.928055,-19.966854],[-62.876053,-19.769444],[-62.60333,-21.422148],[-62.616142,-21.272793],[-62.608807,-21.58625],[-62.74903,-21.849228],[-62.429314,-21.363613],[-62.50493,-20.720028],[-62.171806,-20.536446],[-62.268875,-20.66953],[-62.43779,-20.604092],[-62.538944,-20.524345],[-62.423367,-20.765635],[-62.196297,-20.743984],[-62.596786,-20.860556],[-62.47572,-20.878963],[-62.334843,-20.957422],[-62.260723,-21.087187],[-62.366688,-20.975956],[-62.266445,-20.821415],[-62.59784,-20.446377],[-62.470573,-19.84206],[-62.219307,-19.96408],[-62.03211,-19.66917],[-62.0999,-20.080946],[-62.47252,-20.207655],[-62.28195,-19.215527],[-62.106133,-19.202637],[-62.05369,-19.455635],[-62.34822,-19.533936],[-62.4911,-19.40462],[-62.699,-19.52869],[-61.950848,-20.158134],[-61.92363,-20.253534],[-61.95993,-20.369911]],"t":"Mundaric Sandheaver is at Hob Hillbrow's home at the Bullroarer's Sward in Dwaling, south of the Sand-marshes. You should return to Mundaric Sandheave…"}]}