{"n":"Warband: Dahámab","lv":79,"maps":[],"steps":[{"i":1,"pts":[[-57.77543,-44.900295],[-57.300144,-44.883247],[-57.61404,-45.15956],[-57.98045,-45.179153]]}]}