{"n":"Securing Kûr Anzar","lv":1,"maps":[],"steps":[{"i":1,"pts":[[-61.49781,-38.400684],[-61.49281,-38.11573],[-61.424824,-38.110252],[-61.65453,-38.101883],[-61.477245,-37.941982],[-61.43956,-37.849472],[-61.42455,-37.658318],[-61.475643,-37.563545],[-61.473095,-37.34497],[-61.43121,-37.264412]],"t":"Destroy fortifications and defeat the All-seeing forces.","kz":{"c":14}},{"i":2,"pts":[[-61.45946,-37.299988]],"t":"Find and defeat Usóhi, leader of the invading Barkhûshim"}]}