{"n":"Tier 03: Delving Zircon","lv":0,"maps":["1879048557","1879184735","1879184736","1879184737","1879189787","1879189788","1879190613","1879190614","1879190615","1879230185","1879260472","1879265722","1879309753","1879335466","1879364719","1879409237","1879475844"],"steps":[{"i":1,"pts":[[-145.98799,67.357834],[-145.92615,69.22695]],"t":"You must place a delving zircon into the fissure in the delving stone. This will unlock the potency trapped within the gemstone and unleash it upon th…"},{"i":2,"pts":[[-146.18138,57.16287],[-144.90685,59.14703],[-145.4077,59.446796],[-145.99529,67.704],[-146.59126,69.216896],[-145.32794,72.05908],[-148.55136,72.53443],[-145.41988,72.74201],[-54.21495,-41.909092],[-53.537186,-53.587063],[-50.461308,-39.778614],[-49.720352,-42.932777],[-42.113457,-45.87801],[-42.01169,-45.541317],[-42.030544,-44.922207],[-42.206913,-44.835594],[-42.148113,-45.070457],[-42.01493,-44.977528],[-41.276905,-45.102066],[-41.80922,-44.4764],[-40.8708,-45.16654],[-39.496513,-56.970627],[-39.583904,-56.598137],[-39.280174,-56.558666],[-36.70207,-55.689564],[-37.19366,-55.81106],[-37.1246,-42.373104],[-32.41289,-47.220695],[-31.963495,-48.84822],[-134.96341,23.472412]],"t":"A malice spread from within the gemstone you affixed to the delving stone. You must defeat the enemies to rid the evil from the world."},{"i":3,"pts":[[-102.911446,-14.008154,"1879190613"],[-70.38936,19.764765,"1879190615"],[-68.11295,-26.943544,"1879184737"],[-66.721535,-12.6686325,"1879190614"],[-50.350613,-32.364803,"1879189788"],[-49.809208,-37.599667],[-44.693203,-50.091206],[-42.944023,-9.4729,"1879184736"],[-39.0696,-0.06160156,"1879184735"],[-29.324453,-65.0027],[-29.051533,-31.201181,"1879048557"],[-16.907997,-79.6792,"1879364719"],[-16.708387,-52.5033,"1879230185"],[-15.644004,-40.475048,"1879230185"],[-13.536592,-69.607285,"1879335466"],[-6.331748,-30.146385,"1879189787"],[53.317303,1.1967187],[-105.00179,-6.0725584,"1879265722"],[-72.93289,-14.603671,"1879260472"],[-62.63833,-59.75027,"1879409237"],[-50.76985,-14.568203,"1879309753"],[45.588203,-108.306915],[47.57115,69.37688],[47.58066,69.38638],[50.085587,-14.0922165],[53.15664,16.61663],[53.09777,45.195976],[56.543884,78.68015],[-10.259209,-40.377323,"1879475844"],[54.734375,52.368904],[-82.93115,-55.538006],[-80.93726,-21.730547],[-80.93147,-21.725655],[-76.37692,-52.089096],[-66.388405,-37.68086],[-63.46462,-62.267654],[-62.815712,-23.20624],[-62.80824,-23.208408],[-35.58579,-46.143402],[55.208065,73.80115],[55.208633,73.76147]],"t":"Having completed the mission with the malice affecting the denizens within, you should now make your way back to a mission giver who knows about delvi…"}]}