{"n":"Ekhamât Triumphant","lv":150,"maps":[],"steps":[{"i":1,"pts":[[-60.294754,-46.136127],[-60.29027,-46.430603],[-60.076492,-46.38885],[-60.070545,-46.388676],[-59.737976,-46.472763],[-59.675407,-46.23685],[-59.860428,-46.094448],[-60.133614,-46.02193]],"t":"Defeat Ekhamâti forces around you and tend to the wounded Subuzûri in Nisigurûm.","kz":{"c":8}},{"i":2,"pts":[[-59.660202,-45.359726]],"t":"Return to Mizâdi on the battlefield outside Nisigurûm in southern Imhûlar."}]}