{"n":"Mixing Medicines","lv":105,"maps":["1879334978","1879334979","1879335458"],"steps":[{"i":1,"pts":[[53.172245,54.2775,"1879335458"],[53.34539,54.36988,"1879335458"],[53.345623,54.38031,"1879335458"],[53.104393,53.89867,"1879335458"],[53.071915,54.397655,"1879335458"],[53.048767,54.368828,"1879335458"],[53.18822,54.368477,"1879335458"],[53.413963,53.954803,"1879335458"],[53.168026,54.276424,"1879335458"],[53.414394,53.958183,"1879335458"],[53.16502,54.2775,"1879335458"],[53.189705,54.368477,"1879335458"],[53.40742,53.95746,"1879335458"],[53.104393,53.90617,"1879335458"],[53.345547,54.38578,"1879335458"],[53.104393,53.901836,"1879335458"],[53.365273,54.460682,"1879335458"],[53.069237,54.395702,"1879335458"],[56.367928,78.212105,"1879334979"],[56.396736,78.21254,"1879334979"],[55.750877,77.846695,"1879334979"],[55.75039,78.32172,"1879334979"],[55.753555,78.32697,"1879334979"],[55.82289,78.33797,"1879334979"],[56.32246,78.17879,"1879334979"],[56.35828,77.53441,"1879334979"],[56.36953,77.54488,"1879334979"],[56.369255,77.54834,"1879334979"],[56.318573,78.182205,"1879334979"],[56.40006,78.21263,"1879334979"],[55.825195,77.840546,"1879334979"],[55.834724,77.857185,"1879334979"],[55.83625,78.32521,"1879334979"],[55.753494,77.84656,"1879334979"],[56.39879,78.2124,"1879334979"],[55.759373,78.20961,"1879334979"],[56.342888,78.9473,"1879334978"],[56.668106,79.233376,"1879334978"],[56.645546,79.257225,"1879334978"],[56.72334,78.99775,"1879334978"],[56.620174,79.24065,"1879334978"],[56.74488,78.965935,"1879334978"],[56.76547,79.005936,"1879334978"],[56.644257,79.257225,"1879334978"],[56.33734,78.93904,"1879334978"],[56.338573,79.03433,"1879334978"],[56.64623,79.200485,"1879334978"],[56.644062,79.20086,"1879334978"],[53.313885,53.85713,"1879335458"],[53.057186,54.382225,"1879335458"],[53.315662,53.854004,"1879335458"],[53.08039,53.9683,"1879335458"],[53.238083,54.373417,"1879335458"],[53.05699,54.38357,"1879335458"],[53.443142,54.388924,"1879335458"],[53.443142,54.38701,"1879335458"],[53.245743,54.390095,"1879335458"],[53.420486,53.95543,"1879335458"],[53.0816,53.96582,"1879335458"],[53.42252,53.95617,"1879335458"],[55.83033,78.33818,"1879334979"],[55.825603,77.830795,"1879334979"],[55.835876,78.32094,"1879334979"],[55.838085,78.31766,"1879334979"],[56.371014,78.21263,"1879334979"],[56.371815,78.2115,"1879334979"],[56.372696,78.21263,"1879334979"],[56.43342,77.54998,"1879334979"],[55.824883,77.858574,"1879334979"],[56.36941,77.560135,"1879334979"],[56.434414,77.551834,"1879334979"],[55.754,77.83102,"1879334979"],[56.47029,79.18636,"1879334978"],[56.66963,79.20961,"1879334978"],[56.466816,79.1948,"1879334978"],[56.724373,79.093,"1879334978"],[56.633183,79.25734,"1879334978"],[56.7424,79.0242,"1879334978"],[56.722458,79.09412,"1879334978"],[56.63002,79.257515,"1879334978"],[56.347595,79.06564,"1879334978"],[56.343086,79.06619,"1879334978"],[53.048923,54.001152,"1879335458"],[53.24523,53.84166,"1879335458"],[53.208435,53.95826,"1879335458"],[53.350487,54.126072,"1879335458"],[53.075565,54.224747,"1879335458"],[53.348515,54.12443,"1879335458"],[53.21961,53.95451,"1879335458"],[53.268456,53.829704,"1879335458"],[53.085663,53.9691,"1879335458"],[53.070137,54.22412,"1879335458"],[56.359745,77.731346,"1879334979"],[56.22705,78.26381,"1879334979"],[55.82447,77.796364,"1879334979"],[55.9941,77.91459,"1879334979"],[56.222713,78.26927,"1879334979"],[55.790096,77.95474,"1879334979"],[55.929863,78.15658,"1879334979"],[55.838436,77.552635,"1879334979"],[55.863632,78.21238,"1879334979"],[56.356384,78.4975,"1879334979"],[56.35656,77.72977,"1879334979"],[56.32502,79.083336,"1879334978"],[56.593105,79.185425,"1879334978"],[56.39115,79.22744,"1879334978"],[56.64578,79.18433,"1879334978"],[56.33584,78.997246,"1879334978"],[56.71611,79.08395,"1879334978"],[56.37908,79.06662,"1879334978"],[56.718086,79.08604,"1879334978"],[56.750526,79.040855,"1879334978"],[56.38945,79.22949,"1879334978"]],"t":"The Houses of Healing can be found on the Sixth Circle of Minas Tirith. Look for trueleaf, blushblade, and snagbane within the High Hall, House of Rem…"},{"i":2,"pts":[[53.406094,54.408493,"1879335458"],[55.82822,77.90794,"1879334979"],[56.364315,78.26078,"1879334979"],[56.668808,79.22222,"1879334978"]],"t":"Mixing tables can be found in the High Hall, House of Remedies, or House of Rest, on the Sixth Circle of Minas Tirith. Find a mixing table and combine…"},{"i":3,"pts":[[56.72828,78.95509,"1879334978"]],"t":"Ioreth stands in the High Hall of the Houses of Healing, on the Sixth Circle of Minas Tirith. You should return to Ioreth in the Houses of Healing and…"}]}