{"n":"Tham Andalath","lv":34,"maps":[],"steps":[{"i":1,"pts":[[-63.352966,-9.781494],[-63.402607,-9.672714],[-63.024395,-9.758935],[-63.08368,-9.5100975],[-63.116943,-9.456064],[-63.068066,-9.403555],[-63.012253,-9.462666],[-63.45242,-9.441425]],"t":"Tham Andalath is north east of Tinnudir, east of Tham Ornen. Orchalwë's journal speaks next of Tham Andalath, a ruin of a great weaponsmith's home, no…","kz":{"c":12}}]}