{"n":"The Lost Croft","lv":83,"maps":["1879244935"],"steps":[{"i":1,"pts":[[-64.04329,-58.03591,"1879244935"],[-63.744255,-58.482967,"1879244935"],[-63.813847,-58.10767,"1879244935"],[-63.633533,-58.00843,"1879244935"],[-63.642647,-58.6264,"1879244935"],[-63.795135,-57.60263,"1879244935"],[-64.09427,-57.965473,"1879244935"],[-63.915516,-57.879475,"1879244935"],[-63.33702,-58.3227,"1879244935"],[-63.381725,-58.239006,"1879244935"],[-63.515232,-57.580948,"1879244935"],[-63.462734,-57.96731,"1879244935"]],"t":"The Orcs can be found at the southernmost croft of Garsfeld, south-west of the town. Gísil wants you to take back the southernmost croft of Garsfeld.","kz":{"c":10}},{"i":2,"pts":[[-146.00102,-38.890244]],"t":"Gísil can be found inside the Mead Hall of Garsfeld. You should return to Gísil with news of your success."}]}