{"n":"The Straw Men of Ost Rimmon","lv":103,"maps":["1879332488"],"steps":[{"i":1,"pts":[[-36.53259,-43.74102,"1879332488"],[-36.859676,-43.745316,"1879332488"],[-36.557957,-44.020077,"1879332488"],[-36.578808,-43.25093,"1879332488"],[-36.82496,-43.39125,"1879332488"],[-35.920586,-44.062893,"1879332488"],[-36.30792,-43.742138,"1879332488"],[-36.177216,-44.10451,"1879332488"],[-35.70623,-43.83069,"1879332488"],[-35.838028,-43.464993,"1879332488"],[-36.35579,-43.103977,"1879332488"],[-36.04372,-43.54083,"1879332488"],[-35.18792,-45.256973,"1879332488"],[-35.233154,-45.919228,"1879332488"],[-35.338104,-44.47116,"1879332488"],[-34.829784,-44.966187,"1879332488"],[-34.931065,-44.232723,"1879332488"],[-35.249687,-44.16976,"1879332488"],[-34.29625,-44.550903,"1879332488"],[-34.514618,-44.91316,"1879332488"],[-34.748936,-44.59098,"1879332488"],[-34.380623,-44.431137,"1879332488"],[-34.31156,-44.233326,"1879332488"],[-34.76034,-44.3635,"1879332488"],[-35.033253,-47.87082,"1879332488"],[-34.917957,-48.115067,"1879332488"],[-34.938133,-46.61485,"1879332488"],[-34.97829,-46.158325,"1879332488"],[-35.320576,-46.29974,"1879332488"],[-34.965294,-46.40955,"1879332488"],[-34.561943,-47.858536,"1879332488"],[-34.446846,-48.25384,"1879332488"],[-34.17665,-48.238274,"1879332488"],[-34.3191,-48.068142,"1879332488"],[-33.472168,-47.82569,"1879332488"],[-33.756668,-47.79571,"1879332488"],[-33.806736,-47.697983,"1879332488"],[-32.834717,-47.730362,"1879332488"],[-33.06111,-47.931255,"1879332488"],[-32.91952,-47.536972,"1879332488"],[-32.646572,-47.416264,"1879332488"],[-32.493114,-47.524998,"1879332488"],[-32.209385,-47.723824,"1879332488"],[-32.32959,-47.024414,"1879332488"],[-32.20327,-47.27244,"1879332488"],[-32.221367,-47.558334,"1879332488"]],"t":"Lady Glánhar has asked you to go out of Ost Rimmon and gather sticks and trampled grass for her straw-man project."},{"i":2,"pts":[[-37.08428,-47.83433,"1879332488"]],"t":"You should return to Lady Glánhar in Ost Rimmon with the sticks and trampled grass you gathered for her straw-man project."},{"i":3,"pts":[[-36.647755,-47.384617,"1879332488"]],"t":"Ask Narvellon the Beacon-keeper in Ost Rimmon for weapons, helms, and rough cloth for Lady Glánhar's straw men."},{"i":4,"pts":[[-37.45995,-48.245533,"1879332488"],[-37.312813,-47.89391,"1879332488"],[-37.224148,-48.095093,"1879332488"],[-37.56739,-48.13914,"1879332488"],[-37.444744,-48.0409,"1879332488"],[-37.087772,-47.668056,"1879332488"],[-37.183475,-47.764297,"1879332488"],[-37.015713,-47.869244,"1879332488"],[-36.42915,-46.818783,"1879332488"],[-36.829014,-47.002277,"1879332488"],[-36.88077,-47.100086,"1879332488"],[-36.889656,-47.214138,"1879332488"],[-36.648426,-47.43696,"1879332488"],[-37.003143,-47.516777,"1879332488"],[-36.32827,-46.42413,"1879332488"],[-36.33163,-46.435806,"1879332488"],[-36.2837,-46.69575,"1879332488"],[-36.312313,-46.61415,"1879332488"],[-37.53964,-48.076927,"1879332488"],[-37.33494,-47.932587,"1879332488"],[-37.389442,-48.224285,"1879332488"],[-37.20928,-48.265495,"1879332488"],[-37.37077,-48.10141,"1879332488"],[-37.430225,-48.249363,"1879332488"],[-37.021004,-47.872055,"1879332488"],[-37.043182,-47.68666,"1879332488"],[-36.8317,-47.007103,"1879332488"],[-36.76995,-47.12708,"1879332488"],[-36.43949,-47.38564,"1879332488"],[-36.59079,-47.291798,"1879332488"],[-36.895576,-47.584534,"1879332488"],[-36.761562,-46.794243,"1879332488"],[-36.337234,-46.809452,"1879332488"],[-36.39171,-46.669052,"1879332488"],[-36.32915,-46.427147,"1879332488"],[-36.34498,-46.7306,"1879332488"],[-38.252655,-48.358147],[-38.23077,-48.427296],[-38.167706,-48.448803],[-38.305683,-48.360195],[-38.16129,-48.395412],[-38.165466,-48.40372],[-38.345284,-48.40833],[-38.296368,-48.46357],[-38.30406,-48.377445],[-38.036484,-48.460526],[-38.045567,-48.30473],[-38.028748,-48.426342],[-38.136013,-48.359467],[-38.23584,-48.309116],[-38.105614,-48.33772],[-38.232998,-48.304504],[-38.154716,-48.333267],[-38.018204,-48.44511]],"t":"Helms and swords can be found throughout Ost Rimmon. Rough cloth can be found in Ost Rimmon's store-house. Gather helms, swords, and rough cloth for L…"},{"i":5,"pts":[[-37.08428,-47.83433,"1879332488"]],"t":"You should bring the helms, swords, and cloth for the straw-men to Glánhar in the centre of Ost Rimmon."},{"i":6,"pts":[[-37.477303,-48.208965,"1879332488"]],"t":"Bargwen is south-west of Lady Glánhar in Ost Rimmon. Bring the materials for Lady Glánhar's straw men to Bargwen for assembly."},{"i":7,"pts":[[-37.08428,-47.83433,"1879332488"]],"t":"You should tell Lady Glánhar that Bargwen has begun work on her straw men-at-arms."}]}