{"n":"Daily: Controlling the Drake Population","lv":160,"maps":[],"steps":[{"i":1,"pts":[[-88.889366,-53.527924],[-88.864586,-53.499393],[-88.81955,-53.46206],[-88.78984,-53.440865],[-88.71791,-53.40788],[-88.69785,-53.446945],[-88.51703,-53.44881],[-88.669754,-53.570946],[-88.6889,-53.64434],[-88.78216,-53.58482],[-88.68441,-53.83089],[-88.59316,-53.81703],[-88.42677,-53.68963],[-88.73194,-53.242825]],"t":"It is not only Men who stole treasures, lives, and lore from the people of Idâgal. Eaters of the dead, the sky-tamers, and the vile gredbyg, all contr…","kz":{"c":12}}]}