{"n":"Mission: Hall of Ice","lv":1,"maps":["1879418494"],"steps":[{"i":1,"pts":[[46.875957,57.996307,"1879418494"],[46.946873,58.05199,"1879418494"],[46.956856,58.180058,"1879418494"],[46.961384,58.133125,"1879418494"],[47.00408,58.151794,"1879418494"],[46.951775,58.348946,"1879418494"],[46.90449,58.29834,"1879418494"],[47.067577,58.15035,"1879418494"],[47.104668,58.110878,"1879418494"],[47.099003,58.03832,"1879418494"],[47.13789,58.00822,"1879418494"],[47.280254,58.005272,"1879418494"],[47.806755,57.998318,"1879418494"],[47.94123,57.99654,"1879418494"],[48.048084,58.001328,"1879418494"],[47.997303,58.05736,"1879418494"],[48.00365,57.948555,"1879418494"],[47.002655,58.30574,"1879418494"]],"t":"You should defeat the cold-drakes and their ice blockade.","kz":{"c":10}}]}