{"n":"Mission: Wrath of the Frost-heart","lv":1,"maps":[],"steps":[{"i":1,"pts":[[-67.92839,37.74408],[-67.901184,37.784275],[-67.99072,37.691425],[-67.86161,37.87416],[-67.87253,37.832645],[-67.96502,37.708965]],"t":"Your mission is to repel the Frost-horde and attempt to breach the ice sealing the gates of Mount Gundabad.","kz":{"c":14}}]}