{"n":"The Rot Runs Deep","lv":151,"maps":[],"steps":[{"i":1,"pts":[[-43.8901,-35.875244],[-43.69903,-35.776367],[-43.624306,-35.660156],[-43.65828,-36.051388],[-43.394432,-35.908787],[-43.508858,-36.06719],[-43.40366,-36.027245],[-43.473183,-35.795284],[-43.350887,-35.794052],[-43.247723,-35.92346],[-43.33582,-36.160007]],"t":"Spiders and Huorns in the area are threatening Laivárth. Tálbiral has asked you to thin their numbers and destroy any blighted spider eggs you find.","kz":{"c":6}},{"i":2,"pts":[[-46.361317,-39.271465]],"t":"Return to Tálbiral and inform him that you have reduced the number of spiders and Huorns threatening Laivárth."}]}