{"n":"Mired in Filth","lv":100,"maps":[],"steps":[{"i":1,"pts":[[-43.791348,-79.90587],[-43.786816,-79.774376],[-43.914513,-80.10287],[-43.832333,-80.0174],[-43.733025,-78.62399],[-43.680733,-78.76363],[-43.678562,-78.33522],[-42.83753,-77.59433],[-43.02918,-77.63152],[-43.52619,-77.93948],[-43.32042,-77.78052],[-43.185673,-77.7372]],"t":"Corsair-filth can be found along the shores of the Gilrain to the north of Linhir. Erchar has asked you to clear the Corsairs' filth from the Gilrain …","kz":{"c":8}},{"i":2,"pts":[[-44.86329,-80.62438]],"t":"Erchar can be found in Linhir in eastern Dor-en-Ernil. You have cleared the river of filth and should now return to Erchar."}]}