{"n":"River's Bounty","lv":150,"maps":["1879492915"],"steps":[{"i":1,"pts":[[-62.224716,-14.848827,"1879492915"],[-62.156982,-15.100087,"1879492915"],[-62.072918,-15.17039,"1879492915"],[-62.625847,-14.216162,"1879492915"],[-62.495163,-14.477793,"1879492915"],[-62.61786,-14.075039,"1879492915"],[-62.387596,-14.595195,"1879492915"],[-62.24647,-14.816582,"1879492915"],[-62.267773,-14.999248,"1879492915"],[-62.134335,-15.0954685,"1879492915"],[-62.02324,-15.241914,"1879492915"],[-62.375927,-14.555918,"1879492915"],[-62.67029,-14.500029,"1879492915"],[-62.43493,-14.481308,"1879492915"]],"t":"Enârshan has asked you to gather Sigêma and Bizgâr as well as defeat Orcs near the Falls of Ilûritu.","kz":{"c":6}},{"i":2,"pts":[[-63.544704,-13.859795]],"t":"Return to Enârshan with the gathered ingredients in the Falls of Ilûritu."}]}