{"n":"Year 1 Tales: Frodo","lv":0,"maps":["1879048501","1879048557","1879051240","1879112076"],"steps":[{"i":1,"pts":[[54.18539,-33.01237],[54.134647,-32.93822],[54.079685,-33.053936],[54.079746,-33.048653],[54.134705,-32.93293],[54.18543,-33.00708],[-71.32755,-29.3583,"1879048557"],[-64.44046,-34.322987,"1879048557"],[-64.448105,-34.34544,"1879048557"],[53.14459,-15.536709],[53.15578,-15.536777],[53.21283,1.3424511],[53.21283,1.3313671],[53.21283,1.3258886],[53.21283,1.3205762],[53.21283,1.336953],[53.247734,1.329209],[53.247734,1.3237109],[53.247734,1.318125],[53.247734,1.3126367],[53.247734,1.307334],[53.27625,1.331455],[53.27625,1.3259667],[53.27625,1.320371],[53.27625,1.3148925],[53.27625,1.3095801],[53.304024,1.3382617],[53.30375,1.3327734],[53.30316,1.3271778],[53.302654,1.3216991],[53.302383,1.3162891],[53.26113,1.2691406],[53.260742,1.2630664],[53.26033,1.2574414],[53.259705,1.2520214],[53.259315,1.2466992],[53.20943,1.2580762],[53.214764,1.2580762],[53.220154,1.2580762],[53.2259,1.2580762],[53.231426,1.2580762],[53.26197,1.2270995],[53.303104,1.2256445],[53.14338,1.2853222],[53.14338,1.2798241],[53.14338,1.2742382],[53.14338,1.2687597],[53.14338,1.2634473],[53.143845,1.3098438],[53.143845,1.3154297],[53.143845,1.3209277],[50.81744,66.78974],[-37.887177,-30.149765,"1879048501"],[-46.63923,-61.399452,"1879051240"],[-8.030781,-48.07851,"1879112076"],[-8.1305275,-48.118546,"1879112076"],[-7.907959,-48.162323,"1879112076"],[-8.141387,-48.244534,"1879112076"],[-7.682744,-48.329678,"1879112076"],[-6.9759083,-48.335754,"1879112076"]],"t":"Cards hang from the Party Tree. Each card contains a scavenger hunt to complete at your own pace.","kz":{"c":6}}]}