{"n":"Fear Without Name","lv":120,"maps":[],"steps":[{"i":1,"pts":[[-63.20247,0.23628905],[-62.399998,0],[-61.899998,-0.07917969],[-63.582245,0.9162402]]},{"i":2,"pts":[[-62.9569,0.20807616],[-62.9329,0.028710937],[-63.098034,0.37693357],[-62.970127,0.5341309],[-62.81421,0.4360742],[-63.150566,0.45810544],[-62.574306,0.16326171],[-62.65531,0.28524414],[-62.224422,0.11066406],[-62.729073,-0.112578124],[-62.325954,-0.10608398],[-62.02581,0.09140625],[-61.936768,0.22810547],[-61.908417,-0.06356445],[-61.5941,-0.03832031],[-61.654335,0.10092773]],"t":"Frightened marsh-tenders can be found at Gilvamyr and Gladden Falls in the Gladden Fields. You have discovered some of the frightened marsh-tenders th…"}]}