{"n":"A Sneak Among the Leavings","lv":106,"maps":[],"steps":[{"i":1,"pts":[[4.5255957,-43.764618],[4.923867,-43.783398],[4.6235056,-43.35347],[4.9355664,-43.56037],[5.484785,-44.789463],[5.582949,-44.53823],[5.568164,-43.89823],[5.2892966,-43.78296],[5.901621,-44.10696],[5.61915,-43.41184],[5.3826466,-42.441257],[6.327334,-43.871635],[6.0928516,-44.307484]],"t":"Look for more already-looted packs near the central road in Udûn, in hopes of finding the sneak.","kz":{"c":1}}]}