{"n":"Defend the River","lv":1,"maps":[],"steps":[{"i":1,"pts":[[-63.45282,-27.433447],[-63.52281,-27.348993],[-63.491795,-27.196045],[-63.378017,-27.095469],[-63.215546,-27.019247]],"t":"Your mission is to travel to the river near Maurûsh and stop the Orcs there from poisoning the tributary.","kz":{"c":10}}]}