{"n":"Chapter 7: Bewildering Ruins","lv":65,"maps":["1879185844","1879185846"],"steps":[{"i":1,"pts":[[52.61879,20.371016],[52.427498,20.940712],[51.907364,20.751328],[52.14496,21.616777],[51.48455,21.122568],[53.15619,21.070244],[53.168064,21.077353],[52.0225,22.210146],[52.01492,21.189034],[51.96904,21.025948],[52.103554,22.202274,"1879185846"],[53.06367,23.062891,"1879185846"],[52.26367,22.106915,"1879185846"],[52.632187,22.800058,"1879185846"],[52.61402,22.800331,"1879185846"],[52.693985,23.15537,"1879185846"]],"t":"Treasure and Ninkoth uruks can be found throughout the ruins of Minas Elendúr and the Delotham under-cellars. Fúni Gem-cutter is waiting for you to re…","kz":{"c":8}},{"i":2,"pts":[[52.171524,22.568184,"1879185846"]],"t":"Fúni Gem-cutter is in Minas Elendúr. You have done what Fúni asked, and should return to him with the treasures you have gathered."},{"i":3,"pts":[[-12.487685,-46.96637,"1879185844"]],"t":"Fúsi Gem-cutter is at Echad Eregion. You have rescued his father and should bring the news to Fúsi."},{"i":4,"pts":[[-12.60709,-47.19435,"1879185844"]],"t":"Radanir is at Echad Eregion. The Rangers have been discussing something with Fúni Gem-cutter, now that he has been rescued, and Radanir may know more …"}]}