{"n":"The Master of Kamaz-kala","lv":130,"maps":[],"steps":[{"i":1,"pts":[[-133.97986,64.9817],[-133.78139,65.29019],[-133.42863,65.38225],[-110.84473,16.203125],[-107.59405,16.514795]],"t":"Hurákh can be found at Kamaz-kala. You should find and defeat Hurákh at Kamaz-kala."},{"i":2,"pts":[[-133.30667,65.277985]],"t":"Hurákh can be found at Kamaz-kala. You should find and defeat Hurákh at Kamaz-kala.","kz":{"c":1}}]}