{"n":"Quieting North-east of Wellinghall","lv":95,"maps":[],"steps":[{"i":1,"pts":[[-82.403595,-37.719833],[-82.36848,-37.71842],[-82.06951,-37.75387],[-82.04187,-37.778816],[-82.17752,-37.915245],[-82.38518,-37.94584],[-82.47556,-37.908623],[-82.039566,-37.959522],[-81.88494,-37.552723],[-81.82938,-37.54996],[-81.946304,-37.731464],[-81.90498,-37.830887],[-81.71367,-37.7346],[-81.68172,-37.627567],[-81.51611,-37.689228],[-81.60305,-37.816414],[-81.41727,-37.915215],[-81.317314,-37.7908],[-81.229225,-37.74205],[-81.25619,-37.962254],[-81.45093,-37.98032],[-82.299995,-37.7],[-81.6,-37.6],[-82.299995,-37.7],[-81.6,-37.6]],"t":"Quickbeam has asked you to quiet the forest north-east of Wellinghall.","kz":{"c":10}},{"i":2,"pts":[[-79.12934,-42.068123]],"t":"Quickbeam is at Derndingle in south-east Fangorn."}]}