{"n":"Prisoners in Silk","lv":154,"maps":["1879517913"],"steps":[{"i":1,"pts":[[-58.241074,-64.28834,"1879517913"]],"t":"Find the entrance to the caves of Jâr Obadal. Jâr Obadal can be found south-west of Ingar-garâsh."},{"i":2,"pts":[[53.726913,36.503223],[53.743515,36.19868],[54.131836,36.185547],[54.390625,36.24838],[54.32623,36.201054]],"t":"Defeat spiders and search for missing Subuzûri warriors in Jâr Obadal.","kz":{"c":12}},{"i":3,"pts":[[-56.7253,-61.837517,"1879517913"]],"t":"Return to Numûru in Ingar-garâsh with news of your victory."}]}