{"n":"Daily: Staving Off Infestation","lv":160,"maps":[],"steps":[{"i":1,"pts":[[-94.0432,-44.104317],[-94.04054,-44.178867],[-94.06722,-44.325565],[-94.220634,-44.332146],[-94.36884,-44.18476],[-94.46855,-44.09748],[-94.575294,-44.060448],[-94.4345,-44.18205],[-94.374405,-44.30896],[-93.8991,-44.109726],[-93.91593,-44.12671],[-93.96311,-44.092117]],"t":"It is not only Men who stole treasures, lives, and lore from the people of Idâgal. Eaters of the dead, the sky-tamers, and the vile gredbyg, all contr…","kz":{"c":12}}]}