{"n":"Surveying the Wild Lands","lv":45,"maps":["1879048455","1879076044"],"steps":[{"i":1,"pts":[[-41.061394,-9.973984],[52.39422,-2.800908],[-53.863094,-17.425566,"1879048455"],[-53.808464,-17.167383,"1879048455"],[-53.806503,-18.313955,"1879048455"]],"t":"Aggy Digweed, Guardsman Otley, Giles Chadwick, and Nellie Boskins can all be found in Trestlebridge. You should talk to Aggy Digweed, Guardsman Otley,…"},{"i":2,"pts":[[-54.385212,-17.689278,"1879048455"]],"t":"Aran Greenwith can be found in Trestlebridge. You should talk to Aran Greenwith."},{"i":3,"pts":[[-55.211563,-18.468222,"1879076044"],[-56.007977,-23.56794,"1879076044"],[-59.503338,-19.715645,"1879076044"],[-59.238083,-23.50088,"1879076044"],[-60.192177,-16.82785,"1879076044"]],"t":"Marl's Crossing, Norwarden, Old Bluff-house, Overwine Hall, and Sutwarden can all be found in the Wildwood. You should scout the Wildwood for the Wood…","kz":{"c":12}},{"i":4,"pts":[[-54.385212,-17.689278,"1879048455"]],"t":"Aran Greenwith can be found in Trestlebridge. You should talk to Aran Greenwith."}]}