{"n":"Private Instance: A Well-ordered Mind","lv":15,"maps":["1879048684"],"steps":[{"i":1,"pts":[[53.469707,-40.389824],[53.48707,-40.390057],[53.46291,-40.374607],[53.49135,-40.359306],[53.463398,-40.35669],[53.51957,-40.37952],[53.49705,-40.37736],[53.438572,-40.385986],[53.429237,-40.385036],[53.41373,-40.383595],[53.43049,-40.37201],[53.441425,-40.35661],[53.41658,-40.3537],[53.399628,-40.36901],[53.383728,-40.381287],[53.38498,-40.36826],[53.333183,-40.453545],[53.3358,-40.40821],[53.337635,-40.37657],[53.345955,-40.425186],[53.3441,-40.455303],[53.348553,-40.37833],[53.347168,-40.39452],[53.3584,-40.426796],[53.35656,-40.456924],[53.360996,-40.37995],[53.359608,-40.39614],[55.72734,-49.244194,"1879048684"],[55.78205,-49.256897,"1879048684"],[55.76912,-49.0902,"1879048684"],[55.71953,-49.085285,"1879048684"],[55.76918,-49.236923,"1879048684"],[55.661972,-49.103664,"1879048684"],[55.77662,-49.085228,"1879048684"],[55.72734,-49.236694,"1879048684"],[55.802048,-49.236923,"1879048684"],[55.66176,-49.237774,"1879048684"],[55.697342,-49.256668,"1879048684"],[55.79162,-49.085228,"1879048684"],[55.689842,-49.236694,"1879048684"],[55.72734,-49.229195,"1879048684"],[55.72703,-49.097763,"1879048684"],[55.78955,-49.256897,"1879048684"],[55.71234,-49.256668,"1879048684"],[55.661602,-49.211678,"1879048684"],[55.68953,-49.097763,"1879048684"],[55.802048,-49.244423,"1879048684"],[55.689842,-49.251694,"1879048684"],[55.689842,-49.229195,"1879048684"],[55.72734,-49.251694,"1879048684"],[55.78412,-49.085228,"1879048684"],[55.68953,-49.090263,"1879048684"],[55.69703,-49.085285,"1879048684"],[55.70484,-49.256668,"1879048684"],[55.689842,-49.244194,"1879048684"],[55.71984,-49.256668,"1879048684"],[55.799118,-49.085228,"1879048684"],[55.79705,-49.256897,"1879048684"],[55.76918,-49.244423,"1879048684"],[55.83199,-49.164253,"1879048684"],[55.831932,-49.154324,"1879048684"],[55.832146,-49.190266,"1879048684"],[55.83209,-49.180237,"1879048684"],[55.83209,-49.171978,"1879048684"],[53.333633,-40.438534],[53.33502,-40.423416],[53.33625,-40.39276],[53.346718,-40.40998],[53.34455,-40.4403],[53.35699,-40.441914],[53.359158,-40.41159],[53.40125,-40.35214],[53.3866,-40.351395],[53.41496,-40.370567],[53.398376,-40.382042],[53.43996,-40.372715],[53.43211,-40.355145],[53.472614,-40.357742],[53.46084,-40.389286],[53.488358,-40.376766],[53.500175,-40.35967],[53.50955,-40.360653],[53.519688,-40.393467],[53.495895,-40.390408],[55.66176,-49.112408,"1879048684"],[55.71203,-49.085285,"1879048684"],[55.72703,-49.112762,"1879048684"],[55.76912,-49.0977,"1879048684"],[55.77455,-49.256897,"1879048684"],[55.68953,-49.112762,"1879048684"],[55.802048,-49.229424,"1879048684"],[55.66158,-49.220325,"1879048684"],[55.66176,-49.121433,"1879048684"],[55.72703,-49.105263,"1879048684"],[55.72703,-49.090263,"1879048684"],[55.68953,-49.105263,"1879048684"],[55.70453,-49.085285,"1879048684"],[55.66156,-49.228565,"1879048684"],[55.76918,-49.229424,"1879048684"],[55.802048,-49.251923,"1879048684"],[55.831913,-49.144703,"1879048684"],[55.832245,-49.198616,"1879048684"],[53.47162,-40.375183],[55.76918,-49.251923,"1879048684"]],"t":"This cave was once the library of the great Benton Oakes, and its main room is full of book-shelves. Dorset Oakes is waiting for you to find the book-…"},{"i":2,"pts":[[53.444237,-40.62077],[55.577618,-49.180622,"1879048684"]],"t":"Dorset Oakes is at the entrance of the cave. Dorset is waiting for you to return with the book he asked for."}]}