{"n":"The Knife's Secret","lv":1,"maps":["1879516527"],"steps":[{"i":1,"pts":[[-143.44467,-102.47346],[54.08664,41.10607,"1879516527"],[-143.43864,-102.47298],[54.04703,40.91168,"1879516527"],[-143.43256,-102.47301],[54.04449,41.559353,"1879516527"]],"t":"Recover historical texts about the Tarsâri in Bâdrasag, the Blade-horn.","kz":{"c":11}},{"i":2,"pts":[[54.061756,41.237617,"1879516527"]],"t":"Search for the missing volume of 'Chronicles of the Tarsâri'."}]}