{"n":"Sacking Drûmaudhul","lv":60,"maps":[],"steps":[{"i":1,"pts":[[-72.69492,-10.433838],[-72.75786,-10.382373],[-72.512726,-10.179794],[-72.64023,-10.101689],[-72.85344,-10.199863],[-72.82585,-10.310849],[-72.810875,-9.707998],[-72.739426,-9.730762],[-72.81072,-9.788818],[-72.55425,-9.87334],[-72.477264,-9.932031],[-72.50725,-9.760322]],"t":"Drûmaudhul lies to the north-west from Talan Fanuidhol. Bahanneth has asked you to enter Drûmaudhul and defeat the Orcs there. He has also asked you t…","kz":{"c":6}},{"i":2,"pts":[[-71.09356,-12.096425]],"t":"Bahanneth is at Talan Fanuidhol, south-east of Drûmaudhul. You should return to Bahanneth with the stolen belongings you recovered and news of your vi…"}]}