{"n":"Instance: A Blade of Flame and Fury, Part 3","lv":150,"maps":[],"steps":[{"i":1,"pts":[[-60.829384,-37.404346],[-60.982754,-37.338417],[-60.96448,-37.479805],[-61.055008,-37.475662],[-61.130653,-37.40501],[-61.138836,-37.538982],[-60.89238,-37.486378],[-60.770203,-37.416348],[-60.939617,-37.373447],[-61.106327,-37.353035],[-61.16783,-37.531746],[-60.938408,-37.489063],[-60.63275,-37.526836],[-60.69288,-37.37912],[-60.787624,-37.394005],[-60.7558,-37.48115]],"t":"Put out straw fires and rescue trapped citizens in Kûr Anzar.","kz":{"c":12}},{"i":2,"pts":[[-61.05413,-37.308018]],"t":"Meet Mizâdi back at the tower of Kûr Anzar."}]}