{"n":"Spoiling the Spoils","lv":49,"maps":[],"steps":[{"i":1,"pts":[[-10.854384,-43.987816],[-10.834102,-44.05616],[-10.891015,-44.168983],[-10.980488,-44.15413],[-10.994131,-44.29303],[-11.102597,-44.21036],[-10.930195,-43.767162],[-11.0434475,-43.821007],[-10.79293,-44.16538],[-10.747803,-44.244766],[-10.587637,-44.111893],[-10.670146,-44.014744],[-10.715693,-43.9424],[-10.547021,-43.99284],[-10.523643,-44.361053],[-10.622255,-44.31964]],"t":"Worm-eggs can be found in nests throughout the ruins of Pembar, north-east of Echad Eregion. Lengliel has asked you to destroy as many of the worm-egg…","kz":{"c":1}},{"i":2,"pts":[[-12.484101,-46.9826]],"t":"Lengliel is at Echad Eregion, south-west of Pembar. You should return to Lengliel and let her know that you have destroyed many worm-eggs and have def…"}]}