{"n":"Those We Have Lost","lv":108,"maps":["1879356003"],"steps":[{"i":1,"pts":[[15.110898,-44.332333,"1879356003"],[15.124462,-43.969448,"1879356003"],[15.239756,-43.834698,"1879356003"],[15.306045,-44.37305,"1879356003"],[14.916611,-44.18532,"1879356003"],[15.076992,-43.500713,"1879356003"],[15.285175,-43.000805,"1879356003"],[15.209277,-43.31413,"1879356003"],[16.10624,-42.485806,"1879356003"],[15.726181,-42.4607,"1879356003"],[15.047187,-44.105854,"1879356003"],[15.19125,-43.200336,"1879356003"],[16.00123,-42.356426,"1879356003"],[16.81039,-42.559086,"1879356003"]],"t":"Slain Stout-axes and cultists of the Order of the Eye can be found surrounding Lûghash. Dréri has asked you to bury slain Stout-axes outside Lûghash a…","kz":{"c":8}},{"i":2,"pts":[[54.970234,0.82210934]],"t":"Dréri can be found at the Stout-axe barracks within Lûghash. You have defeated many cultists of the Order of the Eye and buried the Stout-axes slain b…"}]}