{"n":"Fires and Shadowfells","lv":122,"maps":[],"steps":[{"i":1,"pts":[[-118.18929,-96.9607],[-118.28905,-95.54213],[-117.13623,-97.42384],[-116.84436,-96.0654],[-116.687614,-94.91278],[-117.15744,-95.2865],[-115.82443,-97.012695],[-115.866974,-96.27627],[-116.34494,-95.5257],[-115.48369,-98.703094],[-115.548386,-97.93787],[-115.215454,-95.659706]],"t":"Flammable debris can be found throughout Emyn Duir. You should start fires and defeat enemies throughout Emyn Duir.","kz":{"c":12}},{"i":2,"pts":[[-119.84493,-95.143875]],"t":"Nithi can be found at Barthost. You should return to Nithi with news of your successes in Emyn Duir."}]}