{"n":"Crystal-encrusted Wargs","lv":138,"maps":["1879426637"],"steps":[{"i":1,"pts":[[-121.25865,-41.293407,"1879426637"],[-121.74468,-41.20494,"1879426637"],[-121.79285,-41.323242,"1879426637"],[-121.7898,-40.763027,"1879426637"],[-121.40773,-40.50202,"1879426637"],[-121.77489,-40.875614,"1879426637"],[-121.92551,-40.92577,"1879426637"],[-121.97284,-40.702442,"1879426637"],[-121.90661,-40.407177,"1879426637"],[-121.67864,-41.044884,"1879426637"],[-121.56157,-40.65448,"1879426637"],[-121.62643,-40.92914,"1879426637"],[-121.510956,-39.916298,"1879426637"],[-122.23498,-40.4728,"1879426637"],[-122.24027,-40.564365,"1879426637"],[-122.22267,-40.71877,"1879426637"],[-122.25107,-40.07611,"1879426637"],[-122.07281,-40.044216,"1879426637"],[-122.63815,-38.040516,"1879426637"],[-122.767494,-38.283184,"1879426637"],[-122.61818,-38.205986,"1879426637"],[-122.4578,-38.21167,"1879426637"],[-122.48966,-38.413643,"1879426637"],[-122.27792,-38.321697,"1879426637"],[-121.61919,-41.24612,"1879426637"],[-121.78324,-41.009422,"1879426637"],[-121.78202,-40.753426,"1879426637"],[-121.31197,-40.816387,"1879426637"],[-121.917465,-40.913982,"1879426637"],[-121.99827,-41.13331,"1879426637"],[-121.974815,-40.510612,"1879426637"],[-121.50186,-39.9484,"1879426637"],[-121.61963,-40.175213,"1879426637"],[-121.93434,-40.37924,"1879426637"],[46.551815,51.56943],[46.39295,51.51361],[46.318184,51.454372],[46.231915,51.443497],[46.14457,51.47992],[46.02373,51.415466],[45.944824,51.37465],[45.85912,51.633377],[45.92416,51.53537],[45.81125,51.199883],[45.84738,51.486015]],"t":"Crystal-encrusted Wargs can be found in south-western Clovengap. Mother Amma has asked for you to defeat crystal-encrusted Wargs and to bring her crys…","kz":{"c":6}},{"i":2,"pts":[[-121.50058,-42.102676,"1879426637"]],"t":"Mother Amma is in Stókkset, in Clovengap. You should bring the crystal sarrowstone sample to Mother Amma."}]}