{"n":"Instance: Into the Circle of Wrath","lv":125,"maps":["1879393869","1879393870","1879393871","1879393872"],"steps":[{"i":1,"pts":[[0.6608301,-65.481224,"1879393869"],[0.7183887,-65.845184,"1879393869"],[56.394608,56.401913,"1879393870"]]},{"i":2,"pts":[[56.390663,56.3474,"1879393870"],[56.441444,56.45578,"1879393870"]],"t":"Secure the tower. &lt;rgb=#FF0000&gt;It is recommended to have the quest Into the Dead City underway.&lt;/rgb&gt;","kz":{"c":1}},{"i":3,"pts":[[56.267597,53.36029],[56.54531,53.351112],[56.361816,54.961872,"1879393872"],[56.433983,54.966698,"1879393872"],[56.590584,56.495255,"1879393870"],[56.583496,56.4941,"1879393870"],[56.21621,58.09916,"1879393871"],[56.589237,58.121914,"1879393871"]],"t":"Talk to one of the Rangers."}]}