{"n":"The Ale Association Challenge: The Garden","lv":0,"maps":["1879048557"],"steps":[{"i":1,"pts":[[-51.84035,-31.357431]],"t":"Gerthar is in Jasmine's Garden in Bree. You should speak with Gerthar to continue the the Ale Association Challenge."},{"i":2,"pts":[[-51.85251,-31.361816],[-51.8474,-31.362705],[-51.85835,-31.361464],[-52.05952,-30.967138],[-52.067947,-30.965448],[-52.066074,-30.966288],[-50.11541,-30.219902],[-50.10947,-30.218319],[-50.118553,-30.21834],[-49.25616,-30.984697,"1879048557"],[-49.253468,-30.981289,"1879048557"],[-49.25455,-30.985098,"1879048557"],[-49.254433,-30.992373,"1879048557"],[53.207577,1.2602832],[53.21256,1.258623],[53.212246,1.25625],[-51.853954,-31.360966],[-51.849792,-31.361807],[-51.857254,-31.362656],[-51.85534,-31.359219],[-52.06085,-30.96794],[-52.065292,-30.965302],[-52.068924,-30.967724],[-52.066895,-30.968447],[-50.11421,-30.219902],[-50.10539,-30.21906],[-50.116844,-30.2208],[-49.254578,-30.991484,"1879048557"],[-49.25442,-30.982538,"1879048557"],[-49.253643,-30.986542,"1879048557"],[-49.25246,-30.988642,"1879048557"],[53.206112,1.2596093],[53.20996,1.2571484],[53.209568,1.2601855],[53.213963,1.2563477],[-51.853985,-31.36247],[-51.849384,-31.360546],[-51.857224,-31.358671],[-51.855946,-31.362167],[-52.06163,-30.96457],[-52.063076,-30.966143],[-52.057663,-30.964823],[-50.111774,-30.22079],[-50.109688,-30.220781],[-50.117413,-30.217949],[-49.254578,-30.988592,"1879048557"],[-49.255753,-30.981493,"1879048557"],[-49.253582,-30.990341,"1879048557"],[-49.25238,-30.98496,"1879048557"],[53.2058,1.2608105],[53.215096,1.2596093],[53.21412,1.2592187],[53.211407,1.257666],[-51.85115,-31.360527],[-51.847176,-31.358915],[-51.857048,-31.360186],[-52.061825,-30.96665],[-52.0632,-30.967812],[-52.058445,-30.968328],[-52.063614,-30.964512],[-50.107304,-30.22],[-50.113514,-30.218328],[-50.111355,-30.21794],[-49.256054,-30.986923,"1879048557"],[-49.255352,-30.98995,"1879048557"],[-49.252098,-30.992842,"1879048557"],[-49.252254,-30.983192,"1879048557"],[53.20697,1.2579199],[53.216873,1.259873],[53.216347,1.2572753],[53.208065,1.25625]],"t":"The beers are in Jasmine's Garden in Bree. Gerthar has challenged you to drink six beers before the time runs out."},{"i":3,"pts":[[-51.85251,-31.361816],[-51.8474,-31.362705],[-51.85835,-31.361464],[-52.05952,-30.967138],[-52.067947,-30.965448],[-52.066074,-30.966288],[-50.11541,-30.219902],[-50.10947,-30.218319],[-50.118553,-30.21834],[-49.25616,-30.984697,"1879048557"],[-49.253468,-30.981289,"1879048557"],[-49.25455,-30.985098,"1879048557"],[-49.254433,-30.992373,"1879048557"],[53.207577,1.2602832],[53.21256,1.258623],[53.212246,1.25625],[-51.853954,-31.360966],[-51.849792,-31.361807],[-51.857254,-31.362656],[-51.85534,-31.359219],[-52.06085,-30.96794],[-52.065292,-30.965302],[-52.068924,-30.967724],[-52.066895,-30.968447],[-50.11421,-30.219902],[-50.10539,-30.21906],[-50.116844,-30.2208],[-49.254578,-30.991484,"1879048557"],[-49.25442,-30.982538,"1879048557"],[-49.253643,-30.986542,"1879048557"],[-49.25246,-30.988642,"1879048557"],[53.206112,1.2596093],[53.20996,1.2571484],[53.209568,1.2601855],[53.213963,1.2563477],[-51.853985,-31.36247],[-51.849384,-31.360546],[-51.857224,-31.358671],[-51.855946,-31.362167],[-52.06163,-30.96457],[-52.063076,-30.966143],[-52.057663,-30.964823],[-50.111774,-30.22079],[-50.109688,-30.220781],[-50.117413,-30.217949],[-49.254578,-30.988592,"1879048557"],[-49.255753,-30.981493,"1879048557"],[-49.253582,-30.990341,"1879048557"],[-49.25238,-30.98496,"1879048557"],[53.2058,1.2608105],[53.215096,1.2596093],[53.21412,1.2592187],[53.211407,1.257666],[-51.85115,-31.360527],[-51.847176,-31.358915],[-51.857048,-31.360186],[-52.061825,-30.96665],[-52.0632,-30.967812],[-52.058445,-30.968328],[-52.063614,-30.964512],[-50.107304,-30.22],[-50.113514,-30.218328],[-50.111355,-30.21794],[-49.256054,-30.986923,"1879048557"],[-49.255352,-30.98995,"1879048557"],[-49.252098,-30.992842,"1879048557"],[-49.252254,-30.983192,"1879048557"],[53.20697,1.2579199],[53.216873,1.259873],[53.216347,1.2572753],[53.208065,1.25625]],"t":"The beers are in Jasmine's Garden in Bree. Gerthar has challenged you to drink six beers before the time runs out."},{"i":4,"pts":[[-51.85251,-31.361816],[-51.8474,-31.362705],[-51.85835,-31.361464],[-52.05952,-30.967138],[-52.067947,-30.965448],[-52.066074,-30.966288],[-50.11541,-30.219902],[-50.10947,-30.218319],[-50.118553,-30.21834],[-49.25616,-30.984697,"1879048557"],[-49.253468,-30.981289,"1879048557"],[-49.25455,-30.985098,"1879048557"],[-49.254433,-30.992373,"1879048557"],[53.207577,1.2602832],[53.21256,1.258623],[53.212246,1.25625],[-51.853954,-31.360966],[-51.849792,-31.361807],[-51.857254,-31.362656],[-51.85534,-31.359219],[-52.06085,-30.96794],[-52.065292,-30.965302],[-52.068924,-30.967724],[-52.066895,-30.968447],[-50.11421,-30.219902],[-50.10539,-30.21906],[-50.116844,-30.2208],[-49.254578,-30.991484,"1879048557"],[-49.25442,-30.982538,"1879048557"],[-49.253643,-30.986542,"1879048557"],[-49.25246,-30.988642,"1879048557"],[53.206112,1.2596093],[53.20996,1.2571484],[53.209568,1.2601855],[53.213963,1.2563477],[-51.853985,-31.36247],[-51.849384,-31.360546],[-51.857224,-31.358671],[-51.855946,-31.362167],[-52.06163,-30.96457],[-52.063076,-30.966143],[-52.057663,-30.964823],[-50.111774,-30.22079],[-50.109688,-30.220781],[-50.117413,-30.217949],[-49.254578,-30.988592,"1879048557"],[-49.255753,-30.981493,"1879048557"],[-49.253582,-30.990341,"1879048557"],[-49.25238,-30.98496,"1879048557"],[53.2058,1.2608105],[53.215096,1.2596093],[53.21412,1.2592187],[53.211407,1.257666],[-51.85115,-31.360527],[-51.847176,-31.358915],[-51.857048,-31.360186],[-52.061825,-30.96665],[-52.0632,-30.967812],[-52.058445,-30.968328],[-52.063614,-30.964512],[-50.107304,-30.22],[-50.113514,-30.218328],[-50.111355,-30.21794],[-49.256054,-30.986923,"1879048557"],[-49.255352,-30.98995,"1879048557"],[-49.252098,-30.992842,"1879048557"],[-49.252254,-30.983192,"1879048557"],[53.20697,1.2579199],[53.216873,1.259873],[53.216347,1.2572753],[53.208065,1.25625]],"t":"The beers are in Jasmine's Garden in Bree. Gerthar has challenged you to drink six beers before the time runs out."},{"i":5,