{"n":"Marton Farmlands: Fires in the Fields","lv":93,"maps":[],"steps":[{"i":1,"pts":[[-87.199394,-56.799793],[-87.199646,-55.20032],[-86.40267,-56.800457],[-86.40034,-56.001194],[-86.32517,-56.306656],[-86.095,-55.69786],[-86.595,-55.69786],[-86.492905,-55.755844],[-85.73812,-55.239418],[-84.79832,-56.000557],[-84.577675,-55.68841],[-84.80115,-56.325397],[-84.99041,-55.557053],[-84.0006,-55.99835],[-73.599396,76.00021],[-73.599655,77.59966],[-72.80268,75.99953],[-72.80034,76.798805],[-72.72517,76.49334],[-72.494995,77.10215],[-72.994995,77.10215],[-72.89291,77.04416],[-72.13813,77.560585],[-59.199394,76.00021],[-59.199646,77.59966],[-58.402683,75.99953],[-58.40034,76.798805],[-58.325165,76.49334],[-58.094997,77.10215],[-58.594997,77.10215],[-58.49291,77.04416],[-57.738125,77.560585],[-44.799393,76.00021],[-44.79965,77.59966],[-44.002686,75.99953],[-44.00034,76.798805],[-43.925163,76.49334],[-43.695,77.10215],[-44.195,77.10215],[-44.09291,77.04416],[-43.338123,77.560585],[-30.399393,76.00021],[-30.399649,77.59966],[-29.602684,75.99953],[-29.600342,76.798805],[-29.525166,76.49334],[-29.295,77.10215],[-29.795,77.10215],[-29.69291,77.04416],[-28.938124,77.560585],[-15.999648,77.59966],[-15.202685,75.99953],[-15.200341,76.798805],[-15.125166,76.49334],[-14.8949995,77.10215],[-15.3949995,77.10215],[-15.29291,77.04416],[-14.538125,77.560585]],"t":"The well stands in the farmlands, and the fires burn rampant in the fields at the farms surrounding Marton (to the east, south-west, and north-west). …"},{"i":2,"pts":[[-87.19873,-56.70711],[-86.84891,-55.333393],[-86.31226,-56.014927],[-73.598724,76.09289],[-73.2489,77.4666],[-72.712265,76.78508],[-59.19873,76.09289],[-58.848904,77.4666],[-58.312263,76.78508],[-44.79873,76.09289],[-44.448906,77.4666],[-43.912266,76.78508],[-30.39873,76.09289],[-30.048906,77.4666],[-29.512264,76.78508],[-15.648906,77.4666],[-15.112266,76.78508],[-87.47701,-56.61621],[-87.30716,-57.043915],[-87.086815,-55.262894],[-87.339294,-55.257153],[-87.39207,-55.08703],[-84.02191,-55.740814],[-84.10238,-56.25129],[-83.9464,-56.347916],[-73.87701,76.183784],[-73.70715,75.75607],[-73.48681,77.53711],[-73.73929,77.54285],[-73.792076,77.71297],[-59.47701,76.183784],[-59.307156,75.75607],[-59.086815,77.53711],[-59.339287,77.54285],[-59.39207,77.71297],[-45.07701,76.183784],[-44.907158,75.75607],[-44.686817,77.53711],[-44.939285,77.54285],[-44.99207,77.71297],[-30.677011,76.183784],[-30.507158,75.75607],[-30.286816,77.53711],[-30.539286,77.54285],[-30.59207,77.71297],[-15.886816,77.53711],[-16.139286,77.54285],[-16.19207,77.71297]],"t":"The well stands in the farmlands, and the fires burn rampant in the fields at the farms surrounding Marton (to the east, south-west, and north-west). …"}]}