{"n":"Consistent Harassment","lv":60,"maps":[],"steps":[{"i":1,"pts":[[-73.40457,-8.446347],[-73.369156,-8.251367],[-73.44671,-8.36371],[-73.62789,-8.26249],[-72.680534,-8.422041],[-73.02603,-9.101006],[-73.140236,-9.078457],[-72.582825,-8.3843355],[-73.01032,-8.168916]],"t":"Fanuidhol lies to the north-west of Talan Fanuidhol. Bahanneth wants you to go into Fanuidhol and defeat some of the smiths there, as well as to destr…","kz":{"c":4}},{"i":2,"pts":[[-71.09356,-12.096425]],"t":"Bahanneth is at Talan Fanuidhol, south-east of Fanuidhol. You should return to Bahanneth with tidings of your success."}]}