{"n":"Warband: Mirz","lv":81,"maps":[],"steps":[{"i":1,"pts":[[-63.401688,-45.5833],[-63.336258,-45.12671],[-63.44994,-44.440144]]}]}