{"n":"Back to Basics - Padding","lv":0,"maps":["1879147412"],"steps":[{"i":2,"pts":[[51.694393,45.35289],[-1.925957,-64.719185,"1879147412"]]}]}