{"n":"Cleansing the Rotten Wood","lv":1,"maps":[],"steps":[{"i":1,"pts":[[-47.109978,-36.546455],[-46.89825,-36.518806],[-46.90505,-36.783222],[-47.075428,-37.013885],[-47.089336,-36.81167],[-47.346394,-37.11205],[-47.53786,-37.13044],[-47.520027,-36.936398],[-47.566765,-36.647762],[-47.314228,-36.452236]],"t":"Your mission is to travel to Hordírid to the north-west to stop the dangerous Huorns and to cleanse the corrupted trees in the area.","kz":{"c":6}},{"i":2,"pts":[[-47.199333,-36.798035]],"t":"Your mission is to travel to Hordírid to the north-west to stop the dangerous Huorns and to cleanse the corrupted trees in the area.","kz":{"c":1}}]}