{"n":"Protecting the Sea Lanes","lv":1,"maps":["1879479413"],"steps":[{"i":1,"pts":[[-131.2312,-11.204433,"1879479413"],[-131.19049,-11.201767,"1879479413"],[-131.2496,-11.291513,"1879479413"],[-131.5803,-11.440009],[-131.6643,-11.479082],[-131.64626,-11.387246],[-131.63028,-11.653252],[-131.59943,-11.552129]],"t":"You have been tasked with protecting the Khâlbina from threats on her route to Jax Phanâl. You were below deck for a moment when you heard shouting fr…","kz":{"c":15}},{"i":2,"pts":[[-131.18658,-11.368955,"1879479413"]],"t":"Find and defeat Captain Belizâm the Bitter.","kz":{"c":1}}]}