{"n":"Dulling the Weapons of War","lv":1,"maps":[],"steps":[{"i":1,"pts":[[-60.79088,-33.707726],[-60.616306,-33.968662],[-60.55327,-32.743614],[-60.80624,-32.5546],[-61.046326,-32.524864],[-60.67333,-32.830467],[-60.343857,-33.285233],[-60.307507,-33.437996]],"t":"Destroy Orkish weapons racks and defeat Orcs in Tharháth, near the Span of Nâmbadir.","kz":{"c":15}},{"i":2,"pts":[[-61.1046,-32.474815]],"t":"Investigate the noise coming from the back of the camp."}]}