{"n":"Chapter 8.6: The Beauty of Akrakír","lv":138,"maps":[],"steps":[{"i":1,"pts":[[-120.558525,-39.66659],[-120.738106,-39.190968],[-120.254745,-39.570915],[-120.3821,-39.242996],[-122.072586,-39.55662],[-122.74508,-38.322403],[-122.36324,-38.35115],[-122.61373,-37.91782]],"t":"Bósi has asked you to search a number of locations within Clovengap for the missing Black Stone Anvil, and to defeat the wargs charged with protecting…","kz":{"c":8}},{"i":2,"pts":[[-121.4147,-41.481804]],"t":"Bósi is at his camp not far from the south-western entrance to Clovengap."}]}