{"n":"A Man Called Sharkey","lv":120,"maps":[],"steps":[{"i":1,"pts":[[-60,0.27783203],[-60,0.79999995],[-59.629333,1.4156054],[-59.199997,0],[-58.92367,0.077236325],[-58.838154,0.2844922],[-59.199997,0.79999995],[-58.930496,1.2519336],[-59.430496,1.4138573],[-58.77281,0.79999995]],"t":"Sharkey's Slough can be found in the centre of the Gladden Fields. Through the help of his friend, Radagast has asked you to investigate Sharkey's Slo…"},{"i":2,"pts":[[-59.992214,0.018125],[-60.37874,0.020859374],[-60.043037,1.0052441],[-59.80659,1.1871191],[-59.911022,1.5893652],[-58.91116,-0.29104492],[-59.269775,-0.39373046],[-59.59039,-0.15603516],[-58.820175,0.16499023],[-59.366524,1.6933203],[-58.853115,1.5048339],[-59.91454,0.30646485],[-59.24702,-0.059404295],[-59.562244,0.49042967],[-59.72238,-0.107119136],[-59.67536,-0.12746094],[-59.665447,-0.100117184],[-59.618446,-0.18551758],[-59.6992,-0.081259765],[-59.643543,-0.14061522],[-59.62992,-0.10637695],[-59.657986,-0.16847655],[-59.886044,1.0634472],[-59.86247,1.0155078],[-59.868183,1.1292871],[-59.83199,1.0931739],[-59.8687,0.9676855],[-59.826355,1.1524023],[-59.916805,0.95673823],[-59.845497,0.9431347],[-59.917713,1.1285937],[-59.453327,1.6711718],[-59.48335,1.7152929],[-59.4762,1.6803222],[-59.56168,1.7176172],[-59.556843,1.6803222],[-59.526035,1.6562109],[-59.07984,1.5477246],[-59.109753,1.5568652],[-59.125965,1.4841698],[-59.081043,1.5006933],[-59.125965,1.52958],[-59.15661,1.5295898],[-59.108982,1.52958]],"t":"Signs of the White Hand can be found at Sharkey's Slough in the Gladden Fields. Fearing that Sharkey has driven out the remnants of the White Hand, Ra…"},{"i":3,"pts":[[-59.247097,0.8236328]],"t":"The leader of Sharkey's Men at Sharkey's Slough might be found in the dredging pit. It seems Sharkey's Men have driven out or slain many of the White …"},{"i":4,"pts":[[-59.242207,0.8200195]],"t":"The slain Shakh-hai can be found in the dredging pit at the centre of Sharkey's Slough. You have found what appears to be the one-time leader of the W…","kz":{"c":1}}]}