{"n":"Assault on Khetsok","lv":1,"maps":[],"steps":[{"i":1,"pts":[[-80.142685,-29.287607],[-80.02332,-29.307323],[-79.84356,-29.091375],[-79.751465,-28.97997],[-79.497734,-28.854609],[-79.52082,-28.95958]],"t":"Hamper the Ordâkhai efforts in Ambarûl by defeating soldiers and destroying their provisions in Khetsok.","kz":{"c":12}}]}