{"n":"Remnants of the Fallen","lv":120,"maps":["1879388665"],"steps":[{"i":1,"pts":[[42.930664,-61.081448],[42.896503,-60.859142],[43.308887,-60.965],[42.848885,-61.010902],[43.304043,-61.0551],[43.404217,-61.333065],[43.386875,-61.176987],[43.425274,-61.123646],[42.861717,-61.554886],[43.59375,-61.06875],[43.648964,-61.418247],[42.838223,-61.33747],[43.394238,-60.895077],[43.507812,-60.422024],[43.4641,-60.436478]]},{"i":2,"pts":[[42.930664,-61.081448],[42.896503,-60.859142],[43.308887,-60.965],[42.848885,-61.010902],[43.304043,-61.0551],[43.404217,-61.333065],[43.386875,-61.176987],[43.425274,-61.123646],[42.861717,-61.554886],[43.59375,-61.06875],[43.648964,-61.418247],[42.838223,-61.33747],[43.394238,-60.895077],[43.507812,-60.422024],[43.4641,-60.436478]],"t":"Woodmen belongings can be found scattered around Shathur-munzu. You should collect Woodmen belongings."},{"i":3,"pts":[[-60.80567,-5.992949,"1879388665"]],"t":"Garsind, the chieftain of Arhaim, would be interested in these belongings. You should talk to Garsind in Arhaim."}]}