{"n":"Gardening for Granny","lv":20,"maps":[],"steps":[{"i":1,"pts":[[-81.87626,-27.29374],[-81.86443,-27.293114],[-81.855225,-27.29374],[-81.8434,-27.293114],[-81.87626,-27.274609],[-81.86443,-27.273886],[-81.855225,-27.274004],[-81.8434,-27.273563],[-81.634445,-27.517012],[-81.601845,-27.539745],[-81.618286,-27.528427],[-81.61217,-27.559395],[-81.628914,-27.544024],[-81.64509,-27.53166]],"t":"Help Morna Old Mother Goldworthy tend to the garden.","kz":{"c":5}},{"i":2,"pts":[[-81.63163,-27.438164]],"t":"Morna Old Mother Goldworthy can be found in the heights of Tighfield in the southern part of town. Talk to Morna."}]}