{"n":"Edge of The Abyss","lv":108,"maps":["1879356000"],"steps":[{"i":1,"pts":[[50.56617,-1.9993554],[50.564102,-1.9983398],[50.56617,-1.9993554],[50.564102,-1.9983398]],"t":"Sapakár can be found somewhere in Barad-dûr. You should confront Sapakár.","kz":{"c":1}},{"i":2,"pts":[[50.513535,-2.0021582]],"t":"You should look over the edge into the abyss of Mordath."},{"i":3,"pts":[[8.540146,-48.11079,"1879356000"]],"t":"Lômazar can be found at the Ruins of Díngarth. You should speak with Lômazar."}]}