{"n":"Honouring the Dead","lv":81,"maps":[],"steps":[{"i":1,"pts":[[-67.18713,-41.52161],[-67.10663,-41.364326]]},{"i":2,"pts":[[-67.10667,-41.699814],[-67.095215,-41.68459],[-67.1162,-41.68124],[-67.08492,-41.6845],[-67.15181,-41.52163],[-67.16752,-41.52322],[-67.151695,-41.550507],[-67.10074,-41.447735],[-67.15341,-41.536785],[-67.10414,-41.4417],[-67.00788,-41.744736]],"t":"There are dead Rohirrim throughout Thornhope. Unable to bury the dead Rohirrim, due to the presence of the Orcs, you should burn the corpses to preven…"},{"i":3,"pts":[[-66.65263,-42.215176]],"t":"Thane Béortnoth is encamped beyond the walls of Thornhope. You should speak with Thane Béortnoth and let him know what you have done."}]}