{"n":"Aiding the Elves II","lv":60,"maps":[],"steps":[{"i":1,"pts":[[-78.88657,-9.443134],[-79.28062,-9.701738],[-77.929405,-14.143779],[-77.892746,-14.06622],[-77.779045,-14.059111],[-77.872696,-13.897031],[-77.508156,-12.877431],[-77.516884,-12.759033],[-77.570335,-12.876904],[-75.80468,-14.982021],[-75.94893,-15.079687],[-75.6779,-15.018007],[-75.5384,-15.101455],[-75.577965,-15.178495]],"t":"Orc camps can be found all along the road that runs through Nanduhirion, north-west of Talan Haldir. Orc waylayers prowl along the road as well, and c…","kz":{"c":4}},{"i":2,"pts":[[-73.445694,-16.237928]],"t":"Maethoron is on Talan Haldir, located near the banks of Nimrodel, south-east of Nanduhirion. You have stolen weapons from the Orc camps of Nanduhirion…"}]}