{"n":"Seeking Nargúr","lv":113,"maps":[],"steps":[{"i":1,"pts":[[14.137714,15.877207],[14.247138,15.877207],[14.263184,16.321327],[14.216797,16.321327],[14.193418,16.572294],[14.252138,16.572294],[14.208691,16.431347],[14.207714,16.459942]],"t":"Pillars can be found in Nargroth. You should destroy pillars to attract Nargúr's attention."},{"i":2,"pts":[[14.521113,16.444052],[14.510693,16.443983]],"t":"Pillars can be found in Nargroth. You should destroy pillars to attract Nargúr's attention.","kz":{"c":1}},{"i":3,"pts":[[12.040664,17.208202]],"t":"The Watching Stone can be found in Nargroth. You should return to the Watching Stone."}]}