{"n":"A Hearty Meal","lv":1,"maps":[],"steps":[{"i":1,"pts":[[-72.42763,-25.656103],[-72.75729,-25.655752],[-72.48123,-25.761093],[-72.87188,-25.97619],[-72.47135,-25.54205],[-72.472275,-25.971348],[-72.29258,-25.628906],[-72.30799,-25.925926],[-72.328835,-25.649706]],"t":"Your mission is to travel to Shegdush and gather eggs and thin the numbers of chickens and boars in the area.","kz":{"c":6}},{"i":2,"pts":[[-72.048164,-25.703426]],"t":"Find and defeat the particularly aggressive chicken in Shegdush at the top of the hill.","kz":{"c":1}}]}