{"n":"Know the Enemy - Winding Down","lv":0,"maps":["1879147416"],"steps":[{"i":2,"pts":[[51.63494,42.09961],[-1.8732617,-64.72276,"1879147416"]]}]}