{"n":"To Drenghól","lv":130,"maps":["1879409233"],"steps":[{"i":1,"pts":[[-65.43757,38.720234,"1879409233"]],"t":"Drenghól can be found in Elderslade. You should journey to Drenghól."},{"i":2,"pts":[[-66.03081,38.04821]],"t":"Drenghól can be found in Elderslade. You should talk to Zádokh Flint-eye at Drenghól."},{"i":3,"pts":[[-68.6902,37.678623,"1879409233"],[-68.52085,37.340115,"1879409233"],[-68.36903,37.875538,"1879409233"],[-68.35491,37.506435,"1879409233"],[-68.24743,37.770115,"1879409233"],[-68.02348,37.497616,"1879409233"],[-67.8334,37.4367,"1879409233"],[-68.099,36.18533,"1879409233"],[-68.348434,38.264618,"1879409233"],[-68.21988,38.11715,"1879409233"],[-68.035835,38.086845,"1879409233"],[-67.81222,38.022243,"1879409233"],[-68.025764,38.393124,"1879409233"],[-67.770004,39.017742,"1879409233"]],"t":"The dwarves at Drenghól have asked you to scout the forces gathered near the outer walls of Gundabad. You should assist the dwarves at Drenghól.","kz":{"c":6}},{"i":4,"pts":[[-66.03081,38.04821]],"t":"Drenghól can be found in Elderslade. You should talk to Zádokh Flint-eye at Drenghól."}]}