{"n":"Year 5 Travels: Bodies of Water","lv":0,"maps":[],"steps":[{"i":1,"pts":[[-43.95667,-21.65199],[-43.95827,-21.643301],[-43.91532,-20.710938],[-43.907,-21.139717],[-43.91032,-20.710938],[-43.902,-21.139717],[-43.56508,-22.219395],[-42.99257,-22.404482],[-43.560078,-22.219395],[-42.987568,-22.404482],[-41.8153,-22.053661],[-41.810303,-22.053661],[-41.54501,-21.943457],[-41.209892,-21.342255],[-41.54001,-21.943457],[-41.21577,-21.342255],[-40.882256,-20.760664],[-40.684044,-20.503252],[-40.887558,-20.760664],[-40.679043,-20.503252],[-40.45908,-19.883837],[-40.454082,-19.883837],[-40.48405,-19.022675],[-40.479053,-19.022675],[-71.47406,-5.8046484],[-71.13404,-5.416084],[-71.46906,-5.8046484],[-71.12904,-5.416084],[-68.58354,-11.97622],[-68.57854,-11.97622],[-68.83172,-6.4338574],[-69.136856,-6.0387793],[-68.82671,-6.4338574],[-69.13186,-6.0387793],[-67.89803,-12.293613],[-67.893036,-12.293613],[-68.27094,-7.777949],[-68.26594,-7.777949],[-68.34298,-7.4170604],[-68.33798,-7.4170604],[-67.52493,-12.556963],[-67.51993,-12.556963],[-66.96267,-10.499824],[-67.1402,-10.116845],[-66.95767,-10.499824],[-67.1352,-10.116845],[-65.91546,-14.135019],[-65.91045,-14.135019],[-72.21001,18.763632],[-71.32867,18.682753],[-70.90892,18.770752],[-70.335045,18.982695],[-69.735886,18.758623],[-69.12597,18.771132],[-68.518074,18.816053],[-68.08058,18.375557],[-66.959076,14.373603],[-66.7282,15.336201],[-66.41885,15.846562],[-66.17966,16.747343],[-11.568056,-33.742733],[-11.589326,-33.29901],[-11.523954,-33.59114],[-11.277939,-33.617325],[-11.171894,-33.431534],[-11.301806,-33.317158],[-11.380273,-33.505047],[-11.375273,-33.505047],[-11.563056,-33.742733],[-11.584326,-33.29901],[-11.518955,-33.59114],[-11.272939,-33.617325],[-11.166894,-33.431534],[-11.296806,-33.317158],[-11.385322,-33.065193],[-11.520927,-33.129745],[-11.380322,-33.065193],[-11.526377,-33.129745],[-116.798706,-16.86875],[-116.94648,-16.958944],[-117.05924,-16.991768],[-116.804665,-16.720068],[-116.50308,-16.678282],[-116.66306,-16.666279],[-116.06381,-17.395311],[-115.958496,-17.232656],[-116.31178,-17.216719],[-116.33388,-16.587334],[-116.21161,-16.517822],[-116.3123,-16.930664],[-115.05546,-17.19413],[-100.33431,-14.375058],[-100.21734,-14.262431],[-99.45073,-13.963291],[-98.680626,-13.677832],[-97.445564,-14.089872],[-97.606544,-14.057656],[-97.51752,-13.639355],[-97.319626,-13.6472845],[-97.507286,-13.901796],[-96.53056,-14.613056],[-96.48689,-14.641699],[-96.71787,-13.453447],[-78.31793,-11.784452],[-78.02948,-12.246533],[-78.73042,-11.233408],[-77.52143,-12.456718],[-77.95096,-12.335371],[-77.1376,-13.301191],[-77.070656,-13.409609],[-76.922295,-13.664238],[-76.58226,-13.866357],[-76.447945,-13.942549],[-48.5529,-57.685116],[-49.03497,-56.73952],[-49.12172,-56.299656],[-49.165165,-56.122665],[-49.096943,-55.57445],[-48.96239,-54.341473],[-48.905567,-54.293934],[-47.69043,-58.480804],[-47.95712,-58.238995],[-48.26579,-58.01455],[-47.41455,-58.84639],[-47.199112,-59.210762],[-63.132694,-36.709297],[-63.3546,-36.070545],[-63.571667,-35.71787],[-62.835625,-33.982166],[-62.04914,-37.887383],[-62.384598,-37.43705],[-62.752373,-37.094727],[-62.194225,-34.155243],[-61.34837,-35.70759],[-61.57249,-35.375683],[-61.679443,-34.98087],[-61.862976,-34.471104],[-43.71922,-78.710464],[-43.656395,-78.24383],[-43.492294,-77.865326],[-43.063984,-77.64425],[-42.753506,-78.911064],[-42.08414,-78.22247],[-42.09042,-78.58247],[-42.74205,-77.548744],[-42.6024,-77.300705],[-42.38113,-77.30214],[-42.335594,-77.64369],[-42.18988,-77.90454]],"t":"Cards hang from the Party Tree. Each card contains a scavenger hunt to complete at your own pace."}]}