{"n":"The Gathering Storm, Part 6: A Line Crossed","lv":150,"maps":["1879484347"],"steps":[{"i":1,"pts":[[-139.27892,-116.69885,"1879484347"],[-139.16634,-116.63251,"1879484347"],[-139.04535,-116.814186,"1879484347"],[-139.09886,-116.82978,"1879484347"],[-139.33768,-116.90359,"1879484347"],[-139.39636,-116.63015,"1879484347"],[-139.3536,-116.65499,"1879484347"],[-139.03801,-116.71152,"1879484347"]],"t":"Rothog the Storm has requested that travel into the catacombs to Harkhaphâr and do several tasks. He requests that you thin the number of gladiators t…","kz":{"c":16}},{"i":2,"pts":[[54.02486,65.24498]],"t":"Rothog awaits you in the Dâr Laja Meeting Hall. Return with the stolen objects and inform him of your victory."}]}