{"n":"Quieting West of the Easeful Mead","lv":95,"maps":[],"steps":[{"i":1,"pts":[[-80.284706,-38.137966],[-80.05186,-38.119053],[-79.76194,-38.143738],[-79.76493,-38.30661],[-79.981926,-38.361454],[-80.184875,-38.291004],[-80.290146,-38.380272],[-80.15854,-38.48708],[-80.284615,-38.571835],[-80.2691,-38.581142],[-80.283806,-38.599014],[-80.15752,-38.74918],[-79.933784,-38.615868],[-79.68452,-38.702393],[-80.32425,-37.738075],[-80.29966,-37.92488],[-80.0905,-37.80498],[-79.93228,-37.917732],[-79.74028,-37.74408],[-79.86339,-37.661358],[-80,-38.399998],[-80,-37.6],[-80,-38.399998],[-80,-37.6]],"t":"Quickbeam has asked you to quiet the forest west of the Easeful Mead.","kz":{"c":10}},{"i":2,"pts":[[-79.12934,-42.068123]],"t":"Quickbeam is at Derndingle in south-east Fangorn."}]}