{"n":"Chapter 12: The Armies of Gathbúrz","lv":64,"maps":[],"steps":[{"i":1,"pts":[[-46.468067,-11.141181],[-46.342976,-10.864014],[-45.41544,-12.007891],[-45.576805,-12.003633],[-44.89032,-11.553779],[-44.85087,-11.395068]],"t":"Búrzkala, Kúfuzg, and Hongoi are Orc-camps in the northern reaches of Gathbúrz. Ningloril has asked you to slay the uruk-commanders of the large camps…","kz":{"c":1}},{"i":2,"pts":[[-46.42033,-13.133808],[-46.468067,-11.141181],[-46.342976,-10.864014],[-45.41544,-12.007891],[-45.576805,-12.003633],[-44.89032,-11.553779],[-44.85087,-11.395068]],"t":"Ningloril is in Thangúlhad, the closest camp of the Golden Host to Dol Guldur. You have defeated the uruk-commanders in Búrzkala, Kúfuzg, and Hongoi a…"}]}