{"n":"A Strange Frenzy","lv":131,"maps":[],"steps":[{"i":1,"pts":[[-113.26055,-45.13297],[-112.72316,-46.22794],[-112.68004,-46.269287],[-113.0534,-46.055824],[-112.838066,-45.55464],[-112.81879,-45.20787],[-113.00074,-45.38834],[-112.19166,-46.701355],[-112.148735,-46.65805],[-112.09615,-46.79495],[-112.05424,-46.753],[-112.32673,-45.613792]],"t":"Strange runes and frenzied stone-claws can both be found in the north-western section of Máttugard. You should collect the strange runes and defeat th…","kz":{"c":8}},{"i":2,"pts":[[-114.168594,-46.272987]],"t":"Varthmath can be found at Zidir-nesad, The Steepset, in Máttugard. You should talk to Varthmath at Zidir-nesad."},{"i":3,"pts":[[-114.0841,-46.20171]],"t":"Voina can be found at Zidir-nesad, The Steepset, in Máttugard. You should give the strange runes to Voina."},{"i":4,"pts":[[-114.0841,-46.20171]],"t":"Voina can be found at Zidir-nesad, The Steepset, in Máttugard. You should talk to Voina."}]}