{"n":"Exploring Brúvraum","lv":131,"maps":[],"steps":[{"i":1,"pts":[[-111.48634,-46.865967],[-111.04249,-46.922737],[-110.75614,-47.057148]],"t":"Brúvraum can be found north-west of Maergrind. You should explore Brúvraum for Varthmath."},{"i":2,"pts":[[-111.16336,-47.00403],[-111.36189,-46.925003],[-111.58236,-47.026714],[-111.592545,-46.853584],[-110.80132,-47.149708],[-110.96472,-46.973236],[-111.153595,-46.981026],[-110.737045,-46.973602]],"t":"Brúvraum can be found north-west of Maergrind. You should defeat gredbyg and collect samples from the hive.","kz":{"c":8}}]}