{"n":"Buzzing in the Ruins","lv":138,"maps":[],"steps":[{"i":1,"pts":[[-122.45201,-39.83329],[-122.39697,-39.802696],[-122.370895,-39.61034],[-122.63661,-39.62624],[-122.67015,-39.683575],[-122.6022,-39.754745],[-122.60011,-39.836395],[-122.26955,-39.816902],[-122.23383,-39.645546],[-122.119255,-39.732872],[-122.34025,-39.761326],[-122.393295,-39.688747],[-122.01826,-39.600254],[-122.04245,-39.4603]],"t":"The wasp hive can be found in south-western Clovengap. Borghild has asked you to deal with the wasp infestation in the nearby ruins.","kz":{"c":6}},{"i":2,"pts":[[-121.86342,-39.68415]],"t":"Borghild is in western Clovengap. You should let Borghild know that you have completed the task of defeating the wasps."}]}