{"n":"A Few Come Forward","lv":106,"maps":[],"steps":[{"i":1,"pts":[[-1.4567578,-44.360043],[-0.86249024,-44.28321],[0.7469922,-42.319305],[0.58904296,-42.398983],[0.7079199,-42.08286],[0.7063183,-41.411716],[0.966416,-41.669815],[1.6382324,-42.626804],[1.8278027,-42.2146],[1.963037,-42.192078],[1.313789,-42.654305],[1.4288671,-42.068142],[1.9276366,-42.69968],[2.3397753,-44.26713],[2.2448046,-42.925907],[2.1408398,-43.1644],[2.3617284,-43.486874],[2.627002,-43.268883],[2.0303125,-42.882114],[2.4197655,-43.02995],[2.436748,-42.492317],[2.4650977,-42.088623],[2.724541,-42.39458],[2.2364745,-42.488686],[2.2634082,-42.770454],[2.4510252,-42.608105],[3.0266602,-45.607567],[3.1869824,-43.18445],[3.4674218,-43.4797],[3.5187695,-42.944588],[2.9382422,-43.162354],[3.4243846,-43.245262],[3.1429296,-42.655144],[3.3257616,-42.21033],[4.162471,-43.12338],[3.842666,-43.431522],[3.9564354,-43.01299],[4.3000684,-43.115677],[3.7295995,-43.03764],[3.683086,-43.317406],[4.5437303,-43.98183],[5.0963473,-43.705093],[4.529453,-43.715717],[5.1451855,-44.03124],[4.903066,-43.728603],[4.8933105,-43.95431],[4.654297,-43.348003],[4.880576,-43.468925],[4.5105762,-43.381687],[4.6648536,-43.548122],[5.0609274,-43.307014],[4.994463,-42.815865],[4.5534277,-41.64092],[4.785176,-41.44284],[5.478047,-44.073135],[5.314551,-43.762547],[5.830742,-44.148384],[5.8578515,-43.80144],[5.5796385,-43.985474],[5.8445215,-44.018055],[5.436133,-43.117237],[5.7384667,-43.517944],[6.28041,-43.97395],[6.2172265,-44.268345],[6.407168,-44.210083],[6.286719,-43.793983],[6.1023045,-44.178062],[6.442158,-43.670033],[6.202676,-43.16909],[6.198301,-42.83005],[6.386484,-43.24291],[6.8786325,-43.362083],[7.8160152,-43.86343]]},{"i":2,"pts":[[-1.4567578,-44.360043],[-0.86249024,-44.28321],[0.7469922,-42.319305],[0.58904296,-42.398983],[0.7079199,-42.08286],[0.7063183,-41.411716],[0.966416,-41.669815],[1.6382324,-42.626804],[1.8278027,-42.2146],[1.963037,-42.192078],[1.313789,-42.654305],[1.4288671,-42.068142],[1.9276366,-42.69968],[2.3397753,-44.26713],[2.2448046,-42.925907],[2.1408398,-43.1644],[2.3617284,-43.486874],[2.627002,-43.268883],[2.0303125,-42.882114],[2.4197655,-43.02995],[2.436748,-42.492317],[2.4650977,-42.088623],[2.724541,-42.39458],[2.2364745,-42.488686],[2.2634082,-42.770454],[2.4510252,-42.608105],[3.0266602,-45.607567],[3.1869824,-43.18445],[3.4674218,-43.4797],[3.5187695,-42.944588],[2.9382422,-43.162354],[3.4243846,-43.245262],[3.1429296,-42.655144],[3.3257616,-42.21033],[4.162471,-43.12338],[3.842666,-43.431522],[3.9564354,-43.01299],[4.3000684,-43.115677],[3.7295995,-43.03764],[3.683086,-43.317406],[4.5437303,-43.98183],[5.0963473,-43.705093],[4.529453,-43.715717],[5.1451855,-44.03124],[4.903066,-43.728603],[4.8933105,-43.95431],[4.654297,-43.348003],[4.880576,-43.468925],[4.5105762,-43.381687],[4.6648536,-43.548122],[5.0609274,-43.307014],[4.994463,-42.815865],[4.5534277,-41.64092],[4.785176,-41.44284],[5.478047,-44.073135],[5.314551,-43.762547],[5.830742,-44.148384],[5.8578515,-43.80144],[5.5796385,-43.985474],[5.8445215,-44.018055],[5.436133,-43.117237],[5.7384667,-43.517944],[6.28041,-43.97395],[6.2172265,-44.268345],[6.407168,-44.210083],[6.286719,-43.793983],[6.1023045,-44.178062],[6.442158,-43.670033],[6.202676,-43.16909],[6.198301,-42.83005],[6.386484,-43.24291],[6.8786325,-43.362083],[7.8160152,-43.86343]],"t":"Accept the surrender of any Forgeworkers or Men who offer it."},{"i":3,"pts":[[-0.5743066,-41.25534]],"t":"You should visit the Udûn Foothold to check on the fate of the surrendered peoples."}]}