{"n":"Back to Basics - Plate","lv":0,"maps":["1879147414"],"steps":[{"i":2,"pts":[[51.7075,48.766914],[-1.9272851,-64.50229,"1879147414"]]}]}