{"n":"The Stubborn Farmer","lv":100,"maps":[],"steps":[{"i":1,"pts":[[-18.366083,-69.371124]],"t":"Talfadan can be found at Pel Dúven, north-east of the South-gate. You should try and talk some sense into Talfadan."},{"i":2,"pts":[[-18.29501,-69.26594],[-18.192295,-69.40762],[-18.103798,-69.602615],[-18.038368,-69.65],[-18.062372,-69.28175],[-18.198017,-68.97091],[-18.3879,-69.004074],[-18.286259,-69.080215],[-18.048243,-69.02895],[-17.88665,-69.66929],[-17.84708,-69.851204],[-17.750078,-69.555305],[-17.433075,-69.43619],[-17.56793,-69.364044],[-17.78914,-69.27333],[-17.815468,-68.95017],[-17.564278,-68.88928],[-17.976318,-68.83142],[-17.727665,-69.04288],[-17.530518,-68.67327]],"t":"Farming tools can be found around Pel Dúven. You should gather the farming tools for Talfadan."},{"i":4,"pts":[[-17.875292,-69.18781]],"t":"The last farm tool is located in the fields at Pel Dúven. Collect the final farm tool for Talfadan.","kz":{"c":2}},{"i":5,"pts":[[-18.366083,-69.371124]],"t":"Talfadan is at Pel Dúven. Return to Talfadan with the farm tools."}]}