{"n":"Fungus Takes Flight","lv":53,"maps":[],"steps":[{"i":1,"pts":[[-101.91812,-2.8900878],[-101.633766,-2.9832225],[-101.74209,-3.1041698],[-101.595856,-2.452129],[-101.84074,-2.5288575],[-101.96205,-2.316914],[-101.69367,-2.5128124],[-101.72457,-2.7388086],[-101.98767,-2.7600489]],"t":"The morroval-camp is at Tith-maudhûl, east of the Fanged Pit camp. Bési asked you to free the infected Orcs from their cages and defeat any merrevail …","kz":{"c":6}},{"i":2,"pts":[[-103.31496,-3.3921483]],"t":"Bési is at the Fanged Pit camp west of Tith-maudhûl. Bési will be pleased to know that you freed the infected Orcs from the cages and killed any merre…"}]}