{"n":"The Things They Left Behind","lv":106,"maps":[],"steps":[{"i":1,"pts":[[2.5228515,-43.080193],[2.389873,-42.96608],[2.1455858,-42.43039],[3.2254784,-43.282993],[3.3785155,-42.864048],[3.0447168,-42.671894],[3.1775975,-42.71225],[3.7182813,-43.466316],[4.8413963,-43.799507],[4.9221873,-43.78603],[4.5178614,-43.759872],[4.7010837,-43.50237],[4.9675097,-43.401096],[4.936406,-43.555893],[4.6226854,-43.352505],[5.4864745,-44.79072],[5.5838866,-44.536045],[5.89124,-44.63461],[5.4199705,-44.59158],[5.417207,-44.453274],[5.8070507,-43.86285],[5.684658,-44.210224],[5.46291,-44.046867],[5.9126368,-44.10894],[5.5684276,-43.89868],[5.305664,-43.792446],[5.6494727,-42.95801],[5.9705663,-42.872772],[5.62373,-43.402348],[5.3552637,-42.451065],[5.5481443,-42.671825],[5.258877,-42.681404],[6.453359,-44.11916],[6.070449,-43.889843],[6.3339844,-43.878017],[6.092744,-44.31735],[6.048711,-43.046803],[8.064795,-44.860596],[8.258935,-44.714436],[8.223603,-44.05326],[8.5199995,-44.16903],[8.662246,-44.343365]]},{"i":2,"pts":[[2.3919044,-42.966667],[2.5236719,-43.079483],[2.146123,-42.431023],[3.3790429,-42.864174],[3.2247558,-43.283806],[3.1793456,-42.71201],[3.0256152,-42.672646],[3.714453,-43.459652],[4.82708,-43.792393],[4.9645505,-43.39896],[4.70125,-43.50253],[5.4154687,-44.600746],[5.891162,-44.634705],[5.4172263,-44.45343],[5.684658,-44.210686],[5.8059473,-43.867832],[5.4626856,-44.048695],[5.970449,-42.87373],[5.6490235,-42.958023],[5.5566893,-42.67353],[5.2592382,-42.680813],[6.071621,-43.889297],[6.4535446,-44.11833],[6.0485153,-43.04765],[8.259453,-44.714973],[8.064638,-44.86043],[8.223808,-44.05324],[8.519511,-44.16674],[8.662627,-44.34314]],"t":"Search abandoned soldiers' packs in the valley and camps of Udûn."}]}