{"n":"Mission: Drive a Wedge","lv":1,"maps":[],"steps":[{"i":1,"pts":[[-78.2672,45.655663],[-78.04094,45.6075],[-77.811714,45.88002],[-77.660286,45.85662],[-77.87845,45.717205],[-77.64573,45.623905],[-77.52325,45.758827],[-77.46596,46.01832],[-77.680176,46.007206],[-77.94476,46.00844]],"t":"You should defeat Frost-horde Hobgoblin Emissaries and destroy ice pillars spread around the area.","kz":{"c":12}},{"i":2,"pts":[[-77.036896,46.21955]],"t":"You should regroup near the bridge in the mountain pass."}]}