{"n":"The Warg-pens of Hîgropor","lv":25,"maps":[],"steps":[{"i":1,"pts":[[-47.04337,-17.978642],[-46.099323,-18.39285],[-46.728603,-18.524706],[-46.79416,-18.101553],[-46.39705,-17.599834],[-45.602654,-17.63539]],"t":"Wargs can be found in Hîgropor, in south-eastern Nan Wathren. You should defeat the Wargs and destroy their food-barrels. &lt;rgb=#FF0000&gt;Fellowshi…"},{"i":2,"pts":[[-45.45032,-17.40957],[-45.471375,-17.481777],[-45.29912,-17.39537],[-45.330887,-17.457724],[-45.513817,-17.59369],[-45.409782,-17.614443],[-45.448524,-17.683184],[-45.558983,-17.696543],[-45.367558,-17.834044],[-45.54528,-17.879354],[-45.719334,-17.630547]],"t":"Wargs can be found in Hîgropor, in south-eastern Nan Wathren. You should defeat the Wargs and destroy their food-barrels. &lt;rgb=#FF0000&gt;Fellowshi…","kz":{"c":10}}]}