{"n":"Book 10, Chapter 8: Drifting Snows","lv":85,"maps":[],"steps":[{"i":1,"pts":[[-66.091324,-37.7774]],"t":"Corudan is outside Dunfast, in the Whitshaws. Horn is of little use to anyone, pining as he is over Nona. Perhaps Corudan will have some guidance."},{"i":2,"pts":[[-67.9356,-37.760185],[-68.02112,-37.752666],[-68.194214,-37.752686],[-68.1327,-37.629444],[-68.04874,-37.59757],[-68.11706,-37.511475],[-67.714195,-37.8408],[-67.042816,-37.64915],[-67.07542,-37.768192],[-67.13827,-37.773914],[-67.33271,-37.594032],[-67.32877,-37.509197],[-67.02674,-37.266052],[-66.98233,-37.31377],[-67.12434,-37.93331],[-67.138374,-37.860508],[-66.336845,-36.725105],[-66.2652,-36.71694],[-66.22907,-36.844852],[-66.39568,-36.739326],[-66.18903,-36.77373],[-65.588684,-37.837803],[-65.85339,-37.468826],[-65.67883,-37.516872],[-65.74633,-37.66291],[-65.51645,-37.600235]],"t":"Orcs can be found throughout the Whitshaws. Root vegetables can be found at the bases of many trees in the area outside Dunfast. Corudan wants you to …","kz":{"c":4}},{"i":3,"pts":[[-66.091324,-37.7774],[-67.9356,-37.760185],[-68.02112,-37.752666],[-68.194214,-37.752686],[-68.1327,-37.629444],[-68.04874,-37.59757],[-68.11706,-37.511475],[-67.714195,-37.8408],[-67.042816,-37.64915],[-67.07542,-37.768192],[-67.13827,-37.773914],[-67.33271,-37.594032],[-67.32877,-37.509197],[-67.02674,-37.266052],[-66.98233,-37.31377],[-67.12434,-37.93331],[-67.138374,-37.860508],[-66.336845,-36.725105],[-66.2652,-36.71694],[-66.22907,-36.844852],[-66.39568,-36.739326],[-66.18903,-36.77373],[-65.588684,-37.837803],[-65.85339,-37.468826],[-65.67883,-37.516872],[-65.74633,-37.66291],[-65.51645,-37.600235]],"t":"Corudan is outside Dunfast, in the Whitshaws. You have done as Corudan asked, defeating Orcs and Warg-riders and collecting the root vegetables for wh…"},{"i":4,"pts":[[-66.096535,-37.790565]],"t":"Horn is outside Dunfast, in the Whitshaws. Corudan has asked that you see how Horn is feeling."}]}