{"n":"Greenskins of the Pack","lv":120,"maps":["1879388665"],"steps":[{"i":1,"pts":[[42.90242,-61.594685,"1879388665"]]}]}