{"n":"Brutality of the Hewer","lv":115,"maps":[],"steps":[{"i":1,"pts":[[10.5853615,-50.499702],[10.503271,-50.703827],[11.55209,-51.49196],[10.944882,-51.397713],[11.263955,-51.145844],[11.406377,-51.24915],[11.008515,-50.378],[11.109159,-50.483944],[11.43958,-50.60842],[10.989882,-50.21813],[11.652089,-50.81183],[11.658447,-50.659893]],"t":"Ingold has asked you to defeat Olog-hai and destroy cages in Fushaum Tûm.","kz":{"c":6}}]}