{"n":"Mission: Unwelcome Guests","lv":1,"maps":["1879418435"],"steps":[{"i":1,"pts":[[48.288475,57.986893,"1879418435"],[48.31793,58.17125,"1879418435"],[48.25318,58.28187,"1879418435"],[48.037655,58.02986,"1879418435"],[47.997654,57.83373,"1879418435"],[48.24672,57.714375,"1879418435"]],"t":"You should uproot the trolls from a hall within Gundabad.","kz":{"c":3}},{"i":3,"pts":[[48.452168,58.0007,"1879418435"]],"t":"You should regroup near the entrance to the cave."}]}