{"n":"Stumbling in the Dark","lv":85,"maps":[],"steps":[{"i":1,"pts":[[-70.928986,-32.482002],[-70.876114,-32.59532],[-71.0901,-32.212032],[-71.3088,-31.980879],[-71.107544,-32.141697],[-70.33923,-33.03123],[-70.519196,-33.02288],[-70.35601,-33.075314]]},{"i":3,"pts":[[-70.8286,-32.702198],[-70.92515,-32.42116],[-70.497154,-33.04446],[-70.66566,-32.90657],[-70.21483,-33.07248]],"t":"White Hand banners can be found along the Orc-roadway through the Balewood. You have gathered the whips and should now anchor them to the bases of nea…"}]}