{"n":"The Brutes of Stonejaws","lv":132,"maps":[],"steps":[{"i":1,"pts":[[-114.43366,-45.23885],[-114.472305,-45.189644],[-114.00405,-45.152054],[-113.74854,-45.463333],[-113.7025,-45.393032],[-113.7357,-44.969784],[-113.763985,-45.107914],[-113.254845,-45.085293],[-113.24519,-45.03601],[-113.940125,-45.15389],[-112.918884,-45.326946],[-112.88038,-45.270664]],"t":"Hobgoblin brutes and hobgoblin wards can be found in western Máttugard. You should defeat hobgoblin brutes and destroy their wards.","kz":{"c":8}},{"i":2,"pts":[[-114.0841,-46.20171]],"t":"Voina can be found at Zidir-nesad, the Steepset, in Máttugard. You should talk to Voina."}]}