{"n":"Whitshaws: Jousting with Rohirrim","lv":85,"maps":[],"steps":[{"i":1,"pts":[[-62.39037,-37.7292]],"t":"Gyric is waiting for your decision in Forlaw. You should speak with Gyric when you are ready to travel to the Whitshaws and talk to Rilbert to begin y…"},{"i":2,"pts":[[-64.028175,-36.700058],[-64.01698,-36.966602],[-63.80203,-36.643982],[-63.651913,-36.854706],[-63.90168,-36.82501],[-63.846855,-36.971416],[-64.20295,-35.966484],[-64.09585,-36.184696],[-63.79949,-35.832615],[-63.917793,-35.931034],[-63.771786,-36.171658],[-63.90003,-36.067703],[-62.882107,-37.35163],[-63.13568,-37.434345],[-63.145847,-37.337784],[-63.36574,-37.344315],[-62.99782,-37.73127],[-63.408066,-37.43286],[-63.105408,-36.950645],[-63.319206,-36.965946],[-63.16527,-36.927547],[-63.190563,-36.73532],[-63.07654,-37.080887],[-63.405937,-36.76448],[-63.3203,-37.106182],[-63.50451,-35.946083],[-63.378857,-36.187695],[-62.75961,-38.07959],[-62.509335,-38.170555],[-62.62907,-38.195057],[-62.460693,-38.360878],[-62.39991,-38.122654],[-62.649216,-38.442833],[-62.78043,-37.67108],[-62.61941,-37.7069],[-62.640545,-37.3988],[-62.76028,-37.42331],[-62.591904,-37.58913],[-62.53458,-37.34424]],"t":"Rohirrim jousters can be found on the field beyond Rilbert. You have been tasked with defeating three Rohirrim jousters."},{"i":3,"pts":[[-64.028175,-36.700058],[-64.01698,-36.966602],[-63.80203,-36.643982],[-63.651913,-36.854706],[-63.90168,-36.82501],[-63.846855,-36.971416],[-64.20295,-35.966484],[-64.09585,-36.184696],[-63.79949,-35.832615],[-63.917793,-35.931034],[-63.771786,-36.171658],[-63.90003,-36.067703],[-62.882107,-37.35163],[-63.13568,-37.434345],[-63.145847,-37.337784],[-63.36574,-37.344315],[-62.99782,-37.73127],[-63.408066,-37.43286],[-63.105408,-36.950645],[-63.319206,-36.965946],[-63.16527,-36.927547],[-63.190563,-36.73532],[-63.07654,-37.080887],[-63.405937,-36.76448],[-63.3203,-37.106182],[-63.50451,-35.946083],[-63.378857,-36.187695],[-62.75961,-38.07959],[-62.509335,-38.170555],[-62.62907,-38.195057],[-62.460693,-38.360878],[-62.39991,-38.122654],[-62.649216,-38.442833],[-62.78043,-37.67108],[-62.61941,-37.7069],[-62.640545,-37.3988],[-62.76028,-37.42331],[-62.591904,-37.58913],[-62.53458,-37.34424]],"t":"Rohirrim jousters can be found on the field beyond Rilbert. You have been tasked with defeating three Rohirrim jousters."},{"i":4,"pts":[[-64.028175,-36.700058],[-64.01698,-36.966602],[-63.80203,-36.643982],[-63.651913,-36.854706],[-63.90168,-36.82501],[-63.846855,-36.971416],[-64.20295,-35.966484],[-64.09585,-36.184696],[-63.79949,-35.832615],[-63.917793,-35.931034],[-63.771786,-36.171658],[-63.90003,-36.067703],[-62.882107,-37.35163],[-63.13568,-37.434345],[-63.145847,-37.337784],[-63.36574,-37.344315],[-62.99782,-37.73127],[-63.408066,-37.43286],[-63.105408,-36.950645],[-63.319206,-36.965946],[-63.16527,-36.927547],[-63.190563,-36.73532],[-63.07654,-37.080887],[-63.405937,-36.76448],[-63.3203,-37.106182],[-63.50451,-35.946083],[-63.378857,-36.187695],[-62.75961,-38.07959],[-62.509335,-38.170555],[-62.62907,-38.195057],[-62.460693,-38.360878],[-62.39991,-38.122654],[-62.649216,-38.442833],[-62.78043,-37.67108],[-62.61941,-37.7069],[-62.640545,-37.3988],[-62.76028,-37.42331],[-62.591904,-37.58913],[-62.53458,-37.34424]],"t":"Rohirrim jousters can be found on the field beyond Rilbert. You have been tasked with defeating three Rohirrim jousters."},{"i":5,"pts":[[-62.39037,-37.7292],[-60.785046,-39.333992]],"t":"Rilbert is at the southern end of the ice-pools in the Whitshaws. Gyric is at Forlaw in the Fallows. Speak with either of them to receive your reward."}]}