{"n":"Collecting Scraps","lv":150,"maps":[],"steps":[{"i":1,"pts":[[-78.49766,-42.363],[-78.526054,-42.139286],[-78.41207,-42.66147],[-78.432785,-42.25666],[-78.38182,-42.411865],[-78.3727,-42.578964],[-78.445724,-42.339794],[-78.42194,-42.788223]],"t":"Sigênik has asked you to travel to Sûr Zugub, south-east of Western Khanâg, and collect any abandoned metal shields you find. He would also like you t…","kz":{"c":8}},{"i":2,"pts":[[-82.50392,-36.206795]],"t":"You have collected metal shields and defeated sand-sifters. You should return to Western Khanâg to give the shields to Sigênik."}]}