{"n":"Mission: Servants of Throkhâr","lv":1,"maps":["1879418183"],"steps":[{"i":1,"pts":[[49.998005,59.299763,"1879418183"],[49.990116,59.81115,"1879418183"],[50.14412,59.308495,"1879418183"],[49.99916,59.75408,"1879418183"],[50.015644,59.74545,"1879418183"],[49.98617,59.56916,"1879418183"],[50.07742,59.61873,"1879418183"],[49.859608,59.60453,"1879418183"],[49.89414,59.775723,"1879418183"],[49.845997,59.7175,"1879418183"],[50.047558,59.745605,"1879418183"],[50.03533,59.740135,"1879418183"],[50.143143,59.28703,"1879418183"],[49.856796,59.28785,"1879418183"],[50.063377,59.760017,"1879418183"],[50.014942,59.570137,"1879418183"],[50.03957,59.79367,"1879418183"],[49.8566,59.30953,"1879418183"],[50.113533,59.612988,"1879418183"],[50.05365,59.778145,"1879418183"]],"t":"You should defeat Servants of Throkhâr and destroy their nameless shrines.","kz":{"c":10}}]}