{"n":"The Grim Vale","lv":123,"maps":[],"steps":[{"i":1,"pts":[[3.6326756,-64.73878]],"t":"Orc sentries and corpses can be found in Rath Dúath. You should defeat Orc sentries and examine any Orc corpses that you find.","kz":{"c":5}},{"i":2,"pts":[[4.0900974,-65.52214]],"t":"Another Orc corpse can be found closer to Echad Uial in Rath Dúath. You should seek out another Orc corpse to examine."},{"i":3,"pts":[[4.2494235,-66.01091],[4.312422,-66.02478],[4.3577833,-66.02195],[4.0996776,-65.52377],[4.1223044,-65.53379],[4.161924,-65.55526],[4.2062206,-65.58299],[4.2187595,-65.61129],[4.2061815,-65.65835],[4.188955,-65.71694],[4.178193,-65.73969],[4.162715,-65.7907],[4.1536818,-65.83723],[4.1584764,-65.877075],[4.176006,-65.92044],[4.2005177,-65.95743],[4.427246,-65.98776],[4.4962597,-65.937454],[4.5633006,-65.920876],[4.64041,-65.889145],[4.7445507,-65.87786],[4.7728224,-65.87671],[4.8348145,-65.892136],[4.9243555,-65.9236],[4.975869,-65.93443],[5.043652,-65.92885],[5.1899705,-65.84469]],"t":"Footprints can be found leading away from the Orc corpse. You should follow the footprints."},{"i":4,"pts":[[4.093232,-64.97376]],"t":"Thurindol can be found at Echad Uial in Rath Dúath. You should talk to Thurindol."}]}