{"n":"Quieting South-east of Wellinghall","lv":95,"maps":[],"steps":[{"i":1,"pts":[[-82.90118,-39.71201],[-82.82121,-39.830704],[-83.0164,-39.81461],[-83.17695,-39.805058],[-82.980606,-39.379013],[-82.91424,-39.477],[-82.898315,-39.56789],[-82.833084,-39.56958],[-83.02428,-39.26866],[-83.084526,-39.322166],[-83.08815,-39.452343],[-83.1288,-39.194668],[-83.0497,-39.12498],[-83.16697,-39.027283],[-83.07021,-38.956367],[-82.93691,-39.02129],[-82.85969,-38.97985],[-82.782196,-39.523212],[-82.686386,-39.550087],[-82.56557,-39.576466],[-82.497,-39.587704],[-82.448906,-39.488087],[-82.480835,-39.416443],[-82.57022,-39.308407],[-82.65567,-39.235508],[-82.52044,-39.22963],[-82.430565,-39.329285],[-82.375114,-39.465164],[-82.84989,-39.37505],[-82.84989,-39.37505]],"t":"Quickbeam has asked you to quiet the forest south-east of Wellinghall.","kz":{"c":10}},{"i":2,"pts":[[-79.12934,-42.068123]],"t":"Quickbeam is at Derndingle in south-east Fangorn."}]}