{"n":"Mission: Drakes Up Above","lv":1,"maps":[],"steps":[{"i":1,"pts":[[-66.8315,21.535048],[-66.84889,21.444365],[-67.00913,21.329668],[-67.120384,21.317665],[-66.07395,21.544794],[-66.27474,21.630722],[-66.30533,21.523428],[-66.506195,21.507812],[-66.644806,21.565712],[-65.79539,21.99871],[-65.67344,21.92504],[-65.77246,21.77041],[-65.938675,21.753096],[-65.992584,21.63707],[-65.924034,21.497051],[-65.88047,22.173632],[-65.81145,22.094355],[-67.17728,21.169268],[-67.095894,21.073778],[-66.84451,21.582754],[-66.93388,21.377958],[-67.11183,21.37664],[-67.202576,21.285547],[-66.11909,21.586933],[-66.19058,21.498877],[-66.426956,21.595547],[-66.23388,21.484472],[-66.528244,21.620243],[-66.71565,21.52171],[-65.69641,21.913124],[-65.91238,21.883242],[-65.68753,21.815577],[-65.79073,21.70748],[-65.98826,21.496943],[-65.75868,22.193895],[-65.80452,22.031103],[-65.92449,22.093086]],"t":"Investigate drake tracks and destroy drake eggs along High Sundergrót."},{"i":2,"pts":[[-67.12515,20.986338]],"t":"Destroy the drake matron's nest.","kz":{"c":1}}]}