{"n":"Dismantling Their Efforts","lv":100,"maps":[],"steps":[{"i":1,"pts":[[-12.4342575,-58.167137],[-12.532011,-58.076977],[-13.016045,-58.236004],[-12.724355,-58.251156],[-12.479199,-58.273582],[-12.792236,-58.036022],[-12.84498,-58.040833],[-13.110615,-58.05489],[-12.875244,-58.51266],[-12.579297,-58.548744],[-12.755878,-58.74301],[-12.393682,-58.553745]],"t":"Parth Gladló is located in southern Talath Anor. You should defeat Mordor siege-builders and destroy lumber piles at Parth Gladló.","kz":{"c":5}}]}