{"n":"Halting the Movement","lv":115,"maps":[],"steps":[{"i":1,"pts":[[9.6211815,-55.47722],[9.8761425,-55.39665],[9.330274,-55.281677],[9.676035,-55.019756],[9.487783,-54.971348],[9.33416,-55.449936],[9.773613,-54.05907],[9.926972,-54.089924],[9.9176855,-53.66654],[9.648134,-53.690174],[9.384667,-53.921497],[9.614081,-53.661556],[10.155127,-53.9269],[10.251055,-53.880974],[9.796113,-55.294754],[9.805508,-55.190506],[9.402158,-54.969646],[9.432051,-54.103275],[9.407558,-54.14746],[9.440009,-54.030647],[9.645771,-53.742012],[9.94664,-53.96106],[10.091865,-55.466175]],"t":"Bregdal has asked you to defeat Mordor Pullers in Dâr Mauzur and destroy tools and waggons.","kz":{"c":6}}]}