{"n":"Kill It with Fire","lv":1,"maps":[],"steps":[{"i":1,"pts":[[-67.154724,-35.684395],[-67.01057,-35.805458],[-66.94988,-35.405613],[-66.87591,-34.36373],[-66.71968,-35.89203],[-66.7429,-35.221043],[-66.53364,-34.489002],[-66.57491,-34.677578]],"t":"Defeat scorpions and destroy their burrows to cull their number.","kz":{"c":14}},{"i":2,"pts":[[-67.205315,-35.684296]],"t":"Find and defeat Tamâhu, the dread-scorpion.","kz":{"c":1}}]}