{"n":"Evidence of Evil","lv":80,"maps":["1879240561"],"steps":[{"i":1,"pts":[[-62.675156,-49.093548,"1879240561"]]},{"i":2,"pts":[[-62.91504,-49.22245,"1879240561"],[-62.83199,-48.963673,"1879240561"],[-62.64741,-49.369614,"1879240561"],[-62.456944,-49.218548,"1879240561"],[-62.386093,-49.23046,"1879240561"],[-62.470993,-49.025795,"1879240561"],[-62.535263,-48.868153,"1879240561"],[-62.696247,-49.03072,"1879240561"],[-62.750057,-49.13086,"1879240561"],[-62.926903,-49.220345,"1879240561"],[-62.805134,-48.939037,"1879240561"],[-62.63198,-49.369,"1879240561"],[-62.46736,-49.25222,"1879240561"],[-62.39706,-49.260513,"1879240561"],[-62.687733,-49.078964,"1879240561"],[-62.710632,-49.025696,"1879240561"],[-62.556034,-49.017822,"1879240561"],[-62.514675,-48.896442,"1879240561"],[-62.426464,-49.036274,"1879240561"],[-62.446434,-48.99816,"1879240561"]],"t":"Supply boxes can be found throughout the Orc-camp of Maustazg, east of Eaworth, in the Entwash Vale. You should search supply boxes for the cause of t…"},{"i":3,"pts":[[53.25789,21.12704]],"t":"Góda is in the Mead Hall of Eaworth, north-west of Maustazg. You should bring the Orcs' orders to Góda."}]}