{"n":"Crippling the Enemy","lv":150,"maps":["1879491720"],"steps":[{"i":1,"pts":[[-85.532,-22.565165,"1879491720"],[-84.82789,-23.27413,"1879491720"],[-84.832886,-22.300097,"1879491720"],[-84.960144,-21.611366,"1879491720"],[-84.58033,-21.756239,"1879491720"]],"t":"Dalagín, the Dumûri captain, has asked you to enter Eshadûr and disrupt the Ordâkhai operations there."},{"i":2,"pts":[[-84.500916,-21.653202,"1879491720"],[-84.47161,-21.865175,"1879491720"],[-84.862495,-21.456934,"1879491720"],[-85.02777,-21.404531,"1879491720"],[-85.5577,-22.562313,"1879491720"],[-84.48141,-22.488194,"1879491720"],[-84.944244,-23.377695,"1879491720"]],"t":"Dalagín, the Dumûri captain, has asked you to enter Eshadûr and destroy their boats, defeat Ordâkhai soldiers, and scout a few locations.","kz":{"c":12}},{"i":3,"pts":[[-81.45364,-22.240507,"1879491720"]],"t":"You have completed your mission in Eshadûr and should return to Dalagín in Iridír."},{"i":4,"pts":[[-145.9997,54.733906]],"t":"You have completed your mission there and reported back to Dalagín, the Dumûri captain, in Iridír. She has asked you to go to Girhâzi and tell her of …"}]}