{"n":"Deadly or Dead","lv":111,"maps":[],"steps":[{"i":1,"pts":[[7.955713,-60.823822],[7.945898,-60.725178],[7.9231834,-60.737778],[8.00459,-60.818623],[7.973867,-60.707035],[7.9848337,-60.829514],[7.9105954,-60.744064],[7.932773,-60.728695],[8.035449,-60.803738],[7.9612694,-60.71382],[7.97166,-60.828022],[8.017187,-60.808685]],"t":"Captain Róglarg's warriors can be found in the courtyard of Cirith Ungol. Shíkurz has asked you to test the warriors in Captain Róglarg's garrison. Yo…","kz":{"c":12}},{"i":2,"pts":[[7.884199,-60.84837]],"t":"Shíkurz can be found in the courtyard of Cirith Ungol. You have defeated many of Captain Róglarg's Orcs and should now return to Shíkurz."}]}