{"n":"Mission: Breeders of Beasts","lv":1,"maps":["1879418519"],"steps":[{"i":1,"pts":[[50.15291,56.049004,"1879418519"],[50.294785,56.45246,"1879418519"],[50.215252,56.427578,"1879418519"],[49.861053,56.519257,"1879418519"],[50.258183,56.1999,"1879418519"],[49.861053,56.532284,"1879418519"],[50.416485,56.4516,"1879418519"],[50.02791,56.53373,"1879418519"],[50.129646,56.44867,"1879418519"],[50.155643,56.388943,"1879418519"],[50.416485,56.438572,"1879418519"],[50.13988,56.049004,"1879418519"],[50.252556,56.556873,"1879418519"],[50.02791,56.29457,"1879418519"],[50.265583,56.556873,"1879418519"],[50.02504,56.13828,"1879418519"],[50.258183,56.21293,"1879418519"],[50.012012,56.13828,"1879418519"],[50.128887,56.250233,"1879418519"],[50.153767,56.17068,"1879418519"],[50.025898,56.36084,"1879418519"],[50.001015,56.44037,"1879418519"]],"t":"You should defeat Angrmarim warg-breeders, poisonous wargs, and destroy warg cages.","kz":{"c":4}},{"i":2,"pts":[[50.003593,56.297634,"1879418519"]],"t":"You should return to the entrance of dungeon."}]}