{"n":"Shade Over Kidzul-kâlah","lv":120,"maps":[],"steps":[{"i":1,"pts":[[-67.949745,0.89130855],[-67.949745,1.3105078],[-67.949745,2.1836622],[-67.949745,2.3470898],[-67.342224,0.14990234],[-67.240295,0.89130855],[-66.44509,0.14673828],[-66.34567,0.6940527]],"t":"Kidzul-kâlah can be found alongside the Gladdenmere. You should destroy shadow sources and defeat any foes you find at Kidzul-kâlah."},{"i":2,"pts":[[-67.91113,0.74035156],[-68.08296,0.9198633],[-68.04514,1.1884668],[-67.8916,0.96032226],[-67.82205,1.147334],[-68.04349,0.7040332],[-67.7934,1.0403808],[-68.026596,0.8588867],[-67.943405,1.472793],[-67.06237,0.16421875],[-67.27178,0.81280273],[-67.15422,0.81598634],[-66.91177,0.4285742],[-67.35904,0.66526365],[-66.74358,0.45021483]],"t":"Kidzul-kâlah can be found alongside the Gladdenmere. You should destroy shadow sources and defeat any foes you find at Kidzul-kâlah.","kz":{"c":15}}]}