{"n":"Year 2 Tales: Sam","lv":0,"maps":[],"steps":[{"i":1,"pts":[[-71.53416,-30.223633],[-69.394035,-32.454433],[-71.34587,-29.308437],[-51.202156,-29.613516],[-51.19369,-29.6079],[-58.28366,-32.905186],[-67.73317,-11.851113],[-64.689766,-17.46501],[-60.29407,-23.746914]],"t":"Cards hang from the Party Tree. Each card contains a scavenger hunt to complete at your own pace.","kz":{"c":6}}]}