{"n":"Mission: Defilers in the Dale","lv":1,"maps":[],"steps":[{"i":1,"pts":[[-77.51533,-12.792451],[-77.52527,-12.913535],[-77.641464,-12.568398],[-77.77061,-12.7770405],[-77.356865,-12.609219],[-77.30954,-12.7625],[-77.2945,-12.933603]],"t":"Your mission is to defeat Orc-defilers that have come out of Moria and destroy their cauldrons of blight.","kz":{"c":8}}]}