{"n":"A Forest of Threads","lv":100,"maps":["1879316662"],"steps":[{"i":1,"pts":[[-52.6358,-72.27262,"1879316662"],[-52.692722,-72.20316,"1879316662"],[-52.76296,-72.13795,"1879316662"],[-52.642548,-71.90503,"1879316662"],[-52.6825,-71.68345,"1879316662"],[-52.79447,-71.740204,"1879316662"],[-52.831524,-71.553154,"1879316662"],[-52.733738,-71.48234,"1879316662"],[-52.625828,-71.53948,"1879316662"],[-53.016483,-71.54659,"1879316662"],[-52.849697,-71.33874,"1879316662"],[-53.058807,-71.48549,"1879316662"],[-52.98706,-71.23168,"1879316662"],[-52.083942,-72.687546,"1879316662"],[-52.1262,-72.81126,"1879316662"],[-52.12492,-72.42919,"1879316662"],[-52.232742,-72.65385,"1879316662"],[-52.204803,-72.34725,"1879316662"],[-52.654453,-72.28326,"1879316662"],[-53.191902,-71.510796,"1879316662"]],"t":"Spiders infest the woods in the western part of Ringló Vale. Stem the spider infestation in Ringló Vale.","kz":{"c":8}},{"i":3,"pts":[[-51.148907,-73.56864,"1879316662"]],"t":"The beacon of Eilendoth is located south-west of Ethring in Ringló Vale. You should speak with Authest."},{"i":4,"pts":[[56.448124,39.672226]],"t":"Borhador can be found in The Crossing-hall. You should speak with Borhador."}]}