{"n":"Flowers of the Floodplain","lv":150,"maps":[],"steps":[{"i":1,"pts":[[-82.98687,-23.871416],[-82.88082,-24.042734],[-83.12285,-23.799911],[-82.324425,-24.825663],[-82.4734,-24.5271],[-82.121635,-25.165262],[-82.20767,-25.046377],[-82.24568,-24.959463],[-82.65337,-24.31035],[-81.92353,-26.311523],[-81.84601,-26.27453],[-81.55208,-26.192959],[-81.39912,-26.30671],[-81.35635,-26.424795],[-81.227936,-26.545555],[-81.84086,-25.80661],[-81.838776,-25.650898],[-81.925545,-25.356514],[-81.87706,-25.932705],[-81.8087,-25.841015],[-85.19797,-23.301865],[-85.144966,-23.262323],[-84.80051,-23.04751],[-84.80271,-22.988848],[-84.85213,-22.95083]],"t":"Raphûz asked you to make your way along the dry river-bed searching for marsh lilies. He also asked you to collect a vase taken by Ordâkhai bandits at…","kz":{"c":12}},{"i":2,"pts":[[-77.129425,-26.471367]],"t":"Raphûz awaits your return at Wrackwade with the vase, lilies, and news of the bandits' defeat. Return to him at the southern outpost of Ambarûl."}]}