{"n":"Defend the Eastern Guardpost","lv":70,"maps":[],"steps":[{"i":1,"pts":[[-30.101982,-86.8741],[-30.114052,-86.86804],[-30.119473,-86.88303],[-30.025244,-86.63153],[-30.199814,-86.65232],[-30.229902,-86.75841],[-30.024101,-86.497696],[-30.052256,-86.71015],[-30.387402,-86.748726],[-30.107841,-86.20797],[-30.28576,-86.65654],[-30.12911,-86.478615],[-30.305614,-86.19949],[-30.229727,-86.31307],[-30.064053,-86.39304],[-30.036171,-86.491646],[-30.037304,-86.62549],[-30.064325,-86.70411],[-30.211884,-86.64628],[-30.29831,-86.650505],[-30.241972,-86.752365],[-30.399471,-86.74269],[-30.14118,-86.47258],[-30.076122,-86.387],[-30.241787,-86.30703],[-30.317684,-86.19344],[-30.119911,-86.20192],[-30.217304,-86.66127],[-30.069736,-86.71909],[-30.042725,-86.640465],[-30.247381,-86.76734],[-30.30372,-86.66549],[-30.146591,-86.48756],[-30.041582,-86.50664],[-30.081533,-86.40198],[-30.125322,-86.2169],[-30.323095,-86.20843],[-30.247206,-86.32201],[-30.404892,-86.757675],[-30.155731,-85.932144],[-30.048515,-85.78405],[-30.161142,-85.94713],[-30.053934,-85.79904],[-30.143661,-85.938194],[-30.036455,-85.79009],[-29.960321,-86.91228],[-29.898886,-86.828735],[-29.972391,-86.90623],[-29.910955,-86.82269],[-29.916367,-86.83768],[-29.977812,-86.92121],[-29.630371,-86.348915],[-29.850674,-86.67246],[-29.8783,-86.46067],[-29.83961,-86.7597],[-29.877626,-86.32565],[-29.784735,-86.55831],[-29.761581,-86.41117],[-29.85709,-86.76863],[-29.868164,-86.6814],[-29.802216,-86.567245],[-29.796797,-86.55226],[-29.862743,-86.666405],[-29.851679,-86.75365],[-29.64244,-86.34287],[-29.773642,-86.40513],[-29.890371,-86.45463],[-29.889696,-86.31961],[-29.895117,-86.33459],[-29.89579,-86.469604],[-29.779062,-86.420105],[-29.64785,-86.35785]],"t":"Boulders can be found near the roots of the Tree. Guard Cai has asked you to move the boulders near the crebain so the Tree can help you defeat them.","kz":{"c":4}},{"i":2,"pts":[[-29.92079,-86.57871]],"t":"Guard Cai is at the eastern guardpost of the Pristine Glade. The craban-spies are redoubling their efforts. You should speak with Guard Cai again and …"}]}