{"n":"Birds of Prey","lv":53,"maps":[],"steps":[{"i":1,"pts":[[-99.80859,-4.0845017],[-99.653595,-3.9614258],[-99.69064,-3.7849998],[-100.0697,-3.442422],[-100.15392,-3.5565135],[-99.92805,-3.5911229],[-99.31279,-3.9338477],[-99.13757,-3.6466308],[-99.41995,-3.5724902],[-99.599304,-3.3136034],[-99.28906,-3.3886132],[-99.02885,-3.5624511]],"t":"The morroval-camp is located at Skoiruzg, far to the east of the Fanged Pit camp. Gúri asked you to destroy the morroval-perches and defeat several mo…","kz":{"c":6}},{"i":2,"pts":[[-103.326836,-3.43167]],"t":"Gúri is at the Fanged Pit camp, far to the west of Skoiruzg. Gúri will be pleased to hear that the morroval-perches have been destroyed and the approa…"}]}