{"n":"Mission: Respite in Zarkul-sulûn","lv":1,"maps":["1879410433"],"steps":[{"i":1,"pts":[[-18.063408,-101.39463,"1879410433"],[-17.98036,-101.16867,"1879410433"],[-17.988056,-101.24067,"1879410433"],[-17.914022,-101.4923,"1879410433"],[-18.082714,-101.51065,"1879410433"],[-18.15076,-101.36197,"1879410433"],[-17.929735,-101.231834,"1879410433"],[-18.029257,-101.20746,"1879410433"],[-17.946259,-101.37037,"1879410433"],[-18.069883,-101.27904,"1879410433"],[-18.082441,-101.181755,"1879410433"],[-17.922441,-101.188866,"1879410433"]],"t":"Your mission is to raise the spirits of disheartened soldiers of the Gabil'akkâ at Zarkul-sulûn and help them to overcome thoughts of despair.","kz":{"c":8}}]}