{"n":"Skáilag: Spoils of War","lv":135,"maps":["1879420179"],"steps":[{"i":1,"pts":[[-66.02701,50.79965,"1879420179"]]},{"i":2,"pts":[[-66.67494,50.846912,"1879420179"],[-66.158676,50.780586,"1879420179"],[-66.17681,50.569042,"1879420179"],[-66.17803,51.024765,"1879420179"],[-66.62137,50.91078,"1879420179"],[-66.33399,50.7499,"1879420179"],[-66.455444,50.862206,"1879420179"],[-66.296196,50.873554,"1879420179"],[-66.35601,50.959023,"1879420179"],[-66.50473,50.734,"1879420179"],[-66.30842,51.000076,"1879420179"],[-66.4097,50.701912,"1879420179"],[-66.09933,50.788925,"1879420179"],[-66.54844,50.86791,"1879420179"],[-66.53411,50.820663,"1879420179"],[-66.215935,50.780293,"1879420179"],[-66.244354,50.715626,"1879420179"],[-66.38274,50.88623,"1879420179"],[-66.44069,51.004784,"1879420179"],[-66.487724,50.93998,"1879420179"],[-66.36992,51.037674,"1879420179"],[-66.20593,50.88416,"1879420179"]],"t":"Stolen Zhélruka trinkets might be found in coffers within Skáilag in Câr Bronach. Wrought long ago as a burial mound for the Hill-men of Rhudaur, serv…"}]}