{"n":"The Bones of Esgaroth","lv":115,"maps":[],"steps":[{"i":1,"pts":[[-28.900097,14.167695],[-28.792149,14.201103],[-28.731308,14.5194235],[-28.878778,14.108067],[-28.819374,14.277724],[-28.880419,14.310879],[-28.532616,14.440312],[-28.790234,14.33791],[-28.68002,14.3980465],[-28.695166,14.514755],[-28.883934,14.232256]],"t":"You should defeat enemies, recover the stolen supplies, and untie rafts in the ruins of Esgaroth.","kz":{"c":6}},{"i":2,"pts":[[-29.18289,14.719727]],"t":"You should talk to Thorlind, who can be found just outside of Esgaroth-of-old."}]}