{"n":"An Explosive Assault","lv":1,"maps":[],"steps":[{"i":1,"pts":[[-58.139355,-40.80452],[-58.24816,-40.645596],[-57.871307,-40.4337],[-57.800858,-40.59745],[-57.737244,-40.350018]],"t":"Destroy siege weapons and defeat Ordâkhai.","kz":{"c":12}},{"i":2,"pts":[[-57.67587,-40.32986]],"t":"Find and defeat Makóto Dôlo."}]}