{"n":"Eiglinn: Shadows of Sorcery","lv":135,"maps":[],"steps":[{"i":1,"pts":[[-70.94618,49.793083],[-71.11885,49.746502],[-70.576775,49.814842],[-70.326775,49.78246],[-70.075745,49.515995]]}]}