{"n":"Mission: Starve them Out","lv":1,"maps":[],"steps":[{"i":1,"pts":[[-20.419209,-20.18413],[-20.416016,-20.180567],[-19.923632,-19.81998],[-19.987108,-19.981571],[-20.089296,-19.809452],[-19.970303,-19.720781],[-19.859648,-19.734911],[-20.325146,-19.903818],[-20.277685,-19.876268],[-20.347393,-19.68253],[-20.336689,-20.079268],[-20.326445,-20.162354],[-19.81871,-20.142635],[-19.76961,-20.17996],[-19.76787,-20.258427],[-19.819706,-20.259678],[-20.086786,-19.80585],[-19.91994,-19.81498],[-19.969404,-19.717958],[-19.856934,-19.729912],[-19.764608,-20.182724],[-19.76287,-20.257675],[-19.823906,-20.256542],[-19.81461,-20.14246],[-20.336329,-20.079931],[-20.328016,-20.159052],[-20.320147,-19.908047],[-20.277851,-19.877285],[-19.791864,-19.530586],[-20.01082,-19.542831],[-19.96831,-19.438467],[-19.96331,-19.438768],[-20.008623,-19.537832],[-19.794804,-19.528378]]}]}