{"n":"The Scaled Problem","lv":100,"maps":["1879328273"],"steps":[{"i":1,"pts":[[55.015427,51.508965],[54.98535,51.51535],[54.978962,51.489822],[55.008396,51.282303],[54.781696,51.091446],[54.790916,51.11672],[54.587673,50.259277],[54.63463,50.255215],[54.803886,50.274082],[54.89365,50.273106],[55.04406,50.297226],[55.136074,50.256485],[55.069492,50.256794],[55.0166,50.435135],[54.487106,50.100098],[54.481953,49.95861],[54.76336,50.035233],[54.836094,50.030273],[54.657654,50.29578],[54.68625,50.434727],[54.419197,49.923786]],"t":"Cave-lizard nests and Old Stone-tail can be found within the cisterns. You should remove the cave-lizard infestation from the cisterns.","kz":{"c":1}},{"i":2,"pts":[[-19.935469,-64.68774,"1879328273"]],"t":"Rathon can be found outside the cistern entrance on the Fourth Circle of Minas Tirith. You should speak with Rathon."}]}