{"n":"Another Man's Treasure","lv":1,"maps":[],"steps":[{"i":1,"pts":[[-60.56339,-50.932957],[-60.411728,-51.07319],[-60.653584,-51.228104],[-60.648582,-50.995033],[-60.809402,-51.02944],[-60.836308,-50.493866],[-60.84111,-50.63703],[-60.99528,-50.590897],[-60.68658,-50.60591],[-60.59121,-50.687958]],"t":"Defeat zizani and recover stolen treasures in the ponds of Charganpâta.","kz":{"c":8}},{"i":2,"pts":[[-59.92296,-51.154034]],"t":"Search for any sign of the strange man while you recover the final treasure left in Charganpâta.","kz":{"c":1}}]}