{"n":"Warband: Mâthum","lv":80,"maps":[],"steps":[{"i":1,"pts":[[-63.408916,-45.5833],[-63.343487,-45.12671],[-63.457165,-44.440144]]}]}