{"n":"Frost and Iron","lv":132,"maps":[],"steps":[{"i":1,"pts":[[-114.326744,-45.099773],[-114.542534,-45.04477],[-114.264626,-45.15709],[-114.26742,-44.893276],[-113.80999,-45.36268],[-113.96147,-45.265957],[-113.93936,-45.00356],[-113.57902,-44.984924],[-113.395164,-44.794197]],"t":"Sadauk-kala can be found in western Máttugard. You should travel to Sadauk-kala."},{"i":3,"pts":[[-114.326744,-45.099773],[-114.542534,-45.04477],[-114.264626,-45.15709],[-114.26742,-44.893276],[-113.80999,-45.36268],[-113.96147,-45.265957],[-113.93936,-45.00356],[-113.57902,-44.984924],[-113.395164,-44.794197]],"t":"Sadauk-kala can be found in western Máttugard. You should confront the Iron Crown emissary."},{"i":4,"pts":[[-118.17203,-49.06669],[-113.34171,-44.740723],[-69.130875,52.70365],[-113.35962,-44.79937]],"t":"Sadauk-kala can be found in western Máttugard. You should confront the Iron Crown emissary.","kz":{"c":1}},{"i":5,"pts":[[-114.0841,-46.20171]],"t":"Voina can be found at Zidir-nesad, the Steepset, in Máttugard. You should talk to Voina."}]}