{"n":"Mission: Gold Rush","lv":1,"maps":["1879418729"],"steps":[{"i":1,"pts":[[50.000664,54.715977,"1879418729"]],"t":"Enter the vault."},{"i":2,"pts":[[50.098846,54.526657,"1879418729"],[50.168884,54.60535,"1879418729"],[50.101933,54.5766,"1879418729"],[49.90158,54.569023,"1879418729"],[49.831482,54.59451,"1879418729"],[49.898125,54.52703,"1879418729"],[50.00287,54.278008,"1879418729"],[49.9991,54.414238,"1879418729"],[49.99992,54.368572,"1879418729"],[50.098183,54.20289,"1879418729"],[50.180897,54.099434,"1879418729"],[50.228886,54.101444,"1879418729"],[50.305115,54.03129,"1879418729"],[50.2992,54.129707,"1879418729"],[50.30082,54.228924,"1879418729"],[50.29453,54.26838,"1879418729"],[50.22822,54.1991,"1879418729"],[50.18375,54.19875,"1879418729"],[49.92291,54.198124,"1879418729"],[49.820175,54.20109,"1879418729"],[49.768963,54.19902,"1879418729"],[49.696014,54.212734,"1879418729"],[49.694607,54.268417,"1879418729"],[49.701893,54.171795,"1879418729"],[49.70113,54.070194,"1879418729"],[49.705975,54.031895,"1879418729"],[49.76908,54.100117,"1879418729"],[49.81705,54.101345,"1879418729"],[50.00033,54.018555,"1879418729"],[50.028984,53.90115,"1879418729"],[50.099842,53.879883,"1879418729"],[50.100506,53.774685,"1879418729"],[50.1282,53.8016,"1879418729"],[50.105232,53.731113,"1879418729"],[50.168865,53.805134,"1879418729"],[50.01627,53.800938,"1879418729"],[49.969177,53.79883,"1879418729"],[49.90125,53.770996,"1879418729"],[49.870975,53.80164,"1879418729"],[49.831444,53.794903,"1879418729"],[49.90533,53.731483,"1879418729"],[49.900154,53.87621,"1879418729"],[50.21609,54.622128,"1879418729"],[50.22744,54.571716,"1879418729"],[49.78371,54.579666,"1879418729"],[49.771484,54.628376,"1879418729"],[50.27961,54.31619,"1879418729"],[50.328457,54.330837,"1879418729"],[50.321465,53.983887,"1879418729"],[50.27119,53.96949,"1879418729"],[49.72133,53.98369,"1879418729"],[49.67123,53.97133,"1879418729"],[49.678555,54.3157,"1879418729"],[49.728085,54.33074,"1879418729"],[50.21574,53.82121,"1879418729"],[50.229317,53.773632,"1879418729"],[50.120174,53.683807,"1879418729"],[50.07205,53.670235,"1879418729"],[49.9215,53.683945,"1879418729"],[49.872383,53.67029,"1879418729"],[49.783672,53.777596,"1879418729"],[49.76967,53.830135,"1879418729"],[50.099472,54.46373,"1879418729"],[49.89902,54.46631,"1879418729"],[50.02365,54.147793,"1879418729"],[49.9008,53.934177,"1879418729"],[50.100544,54.63496,"1879418729"],[49.900505,54.635838,"1879418729"],[49.982597,54.16916,"1879418729"],[50.100624,53.933807,"1879418729"]],"t":"Collect the treasure and exit the vault before it closes shut!"}]}