{"n":"Poisonous Wilds","lv":123,"maps":[],"steps":[{"i":1,"pts":[[-0.13333984,-65.28155],[0.58734375,-65.04618],[2.7863183,-65.24084],[2.701494,-64.63621],[3.1379395,-64.7884],[3.3941796,-65.02275],[3.5898438,-64.70581],[2.9432225,-64.694405],[3.4013379,-63.703167],[4.1459665,-66.03675],[4.228076,-65.41683],[4.286963,-64.50516],[3.6651073,-64.586464],[4.419043,-65.88122],[5.01165,-65.59747],[4.8742285,-65.752594],[5.076621,-65.81092],[4.647627,-65.68898],[5.187285,-65.45706],[4.9062595,-64.49066],[5.3868165,-65.374146],[5.3277636,-64.421974],[5.4306054,-63.873005],[5.820576,-63.62307]],"t":"Noisome fungus and poison mushrooms can be found in Rath Dúath. You should burn noisome fungus and destroy poison mushrooms in Rath Dúath.","kz":{"c":4}}]}