{"n":"Harvesting the Pipe-weed","lv":30,"maps":[],"steps":[{"i":1,"pts":[[-69.61061,-23.056318],[-69.616516,-23.12204],[-69.56853,-23.073809],[-69.52349,-23.057674],[-69.503586,-23.10283],[-69.53575,-23.14046],[-69.63075,-23.279629],[-69.61518,-23.250235],[-69.6402,-23.20539],[-69.61524,-23.182217],[-69.56126,-23.270517],[-69.51369,-23.276543],[-69.50448,-23.202694],[-69.560715,-23.187801]],"t":"The pipe-weed and crows can be found around the fields of the Northcotton Farm. Blossom Gamgee asked you to pick some pipe-weed and drive off the crow…","kz":{"c":6}},{"i":2,"pts":[[-69.7532,-23.140694]],"t":"Blossom Gamgee is at the Pipe-weed House on the Northcotton Farm. Blossom Gamgee will want to see the pipe-weed you picked."}]}