{"n":"Feast Preparation - Vegetables","lv":0,"maps":["1879147410"],"steps":[{"i":2,"pts":[[51.54461,46.635235],[-2.0982518,-64.65081,"1879147410"]]}]}