{"n":"Tier 03: Delving Zircon","lv":0,"maps":["1879048557","1879184735","1879184736","1879184737","1879189787","1879189788","1879190613","1879190614","1879190615","1879230185","1879256517","1879260472","1879265722","1879309753","1879335466","1879364719","1879387104","1879387105","1879388397","1879388563","1879388665","1879405406","1879409231","1879409232","1879409237","1879409239","1879409240","1879409241","1879409242","1879409710","1879475844","1879492518","1879502183","1879502339","1879513794","1879513797","1879513798","1879514672","1879516527","1879516598","1879517913","1879518099"],"steps":[{"i":1,"pts":[[-95.45762,-26.298203,"1879048557"],[-92.486404,-21.459307,"1879048557"],[-73.50686,-27.868643,"1879189788"],[-66.095825,-27.931698,"1879189788"],[-56.866688,-47.299305,"1879409241"],[-55.52668,-31.150137,"1879387104"],[-54.231873,-41.89902,"1879409241"],[-54.519978,-21.104883,"1879189787"],[-53.29035,-53.830902,"1879409241"],[-53.88988,-53.463005,"1879409241"],[-50.293396,-43.398876,"1879409241"],[-50.43122,-40.021698,"1879409241"],[-45.233143,-42.133682,"1879409241"],[-44.83282,-49.93129,"1879409241"],[-41.270935,-45.119827,"1879409241"],[-41.588203,-44.818665,"1879409241"],[-41.82332,-45.085144,"1879409241"],[-41.03118,-45.16371,"1879409241"],[-39.648975,-57.122757,"1879409241"],[-39.97426,-45.08367,"1879409241"],[-39.500008,-57.012287,"1879409241"],[-39.30192,-56.586605,"1879409241"],[-39.53115,-44.78437,"1879409241"],[-37.539288,-56.147907,"1879409241"],[-36.97779,-55.707996,"1879409241"],[-36.471844,-42.344276,"1879409241"],[-33.3858,-61.28833,"1879409240"],[-33.20915,-61.269398,"1879409240"],[-32.075546,-46.83153,"1879409241"],[-31.501503,-48.911835,"1879409241"],[-31.435556,-41.07706,"1879409241"],[-29.303095,-60.23679,"1879409240"],[-29.298603,-59.955654,"1879409240"],[-28.678837,-64.85534,"1879409240"],[-28.779785,-60.247337,"1879409240"],[-28.944696,-45.033504,"1879409241"],[-25.828457,-62.135345,"1879409240"],[-25.273172,-51.693386,"1879409240"],[-24.017666,-61.5359,"1879409240"],[-23.729462,-49.030434,"1879409240"],[-22.554735,-59.956196,"1879409240"],[-21.715145,-60.117413,"1879409240"],[-21.949823,-57.12758,"1879409240"],[-21.628769,-56.55086,"1879409240"],[-21.912558,-53.32386,"1879409240"],[-21.94044,-53.75159,"1879409240"],[-19.12669,-45.49273,"1879409240"],[-19.174873,-45.548237,"1879409240"],[54.209393,-62.395195],[-136.4378,23.01372,"1879405406"],[-136.54878,24.437675,"1879405406"],[-136.36555,31.69577,"1879409231"],[-136.35571,31.695547,"1879409231"],[-135.16978,23.082333,"1879405406"],[-68.06961,1.5752343,"1879409232"],[-64.95995,9.843691,"1879409232"],[-64.95314,9.856513,"1879409232"],[-62.578533,-5.842627,"1879409232"],[-62.58199,-5.798135,"1879409232"],[-62.40948,33.41752,"1879409239"],[-62.42373,33.4246,"1879409239"],[-62.39792,33.413387,"1879409239"],[-62.911266,33.997578],[-62.910976,33.993008],[-62.13439,34.604404,"1879409239"],[-61.85326,11.052861,"1879409232"],[-61.83948,11.079687,"1879409232"],[-59.38655,19.476513,"1879409237"],[-58.750946,34.843613,"1879409239"],[-58.75415,34.843956,"1879409239"],[-58.762733,34.84578,"1879409239"],[-57.54076,8.587587,"1879409232"],[-56.061375,25.294062,"1879409237"],[-56.05994,25.317001,"1879409237"],[-55.821003,31.955702,"1879409237"],[-55.793797,31.92617,"1879409237"],[-53.97081,38.094246,"1879388665"],[-50.575478,34.406326,"1879388665"],[-50.57871,34.459473,"1879388665"],[-49.917187,30.59495,"1879388665"],[-49.916054,30.613983,"1879388665"],[-47.924286,37.888847,"1879388665"],[-47.94383,37.897625,"1879388665"],[-47.5416,35.879757,"1879388665"],[-46.55823,34.954803,"1879388665"],[-43.850292,39.488243,"1879388665"],[-43.689148,39.309227,"1879388665"],[-43.813614,39.4842,"1879388665"],[-43.687744,39.341892,"1879388665"],[-39.499218,35.08663,"1879388665"],[-39.501415,35.14828,"1879388665"],[43.885273,-61.012596],[43.882774,-61.044487],[47.565876,72.38891],[47.57074,72.408516],[47.570583,72.403336],[47.471287,74.1173],[47.471775,74.09807],[47.472927,74.10006],[47.584824,75.54906],[47.60119,75.54623],[47.5883,75.54904],[48.983574,72.384026],[48.98234,72.40377],[48.98209,72.39957],[49.141716,73.98355],[49.147224,74.019455],[49.146442,74.01187],[49.145702,75.5859],[49.145527,75.60699],[49.145428,75.614845],[51.83629,37.501095],[53.343964,34.216892],[53.359608,34.217247],[52.624588,33.07211],[52.6249,33.100136],[53.3108,37.19031],[53.211094,44.010136],[53.150078,45.04824],[-144.12871,50.117752],[-144.92787,51.88801],[-144.43216,66.01537],[-135.34467,2.8856835,"1879409242"],[-131.43234,-1.116084,"1879409242"],[-128.6141,-3.9880176,"1879409242"],[-128.50598,-0.9678613,"1879409242"],[-127.30884,-6.855322,"1879409242"],[-121.8723,-11.05794,"1879409242"],[-113.87707,-22.558876,"1879409710"],[-112.713066,-18.932674,"1879409710"],[-109.270386,-19.493877,"1879409710"],[-91.18779,-49.36184,"1879513794"],[-89.41157,-18.088457,"1879475844"],[-85.53342,-36.99243,"1879502183"],[-85.83758,-22.465311,"1879475844"],[-84.46781,-25.336348,"1879475844"],[-85.18324,-24.222626,"1879475844"],[-79.841576,-22.656748,"1879475844"],[-79.24117,-62.57115,"1879513797"],[-79.4902,-31.502354,"1879502183"],[-79.28075,-28.85375,"1879475844"],[-78.33677,-17.801132,"1879475844"],[-77.35672,-56.22991,"1879513797"],[-77.63099,-27.490702,"1879475844"],[-76.47717,-34.29923,"1879502183"],[-76.49478,-34.49619,"1879502183"],[-76.23821,-39.638035,"1879502183"],[-75.26833,-39.09211,"1879502183"],[-73.05947,-60.087807,"1879513797"],[-72.41968,-26.134462,"1879475844"],[-71.19675,-20.985674,"1879502339"],[-68.613014,-38.648876,"1879492518"],[-67.3944,-15.685752,"1879502339"],[-66.563866,-56.58882,"1879513797"],[-66.70903,-34.077393,"1879492518"],[-65.679955,-36.723114,"1879492518"],[-63.51912,-40.31719,"1879492518"],[-63.162373,-27.40245,"1879502339"],[-63.10045,-25.739393,"1879502339"],[-61.90869,-50.08741,"1879513798"],[-61.84573,-38.434864,"1879492518"],[-61.112576,-53.282635,"1879513798"],[-60.695896,-34.29744,"1879492518"],[-58.714363,-41.126328,"1879492518"],[-58.40861,-24.010244,"1879502339"],[-57.75455,-42.972717,"1879492518"],[-57.92383,-35.168076,"1879492518"],[-57.493942,-20.069082,"1879502339"],[-58.202343,-17.985195],[-56.353416,-38.69327,"1879492518"],[-55.638027,-15.249551,"1879502339"],[-54.961533,-54.438004,"1879513798"],[-53.251335,-53.783493,"1879513798"],[-53.13163,-17.32537,"1879502339"],[-50.98159,-24.53372,"1879502339"],[-50.08749,-51.15261,"1879516527"],[-47.47365,-36.35753,"1879516527"],[-46.104073,-42.061474,"1879516527"],[-43.697693,-40.806416,"1879516527"],[-42.572002,-48.260628,"1879516527"],[-41.62279,-48.8231,"1879516527"],[-40.439854,-42.369724,"1879516527"],[-38.240517,-39.682167,"1879516527"],[-34.37113,-46.931942,"1879516527"],[52.410545,64.090935],[50.853962,65.92632],[52.925896,68.44334],[52.926113,68.462265],[54.02084,36.644783],[54.228886,39.58246],[54.22943,39.55914],[53.825916,41.247032],[53.826874,41.21992],[54.006405,50.393005]],"t":"You must place a delving zircon into the fissure in the delving stone. This will unlock the potency trapped within the gemstone and unleash it upon th…"},{"i":2,