{"n":"A Warg Among Wolves","lv":5,"maps":[],"steps":[{"i":1,"pts":[[-33.464825,-61.55375]],"t":"There is a Warg at Howlingstones. Find and defeat the Warg."},{"i":2,"pts":[[-33.425293,-61.550808],[-33.4178,-61.589287],[-33.424824,-61.645428],[-33.445908,-61.71664],[-33.451736,-61.736126],[-33.454666,-61.762775],[-33.448475,-61.802586],[-33.398,-61.800354],[-33.346336,-61.78744],[-33.296368,-61.729954],[-33.418545,-61.6203],[-33.29613,-61.73045]],"t":"Track the Warg deeper into the Howlingstones"},{"i":3,"pts":[[-33.28947,-61.725883]],"kz":{"c":1}},{"i":4,"pts":[[-34.159874,-60.653564]],"t":"Cledd can be found near the eastern gate of Mossward. Talk to Cledd."}]}