{"n":"Evil's Uses","lv":159,"maps":[],"steps":[{"i":1,"pts":[[-31.959335,-34.830536],[-31.953379,-34.94282],[-31.883095,-34.87415],[-31.855225,-34.979218],[-32.013454,-34.87405],[-32.214806,-34.571228],[-32.313965,-34.74088],[-32.354366,-34.601524]],"t":"Cúridwan has identified some locations outside Starkhaven where the blight has crept into Sûg Nidar, along with some creatures from Adagím.","kz":{"c":8}},{"i":2,"pts":[[-32.44756,-34.33957],[-31.959335,-34.830536],[-31.953379,-34.94282],[-31.883095,-34.87415],[-31.855225,-34.979218],[-32.013454,-34.87405],[-32.214806,-34.571228],[-32.313965,-34.74088],[-32.354366,-34.601524]],"t":"Cúridwan is outside the blighted vale located outside the eastern entrance to Starkhaven, in Sûg Nidar."}]}