{"n":"Drúkala: Fire in the Deeps","lv":137,"maps":[],"steps":[{"i":1,"pts":[[-121.31672,-50.22208],[-121.466385,-50.1152],[-121.53453,-49.92877],[-121.154724,-50.302963],[-120.968544,-50.43517]],"t":"Goblin sapper-bombs can be found at Drúkala. Goblin-sappers can be found at Drúkala and roaming within Gloomingtarn. After discovering the destructive…"},{"i":2,"pts":[[-121.272064,-50.084213],[-121.49364,-50.08233],[-121.330414,-50.019062],[-121.28263,-50.283592],[-121.35066,-49.978622],[-121.58277,-49.946953],[-121.6045,-49.983036],[-121.13581,-50.176777],[-121.174194,-50.30516],[-121.067474,-50.205166]],"t":"Goblin sapper-bombs can be found at Drúkala. Goblin-sappers can be found at Drúkala and roaming within Gloomingtarn. After discovering the destructive…","kz":{"c":8}}]}