{"n":"Fires of Isengard","lv":91,"maps":[],"steps":[{"i":1,"pts":[[-74.30643,-50.439407],[-74.326935,-49.752586],[-74.49787,-49.080276],[-74.256035,-48.261635],[-74.6564,-47.194107],[-74.51119,-46.245766],[-74.44335,-45.662968],[-74.332436,-44.263447],[-73.54114,-51.042305],[-73.6982,-50.307896],[-73.49297,-49.841927],[-73.311676,-48.84978],[-73.37829,-48.066254],[-73.79859,-47.349545],[-73.4673,-46.737602],[-73.312675,-44.176563],[-72.91717,-51.332565],[-72.73568,-50.654964],[-72.984184,-49.795036],[-72.59773,-48.823284],[-72.692314,-48.042763],[-72.60916,-47.110584],[-72.73256,-46.701122],[-71.96425,-51.906464],[-71.6281,-51.352715],[-72.1344,-50.551014],[-71.79064,-49.819614],[-71.724304,-49.09879],[-71.778076,-48.150806],[-71.88334,-47.345013],[-71.73361,-46.125034],[-71.36223,-51.804092],[-71.44411,-51.11543],[-71.55505,-50.35919],[-71.50728,-49.88528],[-71.15471,-49.08617],[-71.32995,-47.288406],[-73.255424,-49.773064],[-73.39903,-49.519676],[-73.79362,-49.63175],[-73.27189,-49.301586],[-73.34846,-49.82734],[-73.8701,-49.801548],[-73.28068,-49.25942],[-73.68144,-49.514038],[-73.501686,-49.64397],[-73.48527,-49.70586],[-73.6218,-49.346817],[-73.33331,-49.47341],[-73.575874,-49.36912],[-73.543724,-47.922623],[-73.48772,-48.15508],[-73.729095,-48.22006],[-73.88629,-47.714775],[-73.74136,-48.130302],[-73.29345,-47.706524],[-73.69625,-48.30002],[-73.554825,-48.07694],[-73.58686,-48.135296],[-73.85703,-47.932987],[-73.52382,-47.837963],[-73.6981,-47.79668],[-73.23172,-47.91215],[-73.07802,-49.778896],[-72.75518,-49.33037],[-72.56954,-49.760765],[-72.7104,-49.470253],[-73.08325,-49.20341],[-73.12662,-49.559383],[-72.927414,-49.619358],[-72.46285,-49.487816],[-73.076324,-49.735035],[-73.08785,-49.45124],[-72.83358,-49.24998],[-72.70333,-49.262905],[-72.91991,-49.477314],[-72.9306,-49.017445],[-72.77743,-48.9292],[-72.52286,-48.82228],[-72.4861,-49.042503],[-72.740486,-48.7239],[-72.89829,-48.600155],[-72.90752,-48.40488],[-72.828384,-48.44945],[-72.94191,-48.930183],[-72.489426,-48.509407],[-72.75765,-48.877712],[-72.63112,-48.883724],[-73.0285,-48.428036],[-72.47412,-48.351875],[-72.961105,-48.271576],[-72.584816,-47.835213],[-72.53013,-48.022583],[-72.95274,-47.754993],[-72.57573,-48.139637],[-72.82641,-48.11332],[-72.77825,-48.367493],[-72.52132,-48.097],[-73.046295,-47.964798],[-73.008125,-47.748558],[-72.91476,-47.964825],[-72.655396,-47.954906],[-72.10487,-48.073982],[-72.112076,-48.218155],[-71.717804,-48.38474],[-72.22594,-47.8286],[-71.84574,-48.21091],[-72.20638,-48.14919],[-71.6914,-48.121983],[-72.31417,-47.96356],[-71.79996,-48.095814],[-72.364494,-48.004444],[-71.73815,-48.09074],[-71.800644,-48.024124],[-72.09804,-48.275814],[-71.299805,-48.778255],[-71.402214,-48.961147],[-71.07454,-48.487587],[-70.95083,-48.72139],[-71.10372,-48.98708],[-71.44369,-49.082134],[-71.00442,-48.899868],[-71.30327,-48.876003],[-71.5746,-48.795643],[-71.32321,-49.021015],[-71.303246,-49.080223],[-70.98978,-48.548565],[-71.00298,-48.833534],[-70.85082,-48.246136],[-71.07432,-48.062103],[-71.53972,-48.01613],[-71.10431,-48.30788],[-71.031555,-48.19466],[-71.28643,-48.389267],[-70.93299,-48.381874],[-71.16793,-48.059464],[-71.30718,-48.17142],[-70.91069,-48.26585],[-71.18799,-47.93954],[-70.89261,-48.02579],[-71.27869,-48.07073]],"t":"Warg-riders from Isengard ride to and fro throughout the Broadacres, burning the fields as they go. You should defeat as many of the Warg-rider defile…"}]}