{"n":"Tumbled Supplies","lv":45,"maps":[],"steps":[{"i":1,"pts":[[-60.96249,-21.747246],[-60.826923,-21.64495],[-60.66533,-21.642216],[-60.608223,-21.538788],[-60.438046,-21.415869],[-60.420887,-21.27417],[-60.42204,-21.18706],[-60.409374,-21.096338],[-60.56864,-21.131914],[-60.349285,-21.12419],[-60.144627,-21.094667],[-60.083904,-21.089638],[-60.012783,-21.050528],[-60.07984,-20.988604],[-60.171455,-20.937168]],"t":"The brigands and their leader took off up the road east of Trader's Wharf in the Wildwood. You should follow the trail of stolen supplies and deal wit…","kz":{"c":8}},{"i":2,"pts":[[-60.084793,-20.863789]],"t":"Minda is on a hill near her broken waggon, in the eastern Wildwood. You should talk to Minda Heathertoes."}]}