{"n":"The Missing Scouts","lv":130,"maps":["1879409238","1879409710"],"steps":[{"i":1,"pts":[[-63.09571,34.339687,"1879409238"]],"t":"The scouting party was last seen somewhere in central Elderslade. You should search for any signs of the scouting party."},{"i":2,"pts":[[-63.084587,34.35087,"1879409238"],[-63.08366,34.337498,"1879409238"],[-63.0888,34.3433,"1879409238"],[-63.080116,34.368835,"1879409238"],[-63.052586,34.420662,"1879409238"],[-62.984287,34.469227,"1879409238"],[-62.896122,34.551853,"1879409238"],[-62.80736,34.64915,"1879409238"],[-62.842354,34.003407],[-62.64993,34.067947],[-62.782753,34.15701],[-62.04739,34.27826,"1879409238"],[-62.053406,34.273262,"1879409238"],[-62.15321,34.424236,"1879409238"],[-62.202938,34.501465,"1879409238"],[-62.30073,34.572216,"1879409238"],[-62.420994,34.64616,"1879409238"],[-62.53575,34.614952,"1879409238"],[-62.636944,34.624275,"1879409238"],[-62.680565,34.65195,"1879409238"]],"t":"The scouting party was last seen somewhere in central Elderslade. You should examine the blood."},{"i":3,"pts":[[-62.803356,34.043133],[-62.8075,34.00952],[-61.88612,34.286114,"1879409238"],[-63.084587,34.35087,"1879409238"],[-63.08366,34.337498,"1879409238"],[-63.0888,34.3433,"1879409238"],[-63.080116,34.368835,"1879409238"],[-63.052586,34.420662,"1879409238"],[-62.984287,34.469227,"1879409238"],[-62.896122,34.551853,"1879409238"],[-62.80736,34.64915,"1879409238"],[-62.842354,34.003407],[-62.64993,34.067947],[-62.782753,34.15701],[-62.04739,34.27826,"1879409238"],[-62.053406,34.273262,"1879409238"],[-62.15321,34.424236,"1879409238"],[-62.202938,34.501465,"1879409238"],[-62.30073,34.572216,"1879409238"],[-62.420994,34.64616,"1879409238"],[-62.53575,34.614952,"1879409238"],[-62.636944,34.624275,"1879409238"],[-62.680565,34.65195,"1879409238"]],"t":"The scouting party was last seen somewhere in central Elderslade. You should follow the trail of blood."},{"i":4,"pts":[[-62.780964,33.971054],[-63.084587,34.35087,"1879409238"],[-63.08366,34.337498,"1879409238"],[-63.0888,34.3433,"1879409238"],[-63.080116,34.368835,"1879409238"],[-63.052586,34.420662,"1879409238"],[-62.984287,34.469227,"1879409238"],[-62.896122,34.551853,"1879409238"],[-62.80736,34.64915,"1879409238"],[-62.842354,34.003407],[-62.64993,34.067947],[-62.782753,34.15701],[-62.04739,34.27826,"1879409238"],[-62.053406,34.273262,"1879409238"],[-62.15321,34.424236,"1879409238"],[-62.202938,34.501465,"1879409238"],[-62.30073,34.572216,"1879409238"],[-62.420994,34.64616,"1879409238"],[-62.53575,34.614952,"1879409238"],[-62.636944,34.624275,"1879409238"],[-62.680565,34.65195,"1879409238"]],"t":"Shakal-atrâd can be found in central Elderslade. You should find who ever is responsible for killing the members of the scouting party."},{"i":6,"pts":[[47.582577,68.92576,"1879409710"]],"t":"Lóssi can be found at Annâk-khurfu. You should report back to Lóssi."}]}