{"n":"Thaurisgar: Noxious Cleansing","lv":140,"maps":["1879459099"],"steps":[{"i":1,"pts":[[45.197968,76.490135],[45.108356,76.356544],[45.112576,76.6574],[45.006737,76.57959],[44.8133,76.4584],[44.91625,76.561035],[44.85334,76.309044],[45.160564,76.36398],[45.244453,76.53586],[45.24654,76.319725],[44.99336,76.639626],[45.109276,76.71209]],"t":"Torvendor has asked you to cleanse Thaurisgar of vile remnants. Thaurisgar, the Vile Apothecary is in Carn Dûm.","kz":{"c":12}},{"i":2,"pts":[[-27.873222,70.35115,"1879459099"]],"t":"You have put down as many foul creatures as you could within the Thaurisgar. Torvendor should be informed immediately. Torvendor is located at Bail Av…"}]}