{"n":"Mur Shatraug: Dour Hands, Iron Crowns","lv":135,"maps":[],"steps":[{"i":1,"pts":[[-70.63012,48.152676],[-70.63012,48.3274]]},{"i":2,"pts":[[-70.808815,48.11332],[-70.808815,48.213886],[-70.808815,48.31451],[-71.035446,48.213886],[-71.035446,48.314434],[-70.68385,47.952343],[-70.58906,47.952343],[-70.46904,48.11332],[-70.46679,48.21316],[-70.46904,48.31455],[-70.23972,48.21408],[-70.23972,48.314392],[-70.835655,48.497402],[-71.02682,48.497402],[-70.59024,48.046326],[-70.67722,48.046326],[-70.68371,47.838963],[-70.58376,47.838963],[-70.266136,48.497402],[-70.45774,48.497402]],"t":"Dourhand banners and standards of the Iron Crown can be found at Mur Shatraug. Encamped at Mur Shatraug, the Witch-gate, the Dourhands loyal to the Ir…"}]}