{"n":"Quieting West of Derndingle","lv":95,"maps":[],"steps":[{"i":1,"pts":[[-81.886665,-41.041122],[-81.8393,-40.871376],[-81.890396,-40.71214],[-81.82096,-40.52784],[-81.48196,-40.627556],[-81.321465,-40.672295],[-81.34807,-40.90863],[-81.55458,-40.805996],[-81.57725,-41.050407],[-81.360794,-41.083984],[-81.116325,-40.639442],[-80.94892,-40.523243],[-80.66303,-40.52494],[-80.54916,-40.686306],[-80.806816,-40.745594],[-81.002174,-40.86791],[-81.0928,-41.00414],[-80.975845,-41.07586],[-81.07212,-41.13466],[-80.764786,-40.94964],[-80.570625,-41.035614],[-80.455315,-40.896973],[-80.58339,-40.790535],[-81.6,-40.8],[-80.799995,-40.8],[-81.6,-40.8],[-80.799995,-40.8]],"t":"Quickbeam has asked you to quiet the forest west of Derndingle.","kz":{"c":10}},{"i":2,"pts":[[-79.12934,-42.068123]],"t":"Quickbeam is at Derndingle in south-east Fangorn."}]}