{"n":"Daily: An Even Stickier Harvest","lv":160,"maps":[],"steps":[{"i":1,"pts":[[-55.68464,-53.76291],[-55.772324,-53.78431],[-55.730164,-53.8486],[-55.775185,-53.68737],[-56.005283,-53.586163],[-55.982292,-53.45752],[-56.02541,-53.402557],[-56.127724,-53.366512],[-56.23544,-53.540096],[-56.22695,-53.41398]],"t":"Kighân's recovery requires not only the sword, but also the plowshare. Assist the people by attending to more mundane efforts across the land. Harvest…","kz":{"c":12}},{"i":2,"pts":[[-143.3787,-102.34115],[-63.46659,-62.274643]],"t":"Kighân's recovery requires not only the sword, but also the plowshare. Assist the people by attending to more mundane efforts across the land. Deliver…"}]}