{"n":"Mission: Locked Down","lv":1,"maps":["1879413346"],"steps":[{"i":1,"pts":[[-61.42838,-21.326952],[-60.971043,-23.597744],[-59.607674,-22.194374],[-57.16491,-20.031952],[-56.09616,-23.08373],[-54.51294,-17.649033,"1879413346"],[-53.898476,-17.679033,"1879413346"],[53.34857,-14.473661],[52.84078,-14.465547],[53.13242,-15.088096]],"t":"Use the summoning horn at the beginning of the tunnel to summon Radhril to your side."},{"i":2,"pts":[[-61.42838,-21.326952],[-60.971043,-23.597744],[-59.607674,-22.194374],[-57.16491,-20.031952],[-56.09616,-23.08373],[-54.51294,-17.649033,"1879413346"],[-53.898476,-17.679033,"1879413346"],[53.34857,-14.473661],[52.84078,-14.465547],[53.13242,-15.088096]],"t":"You should talk to Radhril. &lt;rgb=#FF0000&gt;If Radhril is missing, and the Call Radhril skill is not available, try using the /pet release command.…"},{"i":3,"pts":[[53.42252,-15.124296],[53.467224,-15.105225],[53.427773,-15.094794],[53.458748,-15.190234],[53.460407,-15.095566],[53.342304,-14.698886],[53.29836,-14.803994],[53.46375,-14.832919],[53.239647,-14.913554],[53.286053,-15.102968],[53.424374,-15.100146],[53.239628,-14.848926],[53.457382,-14.780468],[53.353165,-14.779111],[53.367733,-14.65787],[53.278572,-15.225859],[53.476425,-15.174365],[53.261856,-15.222578],[53.26254,-14.995967],[53.234783,-15.116338],[-61.42838,-21.326952],[-60.971043,-23.597744],[-59.607674,-22.194374],[-57.16491,-20.031952],[-56.09616,-23.08373],[-54.51294,-17.649033,"1879413346"],[-53.898476,-17.679033,"1879413346"],[53.34857,-14.473661],[52.84078,-14.465547],[53.13242,-15.088096]],"t":"You should retrieve stolen supplies and find a way to unlock the barricades. &lt;rgb=#FF0000&gt;If Radhril is missing, and the Call Radhril skill is n…"},{"i":4,"pts":[[-61.42838,-21.326952],[-60.971043,-23.597744],[-59.607674,-22.194374],[-57.16491,-20.031952],[-56.09616,-23.08373],[-54.51294,-17.649033,"1879413346"],[-53.898476,-17.679033,"1879413346"],[53.34857,-14.473661],[52.84078,-14.465547],[53.13242,-15.088096]],"t":"You should defeat the ruffian captain. &lt;rgb=#FF0000&gt;If Radhril is missing, and the Call Radhril skill is not available, try using the /pet relea…","kz":{"c":1}}]}