{"n":"Escape from the Palace","lv":1,"maps":["1879516598","1879518099"],"steps":[{"i":1,"pts":[[-143.45091,-102.391464],[54.123104,39.266376,"1879516598"],[54.12244,39.282158,"1879516598"],[54.085682,39.26621,"1879516598"],[54.087147,39.155136,"1879516598"],[54.182266,39.17823,"1879516598"]],"t":"Defeat Ordâkhai guards and free the Zajâni noble prisoners in the Hall of Lajór.","kz":{"c":8}},{"i":2,"pts":[[54.81168,38.7344,"1879516598"]],"t":"Find the final Zajâni noble prisoner in the Hall of Lajór."},{"i":4,"pts":[[-143.43434,-102.38935],[-143.19572,49.52701,"1879518099"],[-143.1898,49.566933,"1879518099"],[-143.14706,49.540077,"1879518099"],[-143.13255,49.504177,"1879518099"],[-143.16098,49.582733,"1879518099"],[-143.1763,49.492596,"1879518099"],[54.816933,38.789608,"1879516598"],[54.810722,38.76381,"1879516598"]],"t":"Free the final Zajâni noble prisoner in the Hall of Lajór."}]}