{"n":"Book 8, Chapter 2: Troubles at Floodwend","lv":77,"maps":[],"steps":[{"i":1,"pts":[[-48.425194,-45.397846]],"t":"Floodwend is south-east of Harwick, along the road. You have agreed to ride to the defence of Floodwend."},{"i":2,"pts":[[-46.257988,-46.18494],[-46.31613,-46.171185],[-46.424297,-46.228447],[-46.44955,-46.32844],[-46.345966,-46.414314],[-46.28371,-46.53593],[-46.138096,-46.69627],[-46.211815,-46.22805]],"t":"Easterlings are crossing into the Wold south of the rapids of Sarn Gebir, and you need to defeat them and gather their scattered belongings.","kz":{"c":5}},{"i":3,"pts":[[-48.425194,-45.397846],[-46.257988,-46.18494],[-46.31613,-46.171185],[-46.424297,-46.228447],[-46.44955,-46.32844],[-46.345966,-46.414314],[-46.28371,-46.53593],[-46.138096,-46.69627],[-46.211815,-46.22805]],"t":"Goldlac is at the entrance to Floodwend, in the Wold. You have defeated Easterlings and collected their salvaged supplies, and should return now to Go…"},{"i":4,"pts":[[-48.43661,-45.396244]],"t":"Corudan is by the entrance to Floodwend. Corudan wants to speak with you about the bow that Elfsige took from a dead Orc near Floodwend."}]}