{"n":"Mission: Brooding in the Depths","lv":1,"maps":["1879413346","1879413347"],"steps":[{"i":1,"pts":[[-61.42838,-21.326952,"1879413347"],[-60.971043,-23.597744],[-59.607674,-22.194374],[-57.16491,-20.031952],[-56.09616,-23.08373],[-54.51294,-17.649033,"1879413346"],[-53.898476,-17.679033,"1879413346"],[53.34857,-14.473661],[52.84078,-14.465547],[53.13242,-15.088096]],"t":"Use the summoning horn at the beginning of the tunnel to summon Radhril to your side."},{"i":2,"pts":[[-61.42838,-21.326952,"1879413347"],[-60.971043,-23.597744],[-59.607674,-22.194374],[-57.16491,-20.031952],[-56.09616,-23.08373],[-54.51294,-17.649033,"1879413346"],[-53.898476,-17.679033,"1879413346"],[53.34857,-14.473661],[52.84078,-14.465547],[53.13242,-15.088096]],"t":"You should talk to Radhril. &lt;rgb=#FF0000&gt;If Radhril is missing, and the Call Radhril skill is not available, try using the /pet release command.…"},{"i":3,"pts":[[53.02074,-15.091484],[53.20545,-15.096581],[53.25959,-15.169169],[53.364277,-14.693007],[53.14418,-14.686406],[53.18082,-15.232256],[53.214745,-15.276064],[53.24277,-14.589257],[53.280056,-14.3136425],[53.04883,-15.179248],[53.061092,-15.136826],[53.04951,-15.226377],[53.28584,-14.381992],[53.123455,-15.363037],[52.989296,-14.78956],[53.46293,-14.769082],[53.44113,-14.844287],[53.06035,-14.750878],[53.037617,-14.833369],[53.51078,-14.811669],[53.224686,-14.846758],[53.35494,-14.6110735],[53.29781,-15.017822],[53.27617,-14.847041],[-61.42838,-21.326952,"1879413347"],[-60.971043,-23.597744],[-59.607674,-22.194374],[-57.16491,-20.031952],[-56.09616,-23.08373],[-54.51294,-17.649033,"1879413346"],[-53.898476,-17.679033,"1879413346"],[53.34857,-14.473661],[52.84078,-14.465547],[53.13242,-15.088096]],"t":"You should defeat Writhenset brood-mothers and destroy spider nests. &lt;rgb=#FF0000&gt;If Radhril is missing, and the Call Radhril skill is not avail…","kz":{"c":2}},{"i":4,"pts":[[53.088905,-15.219716],[-61.42838,-21.326952,"1879413347"],[-60.971043,-23.597744],[-59.607674,-22.194374],[-57.16491,-20.031952],[-56.09616,-23.08373],[-54.51294,-17.649033,"1879413346"],[-53.898476,-17.679033,"1879413346"],[53.34857,-14.473661],[52.84078,-14.465547],[53.13242,-15.088096]],"t":"You should return to the entrance of the spider tunnels. &lt;rgb=#FF0000&gt;If Radhril is missing, and the Call Radhril skill is not available, try us…"}]}