{"n":"No Risk to the Messenger","lv":147,"maps":[],"steps":[{"i":1,"pts":[[-27.260576,17.167246],[-27.086073,16.930664],[-27.014208,16.93747],[-27.159199,16.971718],[-27.1908,17.166103],[-27.097597,17.189306],[-27.025948,17.341484],[-27.124033,17.4141],[-27.109404,17.27747],[-27.162245,17.503788],[-27.287079,17.46372],[-27.280224,17.321436],[-26.713993,17.120878],[-26.618408,16.931377],[-26.4,16.99788],[-26.346533,17.146181],[-26.503231,17.15077],[-26.70914,17.078867],[-26.692606,17.49211],[-26.609306,17.596983],[-26.496181,17.520546],[-34.068836,-83.81745],[-34.031963,-83.98536],[-34.74364,-84.31979],[-34.583008,-84.03178],[-34.583153,-83.981445],[-34.64869,-83.6762],[-34.293514,-83.83304],[-34.21951,-83.63532],[-34.018436,-83.72196],[-34.077187,-84.050415],[-114.82711,-16.712168],[-114.824646,-16.687422]],"t":"Girgish provided you with a letter you should post within the Haradrim encampment located to the south and west of Jax Phanâl. She also instructed you…","kz":{"c":18}},{"i":2,"pts":[[-113.87717,-14.614081]],"t":"With the grisly aspect of the task done and the message to the Haradrim posted, it is time to return to Girgish at Jax Phanâl."}]}