{"n":"End Dolvaethor's Menace","lv":0,"maps":["1879089971","1879184735"],"steps":[{"i":1,"pts":[[-145.33171,72.29951,"1879184735"],[53.86828,-62.900494,"1879089971"],[-145.31886,72.22515,"1879184735"],[53.88113,-62.974846,"1879089971"]],"t":"Dolvaethor is inside Haudh Valandil on the island upon which stands Ost Elendil, beyond the bridge of Ariant, in Annúminas. Glangilith has asked you t…","kz":{"c":1}}]}