{"n":"Year 10 Tales: Bilbo","lv":0,"maps":["1879051240","1879101641","1879112076","1879457147"],"steps":[{"i":1,"pts":[[54.139744,-33.048203,"1879457147"],[54.139706,-33.04545,"1879457147"],[53.905937,63.529766],[-71.55561,-29.840899,"1879101641"],[-71.54511,-29.90082,"1879101641"],[-71.43274,-29.905928,"1879101641"],[-71.49623,-29.786055,"1879101641"],[-71.42801,-29.822313,"1879101641"],[-71.477844,-29.925663,"1879101641"],[-18.14661,-31.179335,"1879051240"],[50.782265,66.80013],[50.784744,66.80013],[11.660634,51.771248],[11.774502,51.80691],[12.077432,51.883102],[12.231484,51.986736],[12.501035,52.079727],[55.64824,-63.303753],[55.473434,-63.56135],[55.855938,-63.56135],[55.53793,-63.849403],[55.71326,-63.849403],[55.8316,-63.282093],[4.2809176,-23.345478,"1879112076"]],"t":"Cards hang from the Party Tree. Each card contains a scavenger hunt to complete at your own pace.","kz":{"c":8}}]}