{"n":"Taming the Wildwood","lv":45,"maps":[],"steps":[{"i":1,"pts":[[-55.47663,-18.460508],[-55.395527,-18.442596],[-55.368164,-18.587471],[-55.35707,-18.642256],[-55.29064,-18.77289],[-55.29454,-18.70372],[-55.13578,-18.63542],[-55.091415,-18.634384],[-55.162323,-18.717323],[-55.212353,-18.752949],[-55.113113,-18.507694],[-55.006767,-18.46419],[-55.073162,-18.44001],[-55.376816,-18.178808],[-55.355206,-18.212872],[-55.308895,-18.21753],[-55.449238,-18.144012],[-55.493397,-18.235537],[-55.560818,-18.357891],[-55.520077,-18.534931],[-55.197754,-18.270489],[-55.37335,-18.07997],[-55.542187,-18.09668],[-55.34831,-18.253202],[-55.435154,-18.110683],[-55.356045,-18.292715],[-55.208847,-17.636543],[-55.223816,-17.638418],[-55.257694,-17.582598],[-55.315662,-17.526436],[-55.333973,-17.405869],[-55.42244,-17.462206],[-55.397938,-17.290985],[-55.227596,-17.746933],[-55.275604,-17.767197],[-55.15162,-17.646357],[-55.322323,-17.677216],[-55.460075,-17.257187],[-55.159958,-17.779823],[-55.208298,-17.8141],[-55.27623,-17.82713],[-55.320496,-17.927803],[-55.246513,-17.96625],[-55.281063,-18.247461],[-55.499275,-18.21664],[-55.408974,-18.080957],[-55.57149,-18.217344],[-55.159824,-18.245752],[-55.29339,-18.068945],[-55.262615,-17.665215],[-55.1713,-17.5645],[-55.35626,-17.531767],[-55.354317,-17.408926],[-55.330017,-17.358946],[-55.29786,-17.331953],[-55.41196,-17.30747],[-55.434315,-17.546944],[-55.239216,-17.39419],[-55.3165,-17.230469],[-55.43244,-17.495205],[-55.287567,-17.98878],[-54.874306,-17.687744],[-55.446026,-17.651592]],"t":"Bittercreep, stenchwort, and wilderyew saplings can be found in the northern Wildwood. Thornmane has asked you to deal with some botanical issues in t…","kz":{"c":8}},{"i":2,"pts":[[-56.07032,-18.863094]],"t":"Thornmane is in the central Wildwood. You should talk to Thornmane."}]}