{"n":"Havoc in Eshadûr","lv":1,"maps":[],"steps":[{"i":1,"pts":[[-85.50465,-22.539297],[-85.24111,-22.792597],[-85.139725,-23.250244],[-84.518295,-23.338661],[-84.74569,-23.12245],[-84.85826,-22.99668],[-84.52642,-22.555498],[-84.547905,-22.5037],[-84.720184,-22.58164],[-84.98664,-22.408651],[-84.43551,-22.55995],[-84.70742,-22.526445],[-84.60381,-22.469473]],"t":"Search Eshadûr for explosive black powder, and destroy any containers of the substance you find.","kz":{"c":12}}]}