{"n":"Mission: Darkness in the Mist","lv":1,"maps":["1879102356"],"steps":[{"i":1,"pts":[[6.469697,-25.468418],[7.04458,-24.545439,"1879102356"]],"t":"Talk to Thorgest."},{"i":2,"pts":[[7.038525,-24.533163,"1879102356"]],"t":"Head to the Hrimbarg's courtyard!"},{"i":3,"pts":[[7.0913963,-24.636084,"1879102356"],[6.86665,-24.275566,"1879102356"],[7.096572,-24.336855,"1879102356"]],"t":"Defend Hrimbarg.","kz":{"c":6}}]}