{"n":"Victory in Defeat","lv":100,"maps":[],"steps":[{"i":1,"pts":[[-37.52163,-85.178795],[-37.546524,-85.174126],[-37.572197,-85.17035],[-37.59497,-85.18005],[-37.4607,-85.15981],[-37.436024,-85.14993],[-37.309822,-85.14285],[-37.27673,-85.14136],[-37.253387,-85.129715],[-36.925194,-85.136345],[-36.950577,-85.150894],[-36.898045,-85.132065],[-37.07802,-85.14235],[-37.110332,-85.133865],[-37.144394,-85.14261],[-36.796932,-85.09271],[-36.77951,-85.07834],[-36.767754,-85.05711],[-36.745605,-85.04457],[-36.728992,-85.02813]],"t":"Half-trolls and men devoted to the Heirs of Castamir can be found in Hata Kebir in south-eastern Lebennin. Jajax has asked you to help him weaken the …","kz":{"c":4}}]}