{"n":"Challenge: Raising Spirits","lv":0,"maps":["1879202774"],"steps":[{"i":1,"pts":[[53.14953,-102.16071,"1879202774"]]}]}