{"n":"Raid on Rung-shakam","lv":130,"maps":[],"steps":[{"i":1,"pts":[[-137.77379,68.11645],[-137.97401,68.391525],[-137.3824,68.13863],[-137.38287,68.09564],[-137.4814,68.03959],[-137.51205,67.97932],[-137.60236,67.8733],[-137.56084,67.9116],[-137.92023,68.299805]],"t":"Orcs, goblins, trolls, and Orkish drums can be found at Rung-shakam. King Thráin has commanded you to join in the assault at Rung-shakam. You should a…","kz":{"c":14}},{"i":2,"pts":[[-137.51207,68.05474]],"t":"You have done much to hinder the Orcs and their vile allies at Rung-shakam. You should raise a banner of the Haban'akkâ of Thráin at Rung-shakam."}]}