{"n":"Mission: Marked","lv":1,"maps":["1879205397","1879205400","1879310346","1879316660","1879316664"],"steps":[{"i":1,"pts":[[-73.463554,-72.31517,"1879205397"],[-72.89921,-79.20887,"1879205397"],[-72.66774,-79.41759,"1879205397"],[-34.220867,-84.3246,"1879205400"],[55.093513,73.78516],[55.090057,73.77141],[56.55209,37.831474],[56.00049,43.904217],[-34.178417,-84.61687,"1879316660"]],"t":"I looked my friend over and asked if they could continue...."},{"i":3,"pts":[[-72.97087,-78.4581,"1879205397"]],"t":"At last, Yarikh came into view. Two of his lieutenants flanked him near a serviceable launch they were trying to get into the sea. We wasted no time t…","kz":{"c":1}},{"i":4,"pts":[[-66.81948,-19.10576],[-66.54262,-17.691698,"1879316664"],[-41.520046,-44.867413,"1879310346"],[-40.822166,-45.1366,"1879310346"],[-73.463554,-72.31517,"1879205397"],[-72.89921,-79.20887,"1879205397"],[-72.817726,-78.4083,"1879205397"],[-34.220867,-84.3246,"1879205400"],[55.093513,73.78516],[55.090057,73.77141],[56.00049,43.904217],[-34.178417,-84.61687,"1879316660"]],"t":"Yarikh's boat slipped out of sight as my blade wet itself on Akhât's corpse. Behind me, I heard a gasp and sputter for air... my friend."}]}