{"n":"Keeping the Flame Lit","lv":152,"maps":[],"steps":[{"i":1,"pts":[[-48.1565,-48.692913],[-47.889053,-48.975525],[-47.65876,-48.764107],[-47.931843,-48.69846],[-47.91208,-48.678238],[-48.029686,-48.509403],[-48.353096,-48.596245],[-48.23119,-48.89352],[-47.972168,-49.040264],[-47.740047,-49.145752],[-47.782948,-48.317513],[-47.809364,-48.350933],[-48.12656,-48.295486],[-48.173935,-48.21635],[-48.208935,-48.00035],[-48.23618,-47.877834],[-48.35036,-47.973022],[-47.69697,-47.70904],[-47.691833,-47.75806]],"t":"Baráil in Sâr Marsag has asked you to travel west to Hadrudád and collect suitable firewood to keep their flame lit as well as defeat any of the monst…","kz":{"c":5}},{"i":2,"pts":[[-45.0553,-48.141174]],"t":"Return to Baráil in Sâr Marsag with the firewood you have collected to keep the flame lit."}]}