{"n":"Búshatap: Beating Wings","lv":131,"maps":[],"steps":[{"i":1,"pts":[[-112.6729,-50.246536],[-113.0553,-50.282364],[-112.3018,-50.244514]],"t":"Búshatap can be found in Máttugard. You should defeat bats and destroy their perches at Búshatap."},{"i":2,"pts":[[-113.25989,-50.451874],[-112.753494,-50.208076],[-112.88639,-50.284954],[-112.865,-50.152435],[-112.42426,-50.33748],[-112.575905,-50.358154],[-113.07111,-50.4908],[-112.50601,-50.28305],[-112.53851,-50.20976],[-113.120125,-50.43622],[-112.36444,-50.32198],[-112.3774,-50.11725]],"t":"Búshatap can be found in Máttugard. You should defeat bats and destroy their perches at Búshatap.","kz":{"c":10}}]}