{"n":"Toll Oivas: Vile Runes","lv":135,"maps":["1879420251"],"steps":[{"i":1,"pts":[[-74.87458,51.604843,"1879420251"]]},{"i":2,"pts":[[-75.45121,52.055603,"1879420251"],[-75.376686,52.061993,"1879420251"],[-75.31764,51.857224,"1879420251"],[-75.68251,51.63004,"1879420251"],[-75.76842,51.54615,"1879420251"],[-75.076645,51.861443,"1879420251"],[-75.127815,51.79205,"1879420251"],[-75.07434,51.531094,"1879420251"],[-75.420845,51.63613,"1879420251"],[-75.25078,51.524063,"1879420251"],[-75.32609,51.599724,"1879420251"],[-75.27666,51.69594,"1879420251"]],"t":"Angmarim ritual idols can be found within Toll Oivas in Câr Bronach. Within the caverns of Toll Oivas, servants of the Iron Crown work their foul sorc…"}]}