{"n":"Breaking the Chains","lv":113,"maps":[],"steps":[{"i":1,"pts":[[19.395176,-63.367577],[19.573984,-62.830204],[20.01709,-63.861923],[19.8791,-63.981823],[19.815565,-63.449085],[19.814901,-63.46057],[19.69334,-62.83777],[19.689941,-62.837482],[19.754805,-63.382088],[19.618769,-63.381947],[19.73492,-62.672955],[19.748476,-62.77891],[19.748516,-62.67334],[19.748281,-62.61931]],"t":"Orodir is located next to Naerband. You should destroy shackles and defeat foes in Orodir.","kz":{"c":10}}]}