{"n":"The Talon's Clutch","lv":1,"maps":["1879518099"],"steps":[{"i":1,"pts":[[-143.42421,-102.46555],[-143.91684,49.84191,"1879518099"],[-143.65454,49.411972,"1879518099"],[-143.78644,50.255566,"1879518099"],[-143.37509,50.261833,"1879518099"],[-143.66086,50.50664,"1879518099"],[-143.96565,50.356113,"1879518099"],[-144.05228,49.70369,"1879518099"],[-143.63336,49.574707,"1879518099"],[-143.03525,50.023438,"1879518099"]],"t":"Search for clues as to the travellers' whereabouts... or their fate.","kz":{"c":6}},{"i":2,"pts":[[-143.37308,49.552128,"1879518099"]],"t":"Search for travellers near the rear of the cave."},{"i":3,"pts":[[-143.24214,49.548046,"1879518099"]],"t":"Search for travellers near the rear of Khatzâla."},{"i":4,"pts":[[-144.13268,50.100662,"1879518099"]],"t":"You hear a great screech from behind you. Run!"}]}