{"n":"A War-like Word-hoard","lv":100,"maps":[],"steps":[{"i":1,"pts":[[-18.27002,-66.2774]],"t":"Talk to Dúrbethir in the Fourth Circle and ask how you can help him compose a war poem."},{"i":2,"pts":[[-18.733955,-63.844036],[-18.21125,-63.96469],[-18.217323,-64.04932],[-18.214258,-63.943226],[-18.389608,-63.911118],[-18.402813,-63.848465],[-18.352364,-64.09743],[-18.077509,-64.00421]],"t":"Soldiers can be found training and making ready in the Second Circle. Dúrbethir asked that you go among the soldiers and listen to them train, as well…"},{"i":3,"pts":[[-15.872637,-70.89354],[-15.7726755,-70.7909],[-15.26624,-70.97664],[-15.39498,-70.82219],[-15.201601,-62.2614],[-14.814531,-61.709686],[-14.126299,-66.32674],[-14.232519,-66.37032],[-14.339072,-62.54477],[-14.570449,-61.74209],[-13.635693,-69.438896],[-13.87711,-69.58738],[-13.432197,-69.06269],[-13.772705,-69.063446],[-13.725996,-66.65398],[-13.756592,-66.26521],[-15.640703,-71.02205],[-15.589306,-70.83921],[-15.458359,-71.007324],[-15.500468,-71.1148],[-15.138974,-61.632973],[-15.16372,-61.911507],[-14.039013,-66.071655],[-14.151904,-66.5113],[-14.780742,-61.604458],[-14.70954,-61.893105],[-13.778554,-69.55074],[-13.599794,-69.27047],[-13.588066,-69.50037],[-13.748017,-69.27958],[-13.89416,-66.33703],[-13.670488,-66.5799]],"t":"Pillaged farmsteads and the enemy army can be found across the Pelennor, outside Minas Tirith. Dúrbethir asked that you find ruined farmsteads and gat…","kz":{"c":4}},{"i":4,"pts":[[-18.27002,-66.2774]],"t":"Return to Dúrbethir in the Fourth Circle of Minas Tirith."}]}