{"n":"A Personal Plea","lv":1,"maps":["1879502339"],"steps":[{"i":1,"pts":[[53.83209,50.46867,"1879502339"],[53.842987,50.480682,"1879502339"],[53.854862,50.553493,"1879502339"],[53.83197,50.560154,"1879502339"],[53.850254,50.647243,"1879502339"],[53.835938,50.66584,"1879502339"],[53.831463,50.758884,"1879502339"],[54.139706,50.46248,"1879502339"],[54.13215,50.48164,"1879502339"],[54.12279,50.57412,"1879502339"],[54.15379,50.56203,"1879502339"],[54.13238,50.667206,"1879502339"],[54.1275,50.75988,"1879502339"]],"t":"Your mission is to reach the Ekhamâti camp where they are holding prisoners and free any that you can. Then put an end to the executioner before he ca…","kz":{"c":6}},{"i":2,"pts":[[53.994648,50.662403,"1879502339"]],"t":"Find and defeat the Ekhamâti executioner!","kz":{"c":1}}]}