{"n":"The Spectre and the Shadow, Part 2","lv":153,"maps":["1879516527"],"steps":[{"i":1,"pts":[[-50.120743,-58.32644,"1879516527"]],"t":"Meet with Khaljûn outside the Blade-horn. The Blade-horn can be found south-east of Sormedân."},{"i":2,"pts":[[53.815662,41.2299]],"t":"Enter the interior of the Blade-horn."},{"i":3,"pts":[[54.082733,41.356228],[53.92787,41.365604],[54.043106,41.49945],[53.925293,41.500603],[54.08441,41.106384],[54.05795,40.963573],[54.047344,40.91162],[53.919724,40.967148]],"t":"Defeat the Tasked Ones and search for books mentioning the Tarsâri within the Blade-horn.","kz":{"c":10}},{"i":4,"pts":[[-50.120743,-58.32644,"1879516527"]],"t":"Speak with Khaljûn outside the Blade-horn."}]}