{"n":"A New Gem - Bracelet","lv":0,"maps":["1879147411"],"steps":[{"i":2,"pts":[[51.94033,43.66367],[-2.1125097,-64.52197,"1879147411"]]}]}