{"n":"Mission: Wonder of the Deep","lv":1,"maps":["1879417814"],"steps":[{"i":1,"pts":[[46.502167,61.04873,"1879417814"],[46.650837,60.901756,"1879417814"],[46.800213,60.90381,"1879417814"],[46.94867,61.49707,"1879417814"],[47.09959,61.20109,"1879417814"],[46.350643,61.051033,"1879417814"],[46.349022,61.349022,"1879417814"],[46.502266,61.34955,"1879417814"],[46.95084,60.903065,"1879417814"],[46.799587,61.497517,"1879417814"],[46.20109,61.199394,"1879417814"],[46.64947,61.498436,"1879417814"]],"t":"Protecting the large geode from dwarf-wight miners.","kz":{"c":1}}]}