{"n":"The Madness of Thraknûl","lv":113,"maps":["1879353727"],"steps":[{"i":1,"pts":[[18.651014,-63.79836,"1879353727"],[53.44488,8.454648],[52.88861,8.454648],[52.88861,9.336709],[53.78209,9.336709]],"t":"Naerband is located in Talath Úrui. You should defeat Uruk torturers and destroy torture devices in Naerband."},{"i":2,"pts":[[53.268024,8.451172],[53.22133,8.517451],[53.220722,8.410468],[53.825935,9.559317],[53.828846,9.457236],[53.32588,9.491767],[53.239647,8.371943],[53.15074,8.649219],[53.14996,8.381387],[53.111347,8.467129],[53.15328,8.584316]],"t":"Naerband is located in Talath Úrui. You should defeat Uruk torturers and destroy torture devices in Naerband.","kz":{"c":6}}]}