{"n":"Mur Shatraug: Supplies for the Gabil'akkâ","lv":135,"maps":[],"steps":[{"i":1,"pts":[[-70.63012,48.152676],[-70.63012,48.3274]]},{"i":2,"pts":[[-70.87366,48.39318],[-70.81292,48.237793],[-70.880005,48.207127],[-70.97769,48.31742],[-71.03268,48.33492],[-70.90188,48.1524],[-70.404236,48.234882],[-70.38215,48.15787],[-70.24447,48.337967],[-70.30626,48.261738],[-70.46591,48.285313],[-70.3252,48.44793],[-70.238625,48.498806],[-70.487236,48.50494]],"t":"Dourhand supply-crates can be found at Mur Shatraug in Câr Bronach. Encamped at Mur Shatraug, the Witch-gate, the Dourhands loyal to the Iron Crown du…"}]}