{"n":"The Orkish Path","lv":100,"maps":[],"steps":[{"i":1,"pts":[[-48.69457,-71.11452],[-48.69252,-71.22084],[-48.427402,-71.08648],[-48.41624,-71.2],[-48.00248,-70.88043],[-47.943584,-70.90801]],"t":"Orc structures can be found north-east of Ethring. Destroy Orkish structures in Ringló Vale.","kz":{"c":4}}]}