{"n":"Stop the Production","lv":1,"maps":[],"steps":[{"i":1,"pts":[[-50.845818,-24.077587],[-51.081707,-23.839668],[-51.20534,-23.75417],[-51.165234,-24.20329],[-51.300594,-23.949091],[-51.380623,-24.030243],[-51.42702,-23.934374],[-51.45986,-24.056973]],"t":"Your mission is to travel to Zikrum-dûl to defeat the apothecaries and their leader, as well as destroy their workstations.","kz":{"c":6}},{"i":2,"pts":[[-51.580273,-23.942167]],"t":"Find and defeat Samûku in Zikrum-dûl.","kz":{"c":1}}]}