{"n":"Counting the Stores","lv":100,"maps":["1879328706"],"steps":[{"i":1,"pts":[[52.92209,64.24135]],"t":"The Middle Stores are in the southern part of the Third Circle. You should speak with Rastion, the Middle Stores worker, before you start taking inven…"},{"i":2,"pts":[[53.131367,64.15],[53.137478,64.16549],[52.9791,64.25556],[52.967186,64.1499],[53.101463,64.24191],[52.961426,64.16525],[53.09203,64.1032],[53.05703,64.09877],[52.92455,64.158806],[52.994648,64.151245],[53.10689,64.15295],[52.99455,64.20593],[53.087517,64.252106],[53.01314,64.34527],[52.978592,64.34527],[52.994335,64.24191],[53.12951,64.055275]],"t":"The Middle Stores are in the southern part of the Third Circle. You should tally sacks of grain in the Middle Stores and keep an eye out for any rats.","kz":{"c":10}},{"i":3,"pts":[[52.92209,64.24135]],"t":"The Middle Stores are in the southern part of the Third Circle. You should speak with Rastion, and let him know that you are finished in the Middle St…"},{"i":4,"pts":[[-17.931181,-64.76075,"1879328706"]],"t":"Lintanar can be found in the northern part of the Third Circle. You should speak with Lintanar."}]}