{"n":"Survival -- Barrow-downs Phase 1","lv":45,"maps":[],"steps":[{"i":1,"pts":[[-55.175,-31.973925],[-55.175,-31.965254],[-55.175,-31.957167]]}]}