{"n":"Strangling Webs","lv":105,"maps":["1879339259"],"steps":[{"i":1,"pts":[[55.18,24.456024]]},{"i":2,"pts":[[54.961914,24.25908],[55.256016,24.442421],[54.855095,24.438799],[54.788513,24.472403],[54.969765,24.1925],[54.788513,24.430946],[54.9283,24.1925],[55.068417,24.712187],[55.034824,24.645605],[55.02697,24.712187],[55.140137,24.46408]],"t":"Spiders and their webs can be found within the old Ranger refuge of Thurindath in south-eastern North Ithilien. You have discovered the refuge of Thur…","kz":{"c":8}},{"i":3,"pts":[[-7.952334,-48.14247,"1879339259"]],"t":"Mablung can be found at Henneth Annûn. You have cleared the old Ranger refuge of Thurindath of spiders and their webs, but you should inform the Range…"}]}