{"n":"Feasting on the Forest","lv":95,"maps":[],"steps":[{"i":1,"pts":[[-79.32341,-39.51543],[-79.02176,-38.828396],[-78.81387,-39.304638],[-78.78039,-38.81461],[-78.32624,-38.897224],[-78.50923,-39.413807],[-78.73552,-38.48035],[-78.48747,-38.54334],[-78.682495,-38.05378]],"t":"Gredbyg can be found under rotting stumps throughout southern Fangorn. The Huorn has expressed naught but contempt for the gredbyg chewing upon the tr…","kz":{"c":20}}]}