{"n":"The Darkness in Caras Tilion","lv":115,"maps":[],"steps":[{"i":1,"pts":[[-39.785282,13.08626],[-40.15128,13.08626],[-39.190712,13.08626],[-38.648144,11.955986],[-38.53877,12.463564],[-38.45993,13.353027],[-38.45993,14.240605],[-37.74074,13.631484]],"t":"You should investigate Caras Tilion, which can be found in the mountains at the southern edge of Eryn Lasgalen."},{"i":2,"pts":[[-38.475887,14.325937],[-38.45881,12.591494],[-37.699677,13.627402],[-38.463993,13.386913]],"t":"Caras Tilion can be found in the mountains at the southern edge of Eryn Lasgalen. You should investigate Caras Tilion and defeat any of the darkness w…","kz":{"c":6}},{"i":3,"pts":[[-39.785282,13.08626],[-40.15128,13.08626],[-39.190712,13.08626],[-38.648144,11.955986],[-38.53877,12.463564],[-38.45993,13.353027],[-38.45993,14.240605],[-37.74074,13.631484]],"t":"Having explored and dealt with the shadows, you should reconvene with Oroniel in Caras Tilion."},{"i":4,"pts":[[-38.47155,14.553359]],"t":"You should go quickly to Oroniel, where she called out for aid in Caras Tilion."}]}