{"n":"Year 4 Tales: Aragorn","lv":0,"maps":["1879048557"],"steps":[{"i":1,"pts":[[-5.2601757,-26.701015],[53.25205,1.2079492],[53.250626,1.2196094],[-36.8779,-31.21167,"1879048557"],[-37.101044,-31.31158,"1879048557"],[-36.727566,-31.43418,"1879048557"],[-36.881973,-31.212725,"1879048557"],[-37.096043,-31.31158,"1879048557"],[-36.72257,-31.43418,"1879048557"],[-67.952644,-12.349072],[-67.82443,-12.21291],[-67.67455,-11.652773],[-67.65207,-11.607558],[-67.8249,-11.665127],[-68.25124,-12.005839],[-67.98042,-12.284472],[-67.97069,-12.15371],[-67.649536,-12.175869],[-67.735245,-12.079297],[-68.13264,-12.020059],[-68.07905,-11.71124],[-67.74673,-12.316445],[-68.18394,-12.090713],[-68.11674,-11.861943],[-68.18085,-11.845517],[-67.88804,-12.363477],[-67.56371,-11.934384],[-67.48867,-12.032803],[-67.43262,-11.919063],[-67.473434,-11.793642],[-67.528435,-11.649697],[-67.39233,-11.972744],[-67.41706,-11.720947],[-56.145184,-50.132282],[-69.265495,-73.29587],[-74.15931,-44.245804],[-74.67231,-43.403427],[-34.65658,-83.14314],[-12.798281,-46.73778],[-14.547353,-65.65372]],"t":"Cards hang from the Party Tree. Each card contains a scavenger hunt to complete at your own pace.","kz":{"c":10}}]}