{"n":"Tham Nambarth","lv":34,"maps":[],"steps":[{"i":1,"pts":[[-65.61868,-12.03375],[-65.3592,-11.761738],[-65.30786,-12.145732],[-65.900635,-12.150391],[-65.49675,-11.737666],[-65.297935,-12.068398],[-65.95197,-11.796592],[-65.19935,-12.337842]],"t":"Tham Nambarth is in the Twilight Fields, east of Tinnudir. Orchalwë's journal details several things that are currently assailing the ruins of Tham Na…","kz":{"c":6}}]}